company,location,state,industry,total_laid_off,percentage_laid_off,date,stage,country,funds_raised_millions,role,department,employee_type,reason,company_size,source
Freshworks,Hyderabad,Telangana,SaaS,258,0.032,2026-06-13,Post-IPO,India,484,Software Engineer,Engineering,Full-time,Automation,Startup,Synthetic Practice Data
Freshworks,Hyderabad,Telangana,SaaS,725,0.054,2022-02-25,Post-IPO,India,484,Product Manager,Product,Contract,Market conditions,Enterprise,Synthetic Practice Data
TCS,Chennai,Tamil Nadu,IT Services,400,0.21,2021-10-20,Post-IPO,India,0,QA Engineer,Quality Assurance,Contract,Restructuring,Medium,Synthetic Practice Data
Accenture India,Mumbai,Maharashtra,IT Services,152,0.189,2022-01-22,Private,India,0,Sales Executive,Sales,Part-time,Economic slowdown,Enterprise,Synthetic Practice Data
Swiggy,Bengaluru,Karnataka,Food Delivery,1198,0.092,2021-03-26,Post-IPO,India,3600,DevOps Engineer,Engineering,Contract,Business shutdown,Enterprise,Synthetic Practice Data
Udaan,Mumbai,Maharashtra,E-commerce,674,0.067,2023-03-20,Late Stage,India,1200,Operations Executive,Operations,Part-time,Business shutdown,Startup,Synthetic Practice Data
Lenskart,New Delhi,Delhi,Retail,355,0.068,2021-02-24,Late Stage,India,1500,Customer Support Executive,Customer Support,Intern,Economic slowdown,Large,Synthetic Practice Data
Meesho,Mumbai,Maharashtra,E-commerce,28,0.132,2021-01-20,Late Stage,India,1200,Software Engineer,Engineering,Part-time,Automation,Medium,Synthetic Practice Data
Policybazaar,Mumbai,Maharashtra,Financial Services,589,0.037,2021-12-09,Post-IPO,India,800,Business Analyst,Business,Contract,Merger and acquisition,Large,Synthetic Practice Data
Accenture India,Chennai,Tamil Nadu,IT Services,24,0.149,2025-04-12,Private,India,0,QA Engineer,Quality Assurance,Part-time,Restructuring,Startup,Synthetic Practice Data
Zomato,Bengaluru,Karnataka,Food Delivery,862,0.138,2024-03-24,Post-IPO,India,2500,Data Analyst,Analytics,Intern,Business shutdown,Small,Synthetic Practice Data
Moglix,Bengaluru,Karnataka,E-commerce,111,0.125,2023-01-31,Late Stage,India,650,Senior Software Engineer,Engineering,Contract,Performance optimization,Medium,Synthetic Practice Data
Myntra,Mumbai,Maharashtra,E-commerce,98,0.115,2021-02-02,Late Stage,India,500,HR Executive,Human Resources,Part-time,Funding issues,Small,Synthetic Practice Data
Swiggy,Bengaluru,Karnataka,Food Delivery,424,0.228,2025-12-22,Post-IPO,India,3600,Software Engineer,Engineering,Full-time,Economic slowdown,Startup,Synthetic Practice Data
Ather Energy,Bengaluru,Karnataka,Automotive,253,0.13,2022-07-14,Late Stage,India,500,Recruiter,Human Resources,Part-time,Market conditions,Startup,Synthetic Practice Data
Ather Energy,Chennai,Tamil Nadu,Automotive,489,0.042,2024-06-25,Late Stage,India,500,Data Analyst,Analytics,Full-time,Automation,Large,Synthetic Practice Data
Meesho,Bengaluru,Karnataka,E-commerce,530,0.146,2026-06-26,Late Stage,India,1200,Project Manager,Project Management,Contract,Performance optimization,Startup,Synthetic Practice Data
BYJU'S,Bengaluru,Karnataka,EdTech,379,0.217,2022-09-05,Late Stage,India,5500,Data Scientist,Data Science,Full-time,Economic slowdown,Startup,Synthetic Practice Data
Freshworks,Chennai,Tamil Nadu,SaaS,1028,0.141,2025-10-22,Post-IPO,India,484,Recruiter,Human Resources,Contract,Market conditions,Startup,Synthetic Practice Data
Ather Energy,,Tamil Nadu,Automotive,298,0.057,2022-03-13,Late Stage,India,500,Software Engineer,Engineering,Contract,Restructuring,Small,Synthetic Practice Data
PhonePe,Mumbai,Maharashtra,FinTech,324,0.135,2022-05-26,Late Stage,India,2200,Software Engineer,Engineering,Part-time,Automation,Large,Synthetic Practice Data
Unacademy,Jaipur,Rajasthan,EdTech,495,0.155,2024-12-03,Late Stage,India,800,Operations Executive,Operations,Contract,Funding issues,Small,Synthetic Practice Data
Udaan,Gurugram,Haryana,E-commerce,655,0.07,2021-06-15,Late Stage,India,1200,Data Scientist,Data Science,Intern,Merger and acquisition,Medium,Synthetic Practice Data
Wipro,Hyderabad,Telangana,IT Services,226,0.047,2023-08-03,Post-IPO,India,0,UI/UX Designer,Design,Part-time,Cost cutting,Enterprise,Synthetic Practice Data
OYO,Gurugram,Haryana,Travel,551,0.047,2022-07-12,Post-IPO,India,4300,Recruiter,Human Resources,Full-time,Economic slowdown,Startup,Synthetic Practice Data
TCS,Bengaluru,Karnataka,IT Services,275,0.142,2025-07-25,Post-IPO,India,0,DevOps Engineer,Engineering,Part-time,Restructuring,Medium,Synthetic Practice Data
PharmEasy,Bengaluru,Karnataka,HealthTech,143,0.054,2022-02-08,Late Stage,India,1200,Data Analyst,Analytics,Contract,Economic slowdown,Medium,Synthetic Practice Data
CRED,Mumbai,Maharashtra,FinTech,273,0.186,2021-11-21,Late Stage,India,1000,Software Engineer,Engineering,Contract,Market conditions,Startup,Synthetic Practice Data
Freshworks,Hyderabad,Telangana,SaaS,193,0.091,2025-03-23,Post-IPO,India,484,Marketing Executive,Marketing,Contract,Funding issues,Small,Synthetic Practice Data
TCS,Hyderabad,Telangana,IT Services,283,0.172,2023-07-03,Post-IPO,India,0,Senior Software Engineer,Engineering,Intern,Restructuring,Startup,Synthetic Practice Data
Razorpay,Mumbai,Maharashtra,FinTech,167,0.201,2026-04-06,Late Stage,India,800,Product Manager,Product,Intern,Economic slowdown,Medium,Synthetic Practice Data
Ather Energy,Pune,Maharashtra,Automotive,319,0.222,2023-06-25,Late Stage,India,500,Recruiter,Human Resources,Contract,Market conditions,Medium,Synthetic Practice Data
Accenture India,Mumbai,Maharashtra,IT Services,31,0.132,2025-03-01,Private,India,0,Data Analyst,Analytics,Part-time,Merger and acquisition,Startup,Synthetic Practice Data
Curefit,Mumbai,Maharashtra,HealthTech,391,0.144,2025-11-19,Late Stage,India,700,UI/UX Designer,Design,Full-time,Merger and acquisition,Large,Synthetic Practice Data
Udaan,Gurugram,Haryana,E-commerce,242,0.206,2022-07-31,Late Stage,India,1200,Recruiter,Human Resources,Part-time,Strategic restructuring,Enterprise,Synthetic Practice Data
Swiggy,Mumbai,Maharashtra,Food Delivery,305,0.067,2024-09-12,Post-IPO,India,3600,Recruiter,Human Resources,Full-time,Cost cutting,Small,Synthetic Practice Data
CRED,Mumbai,Maharashtra,FinTech,358,0.16,2024-07-04,Late Stage,India,1000,Operations Executive,Operations,Contract,Funding issues,Medium,Synthetic Practice Data
Unacademy,New Delhi,Delhi,EdTech,173,0.23,2022-09-22,Late Stage,India,800,Recruiter,Human Resources,Contract,Cost cutting,Large,Synthetic Practice Data
Udaan,Mumbai,Maharashtra,E-commerce,243,0.179,2026-02-12,Late Stage,India,1200,Data Scientist,Data Science,Contract,Economic slowdown,Startup,Synthetic Practice Data
ShareChat,Mumbai,Maharashtra,Social Media,432,0.063,2025-06-25,Late Stage,India,1300,Customer Support Executive,Customer Support,Contract,Strategic restructuring,Large,Synthetic Practice Data
Flipkart,Kolkata,West Bengal,E-commerce,67,0.108,2022-10-14,Late Stage,India,8700,Finance Analyst,Finance,Part-time,Restructuring,Medium,Synthetic Practice Data
Razorpay,Gurugram,Haryana,FinTech,365,0.177,2024-12-26,Late Stage,India,800,Data Scientist,Data Science,Full-time,Business shutdown,Small,Synthetic Practice Data
OYO,Gurugram,Haryana,Travel,730,0.073,2026-02-19,Post-IPO,India,4300,DevOps Engineer,Engineering,Part-time,Cost cutting,Large,Synthetic Practice Data
Ather Energy,Bengaluru,Karnataka,Automotive,554,0.051,2026-01-06,Late Stage,India,500,Data Analyst,Analytics,Intern,Performance optimization,Small,Synthetic Practice Data
Myntra,Gurugram,Haryana,E-commerce,300,0.095,2022-07-10,Late Stage,India,500,QA Engineer,Quality Assurance,Full-time,Business shutdown,Small,Synthetic Practice Data
Tech Mahindra,Bengaluru,Karnataka,IT Services,1000,0.149,2024-12-10,Post-IPO,India,0,Data Scientist,Data Science,Contract,Cost cutting,Medium,Synthetic Practice Data
Paytm,Noida,Uttar Pradesh,FinTech,33,0.088,2024-01-25,Post-IPO,India,5000,Marketing Executive,Marketing,Full-time,Market conditions,Small,Synthetic Practice Data
Udaan, Mumbai,Maharashtra,E-commerce,616,0.028,2021-02-08,Late Stage,India,1200,Marketing Executive,Marketing,Intern,Merger and acquisition,Small,Synthetic Practice Data
Ola,Chennai,Tamil Nadu,Transportation,612,0.069,2025-01-29,Late Stage,India,3200,Project Manager,Project Management,Part-time,Funding issues,Enterprise,Synthetic Practice Data
BYJU'S,Bengaluru,Karnataka,EdTech,156,0.143,2021-10-17,Late Stage,India,5500,Project Manager,Project Management,Intern,Business shutdown,Small,Synthetic Practice Data
Unacademy,Jaipur,Rajasthan,EdTech,569,0.11,2026-01-27,Late Stage,India,800,Marketing Executive,Marketing,Part-time,Performance optimization,Enterprise,Synthetic Practice Data
Policybazaar,New Delhi,Delhi,Financial Services,1142,0.072,2022-10-14,Post-IPO,India,800,Operations Executive,Operations,Intern,Automation,Large,Synthetic Practice Data
Zomato,Bengaluru,Karnataka,Food Delivery,562,0.04,2025-06-01,Post-IPO,India,2500,Finance Analyst,Finance,Part-time,Performance optimization,Medium,Synthetic Practice Data
HCLTech,Hyderabad,Telangana,IT Services,305,0.032,2022-01-01,Post-IPO,India,0,Customer Support Executive,Customer Support,Intern,Restructuring,Startup,Synthetic Practice Data
Udaan,Mumbai,Maharashtra,E-commerce,179,0.162,2023-04-27,Late Stage,India,1200,Sales Executive,sales,Intern,Performance optimization,Startup,Synthetic Practice Data
Paytm,Mumbai,Maharashtra,FinTech,675,0.088,2024-06-15,Post-IPO,India,5000,Product Manager,Product,Contract,Business shutdown,Large,Synthetic Practice Data
Tech Mahindra,Bengaluru,Karnataka,IT Services,863,0.058,2022-10-30,Post-IPO,India,0,Sales Executive,Sales,Intern,Restructuring,Small,Synthetic Practice Data
Ola,Mumbai,Maharashtra,Transportation,122,0.201,2021-05-03,Late Stage,India,3200,Data Scientist,Data Science,Part-time,Automation,Small,Synthetic Practice Data
Paytm,Bengaluru,Karnataka,FinTech,1064,0.07,2021-07-31,Post-IPO,India,,Finance Analyst,Finance,Full-time,Business shutdown,Startup,Synthetic Practice Data
Ola,Bengaluru,Karnataka,Transportation,446,0.199,2021-03-15,Late Stage,India,3200,QA Engineer,Quality Assurance,Contract,Cost cutting,Small,Synthetic Practice Data
Ola,Mumbai,Maharashtra,Transportation,632,0.142,2021-11-03,Late Stage,India,3200,QA Engineer,Quality Assurance,Part-time,Strategic restructuring,Large,Synthetic Practice Data
PharmEasy,Mumbai,Maharashtra,HealthTech,699,0.112,2025-05-29,Late Stage,India,1200,Data Analyst,Analytics,Full-time,Automation,Enterprise,Synthetic Practice Data
Swiggy,Hyderabad,Telangana,Food Delivery,705,0.031,2022-07-29,Post-IPO,India,3600,DevOps Engineer,Engineering,Intern,Performance optimization,Enterprise,Synthetic Practice Data
Zomato,Bengaluru,Karnataka,Food Delivery,865,0.062,2026-04-20,Post-IPO,India,2500,Business Analyst,Business,Part-time,Strategic restructuring,Small,Synthetic Practice Data
PharmEasy,Mumbai,Maharashtra,HealthTech,625,0.068,2023-08-20,Late Stage,India,1200,Finance Analyst,Finance,Intern,Cost cutting,Medium,Synthetic Practice Data
Freshworks,hyderabad,Telangana,SaaS,158,0.131,2026-08-26,Post-IPO,India,484,QA Engineer,Quality Assurance,Intern,Cost cutting,Small,Synthetic Practice Data
Unacademy,New Delhi,Delhi,EdTech,427,0.065,2022-10-08,Late Stage,India,800,Software Engineer,Engineering,Contract,Performance optimization,Enterprise,Synthetic Practice Data
Swiggy,Bengaluru,Karnataka,Food Delivery,1078,0.117,2024-01-19,Post-IPO,India,3600,Customer Support Executive,Customer Support,Contract,Business shutdown,Enterprise,Synthetic Practice Data
Paytm,Noida,Uttar Pradesh,FinTech,100,0.03,2024-06-10,Post-IPO,India,5000,Data Analyst,Analytics,Full-time,Funding issues,Small,Synthetic Practice Data
Curefit,Hyderabad,Telangana,HealthTech,644,0.115,2026-02-19,Late Stage,India,700,UI/UX Designer,,Part-time,Strategic restructuring,Medium,Synthetic Practice Data
TCS,Bengaluru,Karnataka,IT Services,177,0.089,2023-09-12,Post-IPO,India,0,Data Analyst,Analytics,Intern,Strategic restructuring,Large,Synthetic Practice Data
HCLTech,Chennai,Tamil Nadu,IT Services,100,0.051,2025-04-10,Post-IPO,India,0,Operations Executive,Operations,Full-time,Automation,Large,Synthetic Practice Data
Tech Mahindra,Bengaluru,Karnataka,IT Services,1022,0.03,2024-01-06,Post-IPO,India,0,Product Manager,Product,Intern,,Large,Synthetic Practice Data
Accenture India,Chennai,Tamil Nadu,IT Services,71,0.102,2026-06-23,Private,India,0,Sales Executive,Sales,Full-time,Restructuring,Large,Synthetic Practice Data
Ather Energy,Pune,Maharashtra,Automotive,285,0.034,2026-03-19,Late Stage,India,500,Marketing Executive,Marketing,Full-time,Merger and acquisition,Large,Synthetic Practice Data
Wipro,Kolkata,West Bengal,IT Services,1134,0.066,2025-05-19,Post-IPO,India,0,Data Scientist,Data Science,Contract,Automation,Small,Synthetic Practice Data
CRED,Gurugram,Haryana,FinTech,263,0.176,2021-12-02,Late Stage,India,1000,Finance Analyst,Finance,Contract,Merger and acquisition,Large,Synthetic Practice Data
Wipro,Kolkata,West Bengal,IT Services,202,0.036,2026-03-03,Post-IPO,India,0,Sales Executive,Sales,Part-time,Business shutdown,Large,Synthetic Practice Data
Lenskart,Gurugram,Haryana,Retail,270,0.13,2023-08-11,Late Stage,India,1500,Customer Support Executive,Customer Support,Contract,Restructuring,Medium,Synthetic Practice Data
Curefit,Hyderabad,Telangana,HealthTech,635,0.085,2025-04-24,Late Stage,India,700,Operations Executive,Operations,Intern,Merger and acquisition,Small,Synthetic Practice Data
Freshworks,Chennai,Tamil Nadu,SaaS,580,0.014,2025-09-02,Post-IPO,India,484,Business Analyst,Business,Part-time,Market conditions,Startup,Synthetic Practice Data
Razorpay,Mumbai,Maharashtra,FinTech,194,0.089,2023-01-02,Late Stage,India,800,Operations Executive,Operations,Contract,Strategic restructuring,Enterprise,Synthetic Practice Data
Udaan,,Haryana,E-commerce,341,0.118,2021-04-06,Late Stage,India,1200,Business Analyst,Business,Part-time,Business shutdown,Medium,Synthetic Practice Data
Unacademy,New Delhi,Delhi,EdTech,132,0.052,2022-05-19,Late Stage,India,800,Marketing Executive,Marketing,Part-time,Funding issues,Startup,Synthetic Practice Data
Razorpay,Bengaluru,Karnataka,FinTech,493,0.159,2023-01-09,Late Stage,India,800,Finance Analyst,Finance,Intern,Strategic restructuring,Enterprise,Synthetic Practice Data
HCLTech,Bengaluru,Karnataka,IT Services,553,0.021,2024-09-04,Post-IPO,India,0,Marketing Executive,Marketing,Contract,Economic slowdown,Enterprise,Synthetic Practice Data
Accenture India,Mumbai,Maharashtra,IT Services,23,0.196,2025-02-02,Private,India,0,UI/UX Designer,Design,Contract,Cost cutting,Small,Synthetic Practice Data
Infosys,Hyderabad,Telangana,IT Services,590,0.078,2024-02-16,Post-IPO,India,0,DevOps Engineer,Engineering,Part-time,Performance optimization,Small,Synthetic Practice Data
BYJU'S,Mumbai,Maharashtra,EdTech,440,0.241,2026-03-05,Late Stage,India,5500,Customer Support Executive,Customer Support,Intern,Cost cutting,Enterprise,Synthetic Practice Data
Curefit,Hyderabad,Telangana ,HealthTech,596,0.061,2024-07-07,Late Stage,India,700,Business Analyst,Business,Full-time,Market conditions,Enterprise,Synthetic Practice Data
Lenskart,Mumbai,Maharashtra,Retail,528,0.018,2023-12-15,Late Stage,India,1500,Finance Analyst,Finance,Contract,Automation,Enterprise,Synthetic Practice Data
Infosys,Chennai,Tamil Nadu,IT Services,840,0.062,2021-12-11,Post-IPO,India,0,Data Analyst,Analytics,Contract,Strategic restructuring,Enterprise,Synthetic Practice Data
HCLTech,Chennai,Tamil Nadu,IT Services,1016,0.046,2024-10-25,Post-IPO,India,0,QA Engineer,Quality Assurance,Contract,Funding issues,Startup,Synthetic Practice Data
Policybazaar,New Delhi,Delhi,financial services,404,0.094,2022-09-16,Post-IPO,India,800,Project Manager,Project Management,Intern,Cost cutting,Enterprise,Synthetic Practice Data
Razorpay,Mumbai,Maharashtra,FinTech,276,0.23,2024-01-05,Late Stage,India,800,Customer Support Executive,Customer Support,Intern,Automation,Small,Synthetic Practice Data
Udaan,Gurugram,Haryana,E-commerce,71,0.068,2024-03-21,Late Stage,India,1200,Sales Executive,Sales,Part-time,Business shutdown,Medium,Synthetic Practice Data
Zomato,New Delhi,Delhi,Food Delivery,643,0.144,2022-05-02,Post-IPO,India,2500,UI/UX Designer,Design,Contract,Restructuring,Large,Synthetic Practice Data
OYO,Gurugram,Haryana,Travel,422,0.13,2025-12-16,Post-IPO,India,4300,Recruiter,Human Resources,Full-time,Restructuring,Large,Synthetic Practice Data
Udaan,Mumbai,Maharashtra,E-commerce,260,0.126,2021-10-14,Late Stage,India,1200,Recruiter,Human Resources,Contract,Cost cutting,Startup,Synthetic Practice Data
Razorpay,Gurugram,Haryana,FinTech,405,0.249,2025-03-16,Late Stage,India,800,Sales Executive,Sales,Contract,Performance optimization,Startup,Synthetic Practice Data
Moglix,Bengaluru,Karnataka,E-commerce,533,0.049,2026-02-06,Late Stage,India,650,Marketing Executive,Marketing,Intern,Restructuring,Startup,Synthetic Practice Data
Ather Energy,Chennai,Tamil Nadu,Automotive,189,0.137,2022-05-14,Late Stage,India,500,QA Engineer,Quality Assurance,Full-time,Economic slowdown,Small,Synthetic Practice Data
HCLTech,Chennai,Tamil Nadu,IT Services,60,0.133,2026-05-06,Post-IPO,India,0,Senior Software Engineer,Engineering,Full-time,Strategic restructuring,Large,Synthetic Practice Data
Accenture India,Bengaluru,Karnataka,IT Services,248,0.179,2023-04-25,Private,India,0,HR Executive,Human Resources,Intern,Economic slowdown,Medium,Synthetic Practice Data
Curefit,Bengaluru,Karnataka,HealthTech,683,0.094,2024-08-11,Late Stage,India,700,QA Engineer,Quality Assurance,Intern,Merger and acquisition,Large,Synthetic Practice Data
Curefit,Bengaluru,Karnataka,HealthTech,380,0.138,2022-03-23,Late Stage,India,700,Finance Analyst,Finance,Intern,Automation,Enterprise,Synthetic Practice Data
Paytm,Noida,Uttar Pradesh,FinTech,531,0.082,2022-06-17,Post-IPO,India,5000,QA Engineer,Quality Assurance,Contract,Strategic restructuring,Large,Synthetic Practice Data
Myntra,Bengaluru,Karnataka,E-commerce,379,0.11,2021-12-29,Late Stage,India,500,UI/UX Designer,Design,Contract,Cost cutting,Large,Synthetic Practice Data
ShareChat,Bengaluru,Karnataka,Social Media,119,0.051,2022-04-16,Late Stage,India,1300,Data Analyst,Analytics,Part-time,Performance optimization,Large,Synthetic Practice Data
Moglix,Noida,Uttar Pradesh,E-commerce,98,0.173,2022-06-17,Late Stage,India,650,QA Engineer,Quality Assurance,Full-time,Market conditions,Enterprise,Synthetic Practice Data
Tech Mahindra,Pune,Maharashtra,IT Services,123,0.174,2023-07-14,Post-IPO,India,0,Product Manager,Product,Contract,Performance optimization,Startup,Synthetic Practice Data
Freshworks ,Bengaluru,Karnataka,SaaS,538,0.048,2021-08-23,Post-IPO,India,484,Marketing Executive,Marketing,Full-time,Strategic restructuring,Startup,Synthetic Practice Data
Ather Energy,Chennai,Tamil Nadu,Automotive,442,0.025,2022-11-12,Late Stage,India,500,Data Analyst,Analytics,Intern,Economic slowdown,Large,Synthetic Practice Data
Wipro,Pune,Maharashtra,IT Services,202,0.089,2023-05-29,Post-IPO,India,0,Software Engineer,Engineering,Full-time,Restructuring,Enterprise,Synthetic Practice Data
TCS,Bengaluru,Karnataka,IT Services,571,0.028,2025-12-01,Post-IPO,India,0,QA Engineer,Quality Assurance,Part-time,Cost cutting,Small,Synthetic Practice Data
Razorpay,Gurugram,Haryana,FinTech,448,0.201,2022-03-01,Late Stage,India,800,UI/UX Designer,Design,Intern,Economic slowdown,Medium,Synthetic Practice Data
ShareChat,Bengaluru,Karnataka,Social Media,70,0.152,2023-02-25,Late Stage,India,1300,Data Scientist,Data Science,Contract,Business shutdown,Large,Synthetic Practice Data
Paytm,Noida,Uttar Pradesh,FinTech,1185,0.028,2021-07-19,Post-IPO,India,5000,Operations Executive,Operations,Part-time,Business shutdown,Medium,Synthetic Practice Data
Policybazaar,New Delhi,Delhi,Financial Services,1084,0.112,2026-08-01,Post-IPO,India,800,Data Analyst,Analytics,Intern,Automation,Small,Synthetic Practice Data
Meesho,Bengaluru,Karnataka,E-commerce,527,0.032,2025-07-11,Late Stage,India,1200,UI/UX Designer,Design,Full-time,Restructuring,Medium,Synthetic Practice Data
Moglix,Noida,Uttar Pradesh,E-commerce,591,0.113,2021-08-05,Late Stage,India,650,Data Analyst,Analytics,Intern,Funding issues,Small,Synthetic Practice Data
Paytm,Bengaluru,Karnataka,FinTech,618,0.047,2021-12-15,Post-IPO,India,5000,QA Engineer,Quality Assurance,Part-time,Merger and acquisition,Small,Synthetic Practice Data
Ola,New Delhi,Delhi,Transportation,538,0.117,2021-07-21,Late Stage,India,3200,Senior Software Engineer,Engineering,Intern,Performance optimization,Medium,Synthetic Practice Data
PhonePe,Mumbai,Maharashtra,FinTech,34,0.135,2025-06-21,Late Stage,India,2200,Product Manager,Product,Contract,Funding issues,Medium,Synthetic Practice Data
Zomato,Gurugram,Haryana,Food Delivery,519,0.092,2026-05-09,Post-IPO,India,2500,Business Analyst,Business,Contract,Automation,Startup,Synthetic Practice Data
Zomato,Mumbai,Maharashtra,Food Delivery,185,0.163,2024-10-07,Post-IPO,India,2500,Project Manager,Project Management,Contract,Cost cutting,Enterprise,Synthetic Practice Data
HCLTech,Noida,Uttar Pradesh,IT Services,1161,0.048,2021-04-03,Post-IPO,India,0,Product Manager,Product,Intern,Strategic restructuring,Large,Synthetic Practice Data
Myntra,Bengaluru,Karnataka,E-commerce,666,0.081,2024-09-18,Late Stage,India,500,Project Manager,Project Management,Part-time,Cost cutting,Startup,Synthetic Practice Data
Dream11,Bengaluru,Karnataka,Gaming,195,0.126,2022-12-23,Late Stage,India,1000,DevOps Engineer,Engineering,Intern,Performance optimization,Enterprise,Synthetic Practice Data
CRED,Gurugram,Haryana,FinTech,597,0.136,2025-09-08,Late Stage,India,1000,Product Manager,Product,Contract,Cost cutting,Startup,Synthetic Practice Data
Zomato,New Delhi,Delhi,Food Delivery,1015,0.037,2022-07-18,Post-IPO,India,2500,Business Analyst,Business,Part-time,Economic slowdown,Startup,Synthetic Practice Data
Myntra,Gurugram,Haryana,E-commerce,324,0.049,2022-06-18,Late Stage,India,500,Data Analyst,Analytics,Contract,Restructuring,Large,Synthetic Practice Data
HCLTech,Chennai,Tamil Nadu,IT Services,400,0.102,2021-10-25,Post-IPO,India,0,Recruiter,Human Resources,Intern,Performance optimization,Medium,Synthetic Practice Data
Dream11,Mumbai,Maharashtra,Gaming,432,0.191,2025-09-14,Late Stage,India,1000,QA Engineer,Quality Assurance,Part-time,Strategic restructuring,Medium,Synthetic Practice Data
Accenture India,Mumbai,Maharashtra,IT Services,96,0.047,2023-05-07,Private,India,0,Product Manager,Product,Full-time,Performance optimization,Small,Synthetic Practice Data
Unacademy,Bengaluru,Karnataka,EdTech,612,0.064,2021-12-13,Late Stage,India,800,Project Manager,Project Management,Part-time,Cost cutting,Medium,Synthetic Practice Data
Razorpay,Bengaluru,Karnataka,FinTech,576,0.05,2025-05-02,Late Stage,India,800,Business Analyst,Business,Part-time,Merger and acquisition,Large,Synthetic Practice Data
TCS,Chennai,Tamil Nadu,IT Services,666,0.145,2021-06-18,Post-IPO,India,0,Operations Executive,Operations,Intern,Restructuring,Enterprise,Synthetic Practice Data
Dream11,Gurugram,Haryana,Gaming,311,0.163,2022-10-19,Late Stage,India,1000,Sales Executive,Sales,Intern,Funding issues,Startup,Synthetic Practice Data
CRED,Mumbai,Maharashtra,FinTech,23,0.12,2021-06-30,Late Stage,India,,Customer Support Executive,Customer Support,Contract,Restructuring,Medium,Synthetic Practice Data
Curefit,Bengaluru,Karnataka,HealthTech,289,0.035,2026-05-01,Late Stage,India,700,QA Engineer,Quality Assurance,Part-time,Market conditions,Small,Synthetic Practice Data
Policybazaar,New Delhi,Delhi,Financial Services,1113,0.043,2026-04-06,Post-IPO,India,800,Operations Executive,Operations,Contract,Performance optimization,Medium,Synthetic Practice Data
Infosys,Chennai,Tamil Nadu,IT Services,794,0.097,2024-12-08,Post-IPO,India,0,QA Engineer,Quality Assurance,Contract,Economic slowdown,Enterprise,Synthetic Practice Data
HCLTech, Noida,Uttar Pradesh,IT Services,417,0.088,2025-07-08,Post-IPO,India,0,Marketing Executive,Marketing,Intern,Economic slowdown,Enterprise,Synthetic Practice Data
Flipkart,Gurugram,Haryana,E-commerce,208,0.211,2023-11-22,Late Stage,India,8700,Business Analyst,Business,Part-time,Strategic restructuring,Medium,Synthetic Practice Data
Wipro,Kolkata,West Bengal,IT Services,722,0.063,2025-04-13,Post-IPO,India,0,Product Manager,Product,Full-time,Merger and acquisition,Large,Synthetic Practice Data
Dream11,Gurugram,Haryana,Gaming,347,0.131,2023-08-29,Late Stage,India,1000,Business Analyst,Business,Full-time,Strategic restructuring,Enterprise,Synthetic Practice Data
OYO,Bengaluru ,Karnataka,Travel,596,0.143,2023-02-04,Post-IPO,India,4300,Product Manager,Product,Contract,Funding issues,Startup,Synthetic Practice Data
PharmEasy,Mumbai,Maharashtra,HealthTech,348,0.186,2026-05-27,Late Stage,India,1200,Product Manager,Product,Intern,Automation,Large,Synthetic Practice Data
Policybazaar,New Delhi,Delhi,Financial Services,1006,0.019,2024-02-07,Post-IPO,India,800,HR Executive,Human Resources,Full-time,Funding issues,Medium,Synthetic Practice Data
TCS,Bengaluru,Karnataka,IT Services,734,0.136,2025-05-19,Post-IPO,India,0,Sales Executive,Sales,Contract,Merger and acquisition,Startup,Synthetic Practice Data
Ather Energy,Bengaluru,Karnataka,Automotive,180,0.065,2022-04-11,Late Stage,India,500,Data Scientist,Data Science,Full-time,Cost cutting,Large,Synthetic Practice Data
Swiggy,Mumbai,Maharashtra,Food Delivery,940,0.033,2023-08-23,Post-IPO,India,3600,Business Analyst,Business,Contract,Performance optimization,Enterprise,Synthetic Practice Data
CRED,Bengaluru,Karnataka,FinTech,180,0.18,2021-04-29,Late Stage,India,1000,QA Engineer,Quality Assurance,Intern,Cost cutting,Medium,Synthetic Practice Data
Razorpay,Bengaluru,Karnataka,FinTech,336,0.076,2022-05-17,Late Stage,India,800,Sales Executive,Sales,Full-time,Business shutdown,Large,Synthetic Practice Data
Ather Energy,Pune,Maharashtra,Automotive,329,0.183,2022-09-23,Late Stage,India,500,UI/UX Designer,Design,Part-time,Merger and acquisition,Startup,Synthetic Practice Data
PharmEasy,Bengaluru,Karnataka,HealthTech,455,0.114,2024-05-24,Late Stage,India,1200,Product Manager,Product,Intern,Performance optimization,Large,Synthetic Practice Data
Curefit,Bengaluru,Karnataka,HealthTech,315,0.126,2025-10-04,Late Stage,India,700,Software Engineer,Engineering,Full-time,Merger and acquisition,Large,Synthetic Practice Data
Lenskart,Mumbai,Maharashtra,Retail,291,0.192,2023-01-31,Late Stage,India,1500,Business Analyst,Business,Intern,Business shutdown,Enterprise,Synthetic Practice Data
TCS,Hyderabad,Telangana,IT Services,365,0.153,2022-10-11,Post-IPO,India,0,Project Manager,Project Management,Contract,Automation,Startup,Synthetic Practice Data
Udaan,Gurugram,Haryana,E-commerce,182,0.094,2022-04-02,Late Stage,India,1200,Sales Executive,Sales,Contract,Performance optimization,Enterprise,Synthetic Practice Data
TCS,Mumbai,Maharashtra,IT Services,884,0.067,2022-11-20,Post-IPO,India,0,Product Manager,Product,Intern,Cost cutting,Startup,Synthetic Practice Data
Policybazaar,Mumbai,Maharashtra,Financial Services,402,0.151,2025-12-08,Post-IPO,India,800,Operations Executive,Operations,Full-time,Restructuring,Small,Synthetic Practice Data
CRED,Gurugram,Haryana,FinTech,509,0.088,2025-03-20,Late Stage,India,1000,Project Manager,Project Management,Full-time,Strategic restructuring,Enterprise,Synthetic Practice Data
Moglix,Mumbai,Maharashtra,E-commerce,678,0.061,2026-03-29,Late Stage,India,650,Project Manager,Project Management,Part-time,Funding issues,Small,Synthetic Practice Data
ShareChat,Mumbai,Maharashtra,Social Media,513,0.13,2022-02-07,Late Stage,India,1300,HR Executive,Human Resources,Part-time,Performance optimization,Small,Synthetic Practice Data
PharmEasy,Bengaluru,Karnataka,HealthTech,439,0.209,2024-07-19,Late Stage,India,1200,UI/UX Designer,Design,Contract,Market conditions,Large,Synthetic Practice Data
PharmEasy,New Delhi,Delhi,HealthTech,51,0.025,2025-03-07,Late Stage,India,1200,Product Manager,Product,Intern,Cost cutting,Small,Synthetic Practice Data
Policybazaar,Gurugram,Haryana,Financial Services,558,0.101,2021-05-13,Post-IPO,India,800,QA Engineer,Quality Assurance,Intern,Funding issues,Large,Synthetic Practice Data
Paytm,Bengaluru,Karnataka,FinTech,495,0.041,2021-02-11,Post-IPO,India,5000,Senior Software Engineer,Engineering,Contract,Performance optimization,Large,Synthetic Practice Data
Razorpay,Bengaluru,Karnataka,FinTech,595,0.123,2023-07-14,Late Stage,India,800,Recruiter,Human Resources,Full-time,Market conditions,Startup,Synthetic Practice Data
Infosys,Bengaluru,Karnataka,IT Services,850,0.144,2026-01-24,Post-IPO,India,0,Software Engineer,Engineering,Part-time,Funding issues,Large,Synthetic Practice Data
BYJU'S,Mumbai,Maharashtra,EdTech,89,0.059,2026-03-13,Late Stage,India,5500,Sales Executive,Sales,Contract,Cost cutting,Enterprise,Synthetic Practice Data
Ather Energy,Pune,Maharashtra,Automotive,611,0.097,2024-12-08,Late Stage,India,500,QA Engineer,Quality Assurance,Intern,Automation,Startup,Synthetic Practice Data
PhonePe,Bengaluru,Karnataka,FinTech,435,0.192,2021-01-31,Late Stage,India,2200,Sales Executive,Sales,Part-time,Funding issues,Large,Synthetic Practice Data
Accenture India,Hyderabad,Telangana,IT Services,145,0.22,2022-10-19,Private,India,0,Recruiter,,Intern,Restructuring,Enterprise,Synthetic Practice Data
Myntra,Bengaluru,Karnataka,E-commerce,287,0.124,2023-07-31,Late Stage,India,500,Project Manager,Project Management,Part-time,Strategic restructuring,Medium,Synthetic Practice Data
BYJU'S,Mumbai,Maharashtra,EdTech,348,0.057,2026-02-23,Late Stage,India,5500,Business Analyst,Business,Full-time,Business shutdown,Small,Synthetic Practice Data
Freshworks,Chennai,Tamil Nadu,SaaS,118,0.022,2025-05-28,Post-IPO,India,484,Product Manager,Product,Full-time,Business shutdown,Enterprise,Synthetic Practice Data
Moglix,Mumbai,Maharashtra,E-commerce,480,0.241,2024-09-07,Late Stage,India,650,Recruiter,Human Resources,Contract,Cost cutting,Small,Synthetic Practice Data
Moglix,Mumbai,Maharashtra,E-commerce,682,0.061,2021-09-17,Late Stage,India,650,Product Manager,Product,Intern,Funding issues,Medium,Synthetic Practice Data
OYO,Gurugram,Haryana,Travel,594,0.13,2022-07-28,Post-IPO,India,4300,Data Scientist,Data Science,Full-time,Merger and acquisition,Small,Synthetic Practice Data
BYJU'S,Bengaluru,Karnataka,EdTech,681,0.091,2025-03-23,Late Stage,India,5500,QA Engineer,Quality Assurance,Part-time,Business shutdown,Large,Synthetic Practice Data
Moglix,Noida,Uttar Pradesh,E-commerce,647,0.095,2022-07-16,Late Stage,India,650,UI/UX Designer,Design,Part-time,Market conditions,Startup,Synthetic Practice Data
CRED,Gurugram,Haryana,FinTech,385,0.138,2024-07-08,Late Stage,India,1000,Data Analyst,Analytics,Intern,Funding issues,Startup,Synthetic Practice Data
PhonePe,Mumbai,Maharashtra,FinTech,628,0.011,2022-07-24,Late Stage,India,2200,Finance Analyst,Finance,Intern,Automation,Small,Synthetic Practice Data
TCS,Mumbai,Maharashtra,IT Services,949,0.098,2024-01-09,Post-IPO,India,0,Operations Executive,Operations,Intern,Strategic restructuring,Startup,Synthetic Practice Data
Flipkart,Bengaluru,Karnataka,E-commerce,333,0.235,2025-06-20,Late Stage,India,8700,Business Analyst,Business,Full-time,Merger and acquisition,Large,Synthetic Practice Data
Unacademy,Jaipur,Rajasthan,EdTech,244,0.235,2026-04-18,Late Stage,India,800,Customer Support Executive,Customer Support ,Part-time,Business shutdown,Medium,Synthetic Practice Data
Ather Energy,Pune,Maharashtra,Automotive,142,0.159,2021-03-23,Late Stage,India,500,QA Engineer,Quality Assurance,Part-time,Cost cutting,Large,Synthetic Practice Data
CRED,Mumbai,Maharashtra,FinTech,697,0.099,2025-01-28,Late Stage,India,1000,Senior Software Engineer,Engineering,Full-time,Merger and acquisition,Small,Synthetic Practice Data
Ola,Bengaluru,Karnataka,Transportation,232,0.167,2023-05-10,Late Stage,India,3200,DevOps Engineer,Engineering,Contract,Merger and acquisition,Enterprise,Synthetic Practice Data
Infosys,Bengaluru,Karnataka,IT Services,1143,0.085,2022-06-06,Post-IPO,India,0,Project Manager,Project Management,Full-time,Restructuring,Large,Synthetic Practice Data
Razorpay,Gurugram,Haryana,FinTech,351,0.051,2026-04-07,Late Stage,India,800,Finance Analyst,Finance,Full-time,Performance optimization,Small,Synthetic Practice Data
Swiggy,New Delhi,Delhi,Food Delivery,26,0.178,2023-05-26,Post-IPO,India,3600,QA Engineer,Quality Assurance,Intern,Market conditions,Medium,Synthetic Practice Data
Lenskart,Gurugram,Haryana,Retail,389,0.106,2021-11-11,Late Stage,India,1500,Data Analyst,Analytics,Intern,Strategic restructuring,Small,Synthetic Practice Data
Unacademy,Bengaluru,Karnataka,EdTech,56,0.166,2024-04-05,Late Stage,India,800,,Finance,Full-time,Performance optimization,Enterprise,Synthetic Practice Data
PharmEasy,Bengaluru,Karnataka,HealthTech,573,0.015,2021-12-27,Late Stage,India,1200,HR Executive,Human Resources,Intern,Funding issues,Medium,Synthetic Practice Data
HCLTech,Chennai,Tamil Nadu,IT Services,854,0.135,2024-10-31,Post-IPO,India,0,Business Analyst,Business,Intern,Economic slowdown,Small,Synthetic Practice Data
Ather Energy,Chennai,Tamil Nadu,Automotive,256,0.155,2024-06-26,Late Stage,India,500,Marketing Executive,Marketing,Contract,Merger and acquisition,Medium,Synthetic Practice Data
Policybazaar,Mumbai,Maharashtra,Financial Services,294,0.099,2026-07-01,Post-IPO,India,800,Recruiter,Human Resources,Intern,Funding issues,Small,Synthetic Practice Data
Paytm,New Delhi,Delhi,FinTech,97,0.122,2025-05-01,Post-IPO,India,5000,Finance Analyst,Finance,Contract,Business shutdown,Enterprise,Synthetic Practice Data
Lenskart,Gurugram,Haryana,Retail,652,0.077,,Late Stage,India,1500,Operations Executive,Operations,Part-time,Market conditions,Enterprise,Synthetic Practice Data
Meesho,Mumbai,Maharashtra,E-commerce,24,0.075,2022-04-01,Late Stage,India,1200,data analyst,Analytics,Part-time,Business shutdown,Large,Synthetic Practice Data
Lenskart,Gurugram,Haryana,Retail,693,0.15,2021-09-27,Late Stage,India,1500,Recruiter,Human Resources,Contract,Funding issues,Small,Synthetic Practice Data
Infosys,Pune,Maharashtra,IT Services,1128,0.149,2021-10-10,Post-IPO,India,0,Sales Executive,Sales,Full-time,Automation,Startup,Synthetic Practice Data
HCLTech,Chennai,Tamil Nadu,IT Services,309,0.199,2025-10-27,Post-IPO,India,0,Product Manager,Product,Part-time,Market conditions,Enterprise,Synthetic Practice Data
Accenture India,Bengaluru,Karnataka,IT Services,206,0.049,2023-01-28,Private,India,0,Software Engineer,Engineering,Contract,Restructuring,Startup,Synthetic Practice Data
Myntra,Mumbai,Maharashtra,E-commerce,534,0.119,2025-07-07,Late Stage,India,500,Customer Support Executive,Customer Support,Full-time,Performance optimization,Small,Synthetic Practice Data
Tech Mahindra,Bengaluru,Karnataka,IT Services,496,0.12,2026-03-13,Post-IPO,India,0,Recruiter,Human Resources,Intern,Economic slowdown,Large,Synthetic Practice Data
Ather Energy,Bengaluru,Karnataka,Automotive,30,0.177,2021-09-07,Late Stage,India,500,UI/UX Designer,Design,Part-time,Merger and acquisition,Startup,Synthetic Practice Data
ShareChat,Mumbai,Maharashtra,Social Media,49,0.082,2022-06-01,Late Stage,India,1300,Data Scientist,Data Science,Part-time,Restructuring,Medium,Synthetic Practice Data
Dream11,Gurugram,Haryana,Gaming,59,0.112,2021-07-13,Late Stage,India,1000,Data Scientist,Data Science,Part-time,Business shutdown,Large,Synthetic Practice Data
Meesho,Bengaluru,Karnataka,E-commerce,292,0.231,2022-09-26,Late Stage,India,1200,Recruiter,Human Resources,Full-time,,Startup,Synthetic Practice Data
TCS,Bengaluru,Karnataka,IT Services,1105,0.04,2021-12-07,Post-IPO,India,0,Business Analyst,Business,Full-time,Restructuring,Small,Synthetic Practice Data
Ather Energy,Bengaluru,Karnataka,Automotive,509,0.065,2023-03-15,Late Stage,India,500,Finance Analyst,finance,Contract,Merger and acquisition,Enterprise,Synthetic Practice Data
Udaan,Gurugram,Haryana,E-commerce,82,0.017,2024-09-23,Late Stage,India,1200,DevOps Engineer,Engineering,Contract,Cost cutting,Small,Synthetic Practice Data
Ather Energy,Bengaluru,Karnataka,Automotive,226,0.143,2024-09-23,Late Stage,India,500,UI/UX Designer,Design,Intern,Merger and acquisition,Enterprise,Synthetic Practice Data
Tech Mahindra,Kolkata,West Bengal,IT Services,563,0.076,2026-06-08,Post-IPO,India,0,Product Manager,Product,Contract,Economic slowdown,Large,Synthetic Practice Data
Zomato,gurugram,Haryana, Food Delivery,575,0.083,2025-03-03,Post-IPO,India,2500,Customer Support Executive,Customer Support,Part-time,Strategic restructuring,Small,Synthetic Practice Data
HCLTech,Hyderabad,Telangana,IT Services,235,0.2,2022-05-21,Post-IPO,India,0,Product Manager,Product,Intern,Economic slowdown,Enterprise,Synthetic Practice Data
Flipkart,Mumbai,Maharashtra,E-commerce,666,0.091,2023-10-17,Late Stage,India,8700,Data Analyst,Analytics,Contract,Economic slowdown,Startup,Synthetic Practice Data
Curefit,Hyderabad,Telangana,HealthTech,343,0.106,2025-05-29,Late Stage,India,700,Finance Analyst,Finance,Contract,Funding issues,Startup,Synthetic Practice Data
Udaan,Mumbai,Maharashtra,E-commerce,474,0.037,2021-09-03,Late Stage,India,1200,Marketing Executive,Marketing,Part-time,Economic slowdown,Large,Synthetic Practice Data
 Ather Energy,Bengaluru,Karnataka,Automotive,366,0.068,2023-02-22,Late Stage,India,500,Marketing Executive,Marketing,Contract,Strategic restructuring,Startup,Synthetic Practice Data
Unacademy,Bengaluru,Karnataka,EdTech,245,0.127,2023-05-24,Late Stage,India,800,Software Engineer,Engineering,Contract,Performance optimization,Large,Synthetic Practice Data
Udaan,Gurugram,Haryana,E-commerce,307,0.057,2026-03-12,Late Stage,India,1200,Finance Analyst,Finance,Full-time,Restructuring,Startup,Synthetic Practice Data
Freshworks,Hyderabad,Telangana,SaaS,1117,0.069,2025-02-06,Post-IPO,India,484,Project Manager,Project Management,Part-time,Strategic restructuring,Medium,Synthetic Practice Data
Curefit,Hyderabad,Telangana,HealthTech,672,0.109,2026-04-26,Late Stage,India,700,UI/UX Designer,Design,Part-time,Business shutdown,Enterprise,Synthetic Practice Data
HCLTech,Noida,Uttar Pradesh,IT Services,1076,0.147,2025-07-01,Post-IPO,India,0,Data Scientist,Data Science,Contract,Restructuring,Large,Synthetic Practice Data
Udaan,Gurugram,Haryana,E-commerce,146,0.08,2024-09-03,Late Stage,India,1200,Operations Executive,Operations,Intern,Business shutdown,Small,Synthetic Practice Data
Zomato,New Delhi,Delhi,Food Delivery,1184,0.045,2024-09-15,Post-IPO,India,2500,Sales Executive,Sales,Intern,Strategic restructuring,Startup,Synthetic Practice Data
Infosys,Pune,Maharashtra,IT Services,617,0.123,2021-04-22,Post-IPO,India,0,Data Scientist,Data Science,Full-time,Business shutdown,Large,Synthetic Practice Data
TCS,Bengaluru,Karnataka,IT Services,418,0.028,2023-08-07,Post-IPO,India,0,UI/UX Designer,Design,Part-time,Strategic restructuring,Small,Synthetic Practice Data
Swiggy,Bengaluru,Karnataka,Food Delivery,810,0.071,2025-09-15,Post-IPO,India,3600,Software Engineer,Engineering,Full-time,Economic slowdown,Large,Synthetic Practice Data
Paytm,Bengaluru,Karnataka,FinTech,303,0.154,2023-04-09,Post-IPO,India,5000,Data Analyst,Analytics,Contract,Economic slowdown,Medium,Synthetic Practice Data
Ola,Bengaluru,Karnataka,Transportation,252,0.13,2023-06-04,Late Stage,India,3200,Senior Software Engineer,Engineering,Part-time,Restructuring,Enterprise,Synthetic Practice Data
Tech Mahindra,Kolkata,West Bengal,IT Services,452,0.089,2022-01-16,Post-IPO,India,0,Business Analyst,,Full-time,Funding issues,Large,Synthetic Practice Data
PharmEasy,Mumbai,Maharashtra,HealthTech,498,0.038,2023-07-16,Late Stage,India,1200,Software Engineer,Engineering,Contract,Merger and acquisition,Large,Synthetic Practice Data
Tech Mahindra,Hyderabad,Telangana,IT Services,685,0.147,2025-04-01,Post-IPO,India,0,QA Engineer,Quality Assurance,Part-time,Merger and acquisition,Medium,Synthetic Practice Data
BYJU'S,Bengaluru,Karnataka,EdTech,331,0.1,2023-09-28,Late Stage,India,5500,HR Executive,Human Resources,Full-time,Business shutdown,Small,Synthetic Practice Data
Flipkart,Mumbai,Maharashtra,E-commerce,258,0.204,2025-01-22,Late Stage,India,8700,Product Manager,Product,Part-time,Performance optimization,Large,Synthetic Practice Data
Dream11,Bengaluru,Karnataka,Gaming,98,0.174,2024-02-15,Late Stage,India,1000,Finance Analyst,Finance,Part-time,Restructuring,Medium,Synthetic Practice Data
Myntra,Gurugram,Haryana,E-commerce,256,0.152,2025-10-13,Late Stage,India,500,Product Manager,Product,Intern,Business shutdown,Enterprise,Synthetic Practice Data
Swiggy,Hyderabad,Telangana,Food Delivery,459,0.102,2022-08-02,Post-IPO,India,3600,Product Manager,Product,Part-time,Business shutdown,Large,Synthetic Practice Data
Ather Energy,Chennai,Tamil Nadu,Automotive,425,0.155,2021-03-04,Late Stage,India,,Sales Executive,Sales,Intern,Restructuring,Startup,Synthetic Practice Data
CRED,Bengaluru,Karnataka,FinTech,459,0.171,2025-12-05,Late Stage,India,1000,Project Manager,Project Management,Full-time,Economic slowdown,Small,Synthetic Practice Data
Flipkart,Bengaluru,Karnataka,E-commerce,256,0.172,2024-09-16,Late Stage,India,8700,HR Executive,Human Resources,Full-time,Economic slowdown ,Large,Synthetic Practice Data
Zomato,Bengaluru,Karnataka,Food Delivery,242,0.195,2025-06-06,Post-IPO,India,2500,HR Executive,Human Resources,Part-time,Performance optimization,Startup,Synthetic Practice Data
Udaan,Bengaluru,Karnataka,E-commerce,128,0.087,2022-04-02,Late Stage,India,1200,Product Manager,Product,Part-time,Restructuring,Medium,Synthetic Practice Data
Moglix,Noida,Uttar Pradesh,E-commerce,54,0.056,2022-10-09,Late Stage,India,650,QA Engineer,Quality Assurance,Intern,Business shutdown,Enterprise,Synthetic Practice Data
Unacademy,New Delhi,Delhi,EdTech,580,0.017,2021-03-16,Late Stage,India,800,Product Manager,Product,Contract,Funding issues,Medium,Synthetic Practice Data
Lenskart,Mumbai,Maharashtra,Retail,596,0.026,2025-02-11,Late Stage,India,1500,UI/UX Designer,Design,Full-time,Merger and acquisition,Startup,Synthetic Practice Data
ShareChat,New Delhi,Delhi,Social Media,699,0.08,2024-05-25,Late Stage,India,1300,DevOps Engineer,Engineering,Intern,Performance optimization,Medium,Synthetic Practice Data
OYO,Mumbai,Maharashtra,Travel,37,0.03,2022-03-26,Post-IPO,India,4300,Marketing Executive,Marketing,Part-time,Merger and acquisition,Medium,Synthetic Practice Data
BYJU'S,Bengaluru,Karnataka,EdTech,50,0.172,2025-01-15,Late Stage,India,5500,QA Engineer,Quality Assurance,Contract,Funding issues,Large,Synthetic Practice Data
Wipro,Kolkata,West Bengal,IT Services,189,0.178,2026-05-24,Post-IPO,India,0,Data Scientist,Data Science,Full-time,Restructuring,Large,Synthetic Practice Data
Dream11,,Maharashtra,Gaming,517,0.036,2024-03-31,Late Stage,India,1000,Senior Software Engineer,Engineering,Intern,Cost cutting,Startup,Synthetic Practice Data
PharmEasy,Bengaluru,Karnataka,HealthTech,700,0.13,2025-04-06,Late Stage,India,1200,DevOps Engineer,Engineering,Part-time,Funding issues,Large,Synthetic Practice Data
PhonePe,Bengaluru,Karnataka,FinTech,337,0.197,2022-03-09,Late Stage,India,2200,Customer Support Executive,Customer Support,Part-time,Funding issues,Enterprise,Synthetic Practice Data
Razorpay,Mumbai,Maharashtra,FinTech,697,0.117,2023-01-10,Late Stage,India,800,UI/UX Designer,Design,Intern,Cost cutting,Enterprise,Synthetic Practice Data
Zomato,Mumbai,Maharashtra,Food Delivery,880,0.062,2025-04-16,Post-IPO,India,2500,Data Scientist,Data Science,Contract,Automation,Large,Synthetic Practice Data
Infosys,Hyderabad,Telangana,IT Services,629,0.101,2026-07-29,Post-IPO,India,0,UI/UX Designer,Design,Full-time,Market conditions,Enterprise,Synthetic Practice Data
Swiggy,New Delhi,Delhi,Food Delivery,1111,0.102,2023-06-03,Post-IPO,India,3600,Operations Executive,Operations,Contract,Automation,Large,Synthetic Practice Data
HCLTech,Chennai,Tamil Nadu,IT Services,854,0.135,2024-10-31,Post-IPO,India,0,Business Analyst,Business,Intern,Economic slowdown,Small,Synthetic Practice Data
Myntra,Gurugram,Haryana,E-commerce,415,0.121,2024-03-19,Late Stage,India,500,QA Engineer,Quality Assurance,Full-time,Merger and acquisition,Startup,Synthetic Practice Data
Swiggy,Hyderabad,Telangana,Food Delivery,295,0.027,2021-08-05,Post-IPO,India,3600,Finance Analyst,Finance,Contract,Restructuring,Large,Synthetic Practice Data
Tech Mahindra,Hyderabad,Telangana,IT Services,1145,0.08,2026-07-11,Post-IPO,India,0,Marketing Executive,Marketing,Intern,Merger and acquisition,Enterprise,Synthetic Practice Data
ShareChat,Bengaluru,Karnataka,Social Media,55,0.04,2023-10-06,Late Stage,India,1300,Sales Executive,Sales,Intern,Strategic restructuring,Medium,Synthetic Practice Data
Razorpay,Gurugram,Haryana,FinTech,198,0.021,2023-06-12,Late Stage,India,800,Project Manager,Project Management,Contract,Strategic restructuring,Startup,Synthetic Practice Data
Swiggy,Bengaluru,Karnataka,Food Delivery,328,0.221,2021-04-03,Post-IPO,India,3600,Data Analyst,Analytics,Intern,Business shutdown,Large,Synthetic Practice Data
ShareChat,New Delhi,Delhi,Social Media,165,0.042,2022-12-10,Late Stage,India,1300,DevOps Engineer,Engineering,Contract,Restructuring,Medium,Synthetic Practice Data
Razorpay,Bengaluru,Karnataka,FinTech,279,0.025,2023-12-13,Late Stage,India,800,Data Scientist,Data Science,Full-time,Restructuring,Small,Synthetic Practice Data
ShareChat,Mumbai,Maharashtra,Social Media,334,0.193,2025-06-28,Late Stage,India,1300,HR Executive,Human Resources,Part-time,Restructuring,Enterprise,Synthetic Practice Data
PharmEasy,New Delhi,Delhi,HealthTech,695,0.138,2021-10-30,Late Stage,India,1200,Customer Support Executive,Customer Support,Full-time,Automation,Startup,Synthetic Practice Data
Moglix,Bengaluru,Karnataka,E-commerce,86,0.013,2022-10-24,Late Stage,India,650,Data Scientist,Data Science,Contract,Restructuring,Large,Synthetic Practice Data
Flipkart,Gurugram,Haryana,E-commerce,475,0.033,2021-02-15,Late Stage,India,8700,HR Executive,Human Resources,Full-time,Economic slowdown,Medium,Synthetic Practice Data
Myntra,Mumbai,Maharashtra,E-commerce,381,0.042,2024-12-11,Late Stage,India,500,HR Executive,Human Resources,Part-time,Economic slowdown,Startup,Synthetic Practice Data
Infosys,Hyderabad,Telangana,IT Services,904,0.147,2026-07-24,Post-IPO,India,0,Software Engineer,Engineering,Full-time,Strategic restructuring,Enterprise,Synthetic Practice Data
Udaan,Mumbai,Maharashtra,E-commerce,482,0.07,2026-03-06,Late Stage,India,1200,Software Engineer,Engineering,Full-time,Restructuring,Small,Synthetic Practice Data
Tech Mahindra,Kolkata,West Bengal,IT Services,455,0.043,2022-12-20,Post-IPO,India,0,DevOps Engineer,Engineering,Part-time,Performance optimization,Medium,Synthetic Practice Data
Infosys,Bengaluru,Karnataka,IT Services,535,0.1,2024-09-08,Post-IPO,India,0,Project Manager,Project Management,Part-time,Market conditions,Medium,Synthetic Practice Data
PharmEasy,New Delhi,Delhi,HealthTech,11,0.065,2026-04-25,Late Stage,India,1200,Business Analyst,Business,Contract,Performance optimization,Medium,Synthetic Practice Data
OYO,Gurugram,Haryana,Travel,480,0.248,2022-04-10,Post-IPO,India,4300,Customer Support Executive,Customer Support,Full-time,Automation,Startup,Synthetic Practice Data
BYJU'S,Mumbai,Maharashtra,EdTech,355,0.22,2022-09-13,Late Stage,India,5500,UI/UX Designer,Design,Contract,Market conditions,Enterprise,Synthetic Practice Data
Paytm,,Karnataka,FinTech,634,0.063,2026-04-24,Post-IPO,India,5000,Customer Support Executive,Customer Support,Contract, Performance optimization,Small,Synthetic Practice Data
Razorpay,Mumbai,Maharashtra,FinTech,591,0.021,2023-04-12,Late Stage,India,800,Data Scientist,Data Science,Contract,Restructuring,Large,Synthetic Practice Data
BYJU'S,Gurugram,Haryana,EdTech,156,0.111,2022-02-21,Late Stage,India,5500,DevOps Engineer,Engineering,Full-time,Economic slowdown,Startup,Synthetic Practice Data
Dream11,,Haryana,Gaming,653,0.037,2025-09-16,Late Stage,India,1000,Data Scientist,Data Science,Full-time,Economic slowdown,Enterprise,Synthetic Practice Data
Paytm,Noida,Uttar Pradesh,FinTech,301,0.029,2026-04-20,Post-IPO,India,5000,Recruiter,Human Resources,Contract,Economic slowdown,Large,Synthetic Practice Data
Policybazaar,Mumbai,Maharashtra,Financial Services,1025,0.083,2021-11-10,Post-IPO,India,800,Finance Analyst,Finance,Part-time,Economic slowdown,Small,Synthetic Practice Data
Freshworks,Chennai,Tamil Nadu,SaaS,999,0.115,2021-01-05,Post-IPO,India,484,Software Engineer,Engineering,Contract,Cost cutting,Enterprise,Synthetic Practice Data
Myntra,Mumbai,Maharashtra,E-commerce,689,0.076,2026-05-15,Late Stage,India,500,Business Analyst,Business,Contract,Performance optimization,Startup,Synthetic Practice Data
Flipkart,Kolkata,West Bengal,E-commerce,121,0.145,2026-01-27,Late Stage,India,8700,Data Analyst,Analytics,Intern,Business shutdown,Enterprise,Synthetic Practice Data
Udaan,Bengaluru,Karnataka,E-commerce,598,0.122,2025-09-10,Late Stage,India,1200,Software Engineer,Engineering,Intern,Automation,Large,Synthetic Practice Data
HCLTech,Chennai,Tamil Nadu,IT Services,364,0.233,2022-01-29,Post-IPO,India,0,Marketing Executive,Marketing,Intern,Funding issues,Large,Synthetic Practice Data
Meesho,Bengaluru,Karnataka,E-commerce,226,0.055,2022-10-07,Late Stage,India,1200,UI/UX Designer,Design,Part-time,Funding issues,Enterprise,Synthetic Practice Data
ShareChat,Bengaluru,Karnataka,Social Media,108,0.191,2025-03-07,Late Stage,India,1300,DevOps Engineer,Engineering,Intern,Economic slowdown,Enterprise,Synthetic Practice Data
Paytm,New Delhi,Delhi,FinTech,202,0.229,2026-07-17,Post-IPO,India,5000,Software Engineer,Engineering,Full-time,Economic slowdown,Startup,Synthetic Practice Data
Zomato,New Delhi,Delhi,Food Delivery,43,0.039,2024-10-16,Post-IPO,India,2500,DevOps Engineer,Engineering,Intern,Restructuring,Large,Synthetic Practice Data
PhonePe,New Delhi,Delhi,FinTech,377,0.223,2023-03-24,Late Stage,India,2200,Customer Support Executive,Customer Support,Full-time,Restructuring,Small,Synthetic Practice Data
Dream11,Mumbai,Maharashtra,Gaming,182,0.063,2022-03-02,Late Stage,India,1000,DevOps Engineer,Engineering,Part-time,Cost cutting,Large,Synthetic Practice Data
Tech Mahindra,Kolkata,West Bengal,IT Services,1129,0.061,2021-01-03,Post-IPO,India,0,HR Executive,Human Resources,Part-time,Merger and acquisition,Large,Synthetic Practice Data
Moglix,Bengaluru,Karnataka,E-commerce,628,0.115,2021-04-05,Late Stage,India,650,,Project Management,Part-time,Economic slowdown,Startup,Synthetic Practice Data
OYO,Gurugram,Haryana,Travel,1061,0.089,2026-02-12,Post-IPO,India,4300,DevOps Engineer,Engineering,Part-time,Funding issues,Medium,Synthetic Practice Data
Infosys,,Karnataka,IT Services,730,0.108,2024-05-03,Post-IPO,India,0,HR Executive,Human Resources,Intern,Market conditions,Enterprise,Synthetic Practice Data
PharmEasy,Bengaluru,Karnataka,HealthTech,366,0.116,2023-08-24,Late Stage,India,1200,DevOps Engineer,Engineering,Part-time,Performance optimization,Startup,Synthetic Practice Data
Moglix,Mumbai,Maharashtra,E-commerce,490,0.24,2023-11-24,Late Stage,India,650,Recruiter,Human Resources,Part-time,Strategic restructuring,Enterprise,Synthetic Practice Data
Ola,,Tamil Nadu,Transportation,73,0.167,2023-04-09,Late Stage,India,3200,DevOps Engineer,Engineering,Full-time,Strategic restructuring,Enterprise,Synthetic Practice Data
Lenskart,Mumbai,Maharashtra,Retail,405,0.234,2026-08-22,Late Stage,India,1500,Project Manager,Project Management,Intern,Market conditions,Startup,Synthetic Practice Data
Curefit,Hyderabad,Telangana,HealthTech,68,0.163,2025-05-09,Late Stage,India,700,Customer Support Executive,Customer Support,Intern,Business shutdown,Enterprise,Synthetic Practice Data
Unacademy,Bengaluru,Karnataka,EdTech,265,0.084,2025-03-17,Late Stage,India,800,Marketing Executive,Marketing,Intern,Cost cutting,Startup,Synthetic Practice Data
Lenskart,Bengaluru,Karnataka,Retail,464,0.126,2025-12-07,Late Stage,India,1500,Project Manager,Project Management,Contract,Cost cutting,Large,Synthetic Practice Data
BYJU'S,Mumbai,Maharashtra,EdTech,643,0.071,2025-11-22,Late Stage,India,5500,Senior Software Engineer,Engineering,Intern,Restructuring,Small,Synthetic Practice Data
Accenture India,Hyderabad,Telangana,IT Services,271,0.044,2023-06-27,Private,India,0,Project Manager,Project Management,Part-time,Cost cutting,Enterprise,Synthetic Practice Data
Infosys,Hyderabad,Telangana,IT Services,996,0.08,2022-10-07,Post-IPO,India,0,Senior Software Engineer,Engineering,Full-time,Cost cutting,Enterprise,Synthetic Practice Data
Razorpay,Mumbai,Maharashtra,FinTech,333,0.024,2022-04-30,Late Stage,India,800,Marketing Executive,Marketing,Intern,Merger and acquisition,Startup,Synthetic Practice Data
Lenskart,Gurugram,Haryana,Retail,80,0.105,2026-03-13,Late Stage,India,1500,UI/UX Designer,Design,Intern,Business shutdown,Enterprise,Synthetic Practice Data
Wipro,Kolkata,West Bengal,IT Services,300,0.036,2021-01-17,Post-IPO,India,0,Project Manager,Project Management,Full-time,Restructuring,Large,Synthetic Practice Data
HCLTech,Chennai,Tamil Nadu,IT Services,526,0.113,2021-05-18,Post-IPO,India,0,Marketing Executive,,Intern,Performance optimization,Large,Synthetic Practice Data
Zomato,Mumbai,Maharashtra,Food Delivery,903,0.13,2023-06-02,Post-IPO,India,2500,Marketing Executive,Marketing,Contract,Business shutdown,Small,Synthetic Practice Data
TCS,Bengaluru,Karnataka,IT Services,402,0.075,2023-06-28,Post-IPO,India,0,Operations Executive,Operations,Part-time,Business shutdown,Small,Synthetic Practice Data
HCLTech,Bengaluru,Karnataka,IT Services,519,0.144,2024-08-07,Post-IPO,India,0,Operations Executive,Operations,Contract,Market conditions,Startup,Synthetic Practice Data
ShareChat,Mumbai,Maharashtra,Social Media,84,0.157,2025-12-02,Late Stage,India,1300,UI/UX Designer,Design,Contract,Restructuring,Large,Synthetic Practice Data
Wipro,Bengaluru,Karnataka,IT Services,1162,0.02,2023-07-22,Post-IPO,India,0,Data Scientist,Data Science,Part-time,Business shutdown,Large,Synthetic Practice Data
Ola,Chennai,Tamil Nadu,Transportation,214,0.204,2022-12-18,Late Stage,India,3200,Finance Analyst,Finance,Part-time,Restructuring,Small,Synthetic Practice Data
CRED,Gurugram,Haryana,FinTech,138,0.213,2024-12-16,Late Stage,India,1000,Product Manager,Product,Intern,Performance optimization,Large,Synthetic Practice Data
Flipkart,Gurugram,Haryana,E-commerce,616,0.087,2023-04-18,Late Stage,India,8700,DevOps Engineer,Engineering,Contract,Performance optimization,Enterprise,Synthetic Practice Data
HCLTech,Noida,Uttar Pradesh,IT Services,1198,0.049,2025-10-16,Post-IPO,India,0,UI/UX Designer,Design,Contract,Funding issues,Medium,Synthetic Practice Data
Moglix,Noida,Uttar Pradesh,E-commerce,125,0.188,2021-06-14,Late Stage,India,650,Operations Executive,Operations,Part-time,Economic slowdown,Enterprise,Synthetic Practice Data
Razorpay,Gurugram,Haryana,FinTech,338,0.034,2021-07-04,Late Stage,India,800,Sales Executive,Sales,Part-time,Economic slowdown,Medium,Synthetic Practice Data
 Myntra,Gurugram,Haryana,E-commerce,159,0.166,2023-01-27,Late Stage,India,500,QA Engineer,Quality Assurance,Intern,Economic slowdown,Small,Synthetic Practice Data
Curefit,Mumbai,Maharashtra,HealthTech,419,0.062,2021-01-28,Late Stage,India,700,Marketing Executive,Marketing,Contract,Funding issues,Startup,Synthetic Practice Data
CRED,Bengaluru,Karnataka,FinTech,162,0.246,2024-05-15,Late Stage,India,1000,Finance Analyst,Finance,Part-time,Performance optimization,Enterprise,Synthetic Practice Data
Dream11,Mumbai,Maharashtra,Gaming,436,0.033,2024-08-21,Late Stage,India,1000,Recruiter,Human Resources,Intern,Strategic restructuring,Enterprise,Synthetic Practice Data
Infosys,Bengaluru,Karnataka,IT Services,243,0.085,2021-12-23,Post-IPO,India,0,Project Manager,Project Management,Contract,Cost cutting,Medium,Synthetic Practice Data
ShareChat,Bengaluru,Karnataka,Social Media,666,0.118,2023-12-21,Late Stage,India,1300,DevOps Engineer,Engineering,Full-time,Performance optimization,Enterprise,Synthetic Practice Data
Policybazaar,Gurugram,Haryana,Financial Services,824,0.04,2023-02-20,Post-IPO,India,800,Business Analyst,Business,Full-time,Funding issues,Startup,Synthetic Practice Data
 Policybazaar,Gurugram,Haryana,Financial Services,60,0.019,2022-04-20,Post-IPO,India,800,Senior Software Engineer,Engineering,Full-time,Market conditions,Large,Synthetic Practice Data
HCLTech,Chennai,Tamil Nadu,IT Services,225,0.126,2025-05-08,Post-IPO,India,0,QA Engineer,Quality Assurance,Full-time,Restructuring,Enterprise,Synthetic Practice Data
Zomato,New Delhi,Delhi,Food Delivery,1077,0.13,2023-05-28,Post-IPO,India,2500,Business Analyst,Business,Full-time,Cost cutting,Large,Synthetic Practice Data
Policybazaar,New Delhi,Delhi,Financial Services,860,0.017,2025-11-21,Post-IPO,India,800,Customer Support Executive,Customer Support,Intern,Business shutdown,Small,Synthetic Practice Data
OYO,Mumbai,Maharashtra,Travel,160,0.08,2025-01-16,Post-IPO,India,4300,DevOps Engineer,Engineering,Contract,Merger and acquisition,Medium,Synthetic Practice Data
PharmEasy,New Delhi,Delhi,HealthTech,674,0.086,2024-12-14,Late Stage,India,1200,UI/UX Designer,Design,Intern,Performance optimization,Small,Synthetic Practice Data
HCLTech,Chennai,Tamil Nadu,IT Services,639,0.106,2022-12-08,Post-IPO,India,0,Marketing Executive,Marketing,Intern,Market conditions,Startup,Synthetic Practice Data
Curefit,Hyderabad,Telangana,HealthTech,324,0.037,2023-04-07,Late Stage,India,700,DevOps Engineer,Engineering,Contract,Strategic restructuring,Small,Synthetic Practice Data
Moglix,Mumbai,Maharashtra,E-commerce,575,0.12,2026-05-31,Late Stage,India,650,Business Analyst,Business,Intern,Economic slowdown,Medium,Synthetic Practice Data
Tech Mahindra,Hyderabad,Telangana,IT Services,39,0.147,2024-10-29,Post-IPO,India,0,DevOps Engineer,Engineering,Full-time,Strategic restructuring,Startup,Synthetic Practice Data
Udaan,Mumbai,Maharashtra,E-commerce,55,0.089,2022-03-18,Late Stage,India,1200,Data Scientist,Data Science,Contract,Funding issues,Medium,Synthetic Practice Data
Zomato,Mumbai,Maharashtra,Food Delivery,297,0.216,2026-01-26,Post-IPO,India,2500,Business Analyst,Business,Full-time,Economic slowdown,Large,Synthetic Practice Data
Unacademy,Bengaluru,Karnataka,EdTech,581,0.052,2024-05-04,Late Stage,India,800,Product Manager,Product,Part-time,Business shutdown,Small,Synthetic Practice Data
Razorpay,Mumbai,Maharashtra,FinTech,646,0.056,2025-02-16,Late Stage,India,800,Operations Executive,Operations,Part-time,Cost cutting,Enterprise,Synthetic Practice Data
HCLTech,Hyderabad,Telangana,IT Services,560,0.033,2025-10-31,Post-IPO,India,0,Software Engineer,Engineering,Full-time,Economic slowdown,Startup,Synthetic Practice Data
Tech Mahindra,Pune,Maharashtra,IT Services,800,0.01,2021-08-28,Post-IPO,India,0,Product Manager,Product,Full-time,Market conditions,Enterprise,Synthetic Practice Data
Infosys,Chennai,Tamil Nadu,IT Services,1147,0.11,2024-11-23,Post-IPO,India,0,Business Analyst,Business,Intern,Funding issues,Large,Synthetic Practice Data
Zomato,Mumbai,Maharashtra,Food Delivery,677,0.014,2021-04-16,Post-IPO,India,2500,,Sales,Part-time,Funding issues,Startup,Synthetic Practice Data
BYJU'S,Mumbai,Maharashtra,EdTech,14,0.069,2021-06-30,Late Stage,India,5500,UI/UX Designer,Design,Full-time,Strategic restructuring,Startup,Synthetic Practice Data
Policybazaar,Gurugram,Haryana,Financial Services,1012,0.029,2025-04-22,Post-IPO,India,800,Sales Executive,Sales,Full-time,Merger and acquisition,Enterprise,Synthetic Practice Data
Dream11,Bengaluru,Karnataka,Gaming,496,0.232,2025-03-06,Late Stage,India,1000,Product Manager,Product,Full-time,Cost cutting,Medium,Synthetic Practice Data
PhonePe,Bengaluru,Karnataka,FinTech,194,0.103,2021-11-14,Late Stage,India,2200,Sales Executive,Sales,Intern,Strategic restructuring,Large,Synthetic Practice Data
ShareChat,New Delhi,Delhi,Social Media,207,0.09,2025-11-03,Late Stage,India,1300,Senior Software Engineer,Engineering,Full-time,Restructuring,Large,Synthetic Practice Data
Razorpay,Gurugram,Haryana,fintech,616,0.107,2023-09-22,Late Stage,India,800,Business Analyst,Business,Full-time,Restructuring,Medium,Synthetic Practice Data
Ather Energy,Chennai,Tamil Nadu,Automotive,625,0.1,2026-06-09,Late Stage,India,500,Data Scientist,Data Science,Full-time,Performance optimization,Medium,Synthetic Practice Data
Meesho,Gurugram,Haryana,E-commerce,677,0.129,2023-07-29,Late Stage,India,1200,Project Manager,Project Management,Part-time,Strategic restructuring,Medium,Synthetic Practice Data
Udaan,Gurugram,Haryana,E-commerce,256,0.126,2022-09-28,Late Stage,India,1200,Recruiter,Human Resources,Contract,Cost cutting,Startup,Synthetic Practice Data
HCLTech,Hyderabad,Telangana,IT Services,925,0.041,2024-01-06,Post-IPO,India,0,Project Manager,Project Management,Contract,Performance optimization,Enterprise,Synthetic Practice Data
Freshworks,Hyderabad,Telangana,SaaS,464,0.138,2024-06-23,Post-IPO,India,484,Product Manager,Product,Part-time,Cost cutting,Small,Synthetic Practice Data
Swiggy,Bengaluru,Karnataka,Food Delivery,1114,0.128,2025-05-15,Post-IPO,India,3600,Recruiter,Human Resources,Intern,Economic slowdown,Enterprise,Synthetic Practice Data
Lenskart,Mumbai,Maharashtra,Retail,159,0.087,2024-03-24,Late Stage,India,1500,marketing executive,Marketing,Part-time,Restructuring,Medium,Synthetic Practice Data
Lenskart,Bengaluru,Karnataka,Retail,270,0.149,2023-04-10,Late Stage,India,1500,Sales Executive,Sales,Intern,Restructuring ,Enterprise,Synthetic Practice Data
Flipkart,Kolkata,West Bengal,E-commerce,95,0.184,2021-12-14,Late Stage,India,8700,HR Executive,Human Resources,Part-time,Funding issues,Enterprise,Synthetic Practice Data
Moglix,Bengaluru,Karnataka,e-commerce,365,0.117,2021-03-29,Late Stage,India,650,Data Analyst,Analytics,Intern,,Small,Synthetic Practice Data
HCLTech,Bengaluru,Karnataka,IT Services,1122,0.056,2026-03-03,Post-IPO,India,0,Data Scientist,,Full-time,Market conditions,Enterprise,Synthetic Practice Data
Dream11,Gurugram,Haryana,Gaming,611,0.111,2026-01-17,Late Stage,India,1000,HR Executive,Human Resources,Part-time,Strategic restructuring,Medium,Synthetic Practice Data
CRED,Mumbai,Maharashtra,FinTech,204,0.208,2026-06-23,Late Stage,India,1000,Marketing Executive,Marketing,Part-time,Business shutdown,Enterprise,Synthetic Practice Data
Unacademy,New Delhi,Delhi,EdTech,125,0.098,2023-10-21,Late Stage,India,800,Data Scientist,Data Science,Part-time,Merger and acquisition,Startup,Synthetic Practice Data
Moglix,Mumbai,Maharashtra,E-commerce,681,0.08,2024-04-25,Late Stage,India,650,Data Analyst,Analytics,Full-time,Business shutdown,Large,Synthetic Practice Data
Wipro,Pune,Maharashtra,IT Services,291,0.087,2025-03-10,Post-IPO,India,0,Data Scientist,Data Science,Contract,Cost cutting,Large,Synthetic Practice Data
Wipro,Bengaluru,Karnataka,IT Services,1030,0.07,2024-01-31,Post-IPO,India,0,Data Analyst,Analytics,Contract,Funding issues,Large,Synthetic Practice Data
Lenskart,Bengaluru,Karnataka,Retail,18,0.105,2022-08-26,Late Stage,India,1500,HR Executive,Human Resources,Full-time,Automation,Small,Synthetic Practice Data
Razorpay,Mumbai,Maharashtra,FinTech,67,0.131,2022-12-03,Late Stage,India,800,Marketing Executive,Marketing,Intern,Restructuring,Large,Synthetic Practice Data
TCS,Mumbai,Maharashtra,IT Services,1061,0.119,2022-12-27,Post-IPO,India,0,Customer Support Executive,Customer Support,Intern,Strategic restructuring,Small,Synthetic Practice Data
Tech Mahindra,Pune,Maharashtra,IT Services,624,0.112,2024-06-13,Post-IPO,India,0,Data Analyst,Analytics,Intern,Market conditions,Medium,Synthetic Practice Data
BYJU'S,Bengaluru,Karnataka,EdTech,217,0.045,2022-12-12,Late Stage,India,5500,Recruiter,Human Resources,Part-time,Funding issues,Enterprise,Synthetic Practice Data
Freshworks,Chennai,Tamil Nadu,SaaS,690,0.09,2026-02-14,Post-IPO,India,484,DevOps Engineer,Engineering,Contract,Strategic restructuring,Startup,Synthetic Practice Data
PharmEasy,New Delhi,Delhi,HealthTech,584,0.12,2023-03-25,Late Stage,India,1200,Marketing Executive,Marketing,Full-time,Restructuring,Enterprise,Synthetic Practice Data
Lenskart,Bengaluru,Karnataka,Retail,341,0.245,2024-04-13,Late Stage,India,1500,Project Manager,Project Management,Contract,Business shutdown,Enterprise,Synthetic Practice Data
Accenture India,Mumbai,Maharashtra,IT Services,229,0.134,2025-10-28,Private,India,0,Data Analyst,Analytics,Full-time,Cost cutting,Enterprise,Synthetic Practice Data
Lenskart,Gurugram,Haryana,Retail,426,0.136,2021-10-24,Late Stage,India,1500,Project Manager,Project Management,Contract,Merger and acquisition,Medium,Synthetic Practice Data
HCLTech,Bengaluru,Karnataka,IT Services,403,0.146,2023-08-30,Post-IPO,India,0,Sales Executive,Sales,Part-time,Business shutdown,Large,Synthetic Practice Data
Moglix,Mumbai,Maharashtra,E-commerce,11,0.193,2021-02-21,Late Stage,India,650,QA Engineer,Quality Assurance,Contract,Cost cutting,Medium,Synthetic Practice Data
Udaan,Mumbai,Maharashtra,E-commerce,544,0.038,2026-03-10,Late Stage,India,1200,Customer Support Executive,Customer Support,Full-time,Economic slowdown,Small,Synthetic Practice Data
Dream11,Gurugram,Haryana,Gaming,656,0.083,2023-02-05,Late Stage,India,1000,Sales Executive,Sales,Intern,Market conditions,Startup,Synthetic Practice Data
Razorpay,Gurugram,Haryana,FinTech,202,0.065,2021-01-14,Late Stage,India,800,Recruiter,Human Resources,Intern,Restructuring,Medium,Synthetic Practice Data
Meesho,Bengaluru,Karnataka,E-commerce,379,0.088,2026-04-30,Late Stage,India,1200,Recruiter,Human Resources,Part-time,Merger and acquisition,Startup,Synthetic Practice Data
Tech Mahindra,Hyderabad,Telangana,IT Services,282,0.139,2022-07-29,Post-IPO,India,0,Data Scientist,Data Science,Full-time,Automation,Startup,Synthetic Practice Data
Flipkart,Gurugram,Haryana,E-commerce,424,0.083,2024-04-05,Late Stage,India,8700,Recruiter,Human Resources,Part-time,Performance optimization,Large,Synthetic Practice Data
ShareChat,Bengaluru,Karnataka,Social Media,247,0.069,2026-08-18,Late Stage,India,1300,Business Analyst,Business,Full-time,Business shutdown,Medium,Synthetic Practice Data
Lenskart,Bengaluru,Karnataka,Retail,677,0.033,2023-03-27,Late Stage,India,1500,UI/UX Designer,Design,Full-time,Restructuring,Enterprise,Synthetic Practice Data
Unacademy,New Delhi,Delhi,EdTech,27,0.163,2023-03-12,Late Stage,India,800,Data Scientist,Data Science,Contract,Strategic restructuring,Startup,Synthetic Practice Data
Paytm,Mumbai,Maharashtra,FinTech,92,0.133,2026-05-27,Post-IPO,India,5000,Finance Analyst,Finance,Intern,Economic slowdown,Large,Synthetic Practice Data
BYJU'S,Gurugram,Haryana,EdTech,631,0.072,2024-01-24,Late Stage,India,5500,Customer Support Executive,Customer Support,Intern,Performance optimization,Enterprise,Synthetic Practice Data
Ather Energy,Bengaluru,Karnataka,Automotive,127,0.227,2021-05-01,Late Stage,India,500,Business Analyst,Business,Part-time,Funding issues,Small,Synthetic Practice Data
TCS,Mumbai,Maharashtra,IT Services,934,0.062,2022-12-20,Post-IPO,India,0,data scientist,Data Science,Contract,Business shutdown,Small,Synthetic Practice Data
Zomato,Gurugram,Haryana,Food Delivery,608,0.069,2026-01-06,Post-IPO,India,2500,Product Manager,Product,Full-time,Funding issues,Small,Synthetic Practice Data
PharmEasy,Bengaluru,Karnataka,HealthTech,511,0.124,2023-06-06,Late Stage,India,1200,Data Scientist,Data Science,Full-time,Market conditions,Medium,Synthetic Practice Data
Infosys,Hyderabad,Telangana,IT Services,1170,0.131,2025-05-12,Post-IPO,India,0,Operations Executive,Operations,Full-time,Performance optimization,Enterprise,Synthetic Practice Data
Ather Energy,Chennai,Tamil Nadu,Automotive,251,0.235,2023-06-12,Late Stage,India,500,Recruiter,Human Resources,Intern,Economic slowdown,Startup,Synthetic Practice Data
HCLTech,Chennai,Tamil Nadu,IT Services,538,0.061,2024-01-05,Post-IPO,India,0,UI/UX Designer,Design,Part-time,Cost cutting,Startup,Synthetic Practice Data
OYO,New Delhi,Delhi,Travel,1148,0.086,2024-08-06,Post-IPO,India,4300,Sales Executive,Sales,Part-time,Funding issues,Large,Synthetic Practice Data
Ola,Chennai,Tamil Nadu,Transportation,298,0.115,2025-11-16,Late Stage,India,3200,Marketing Executive,Marketing,Part-time,Performance optimization,Medium,Synthetic Practice Data
OYO,Gurugram,Haryana,Travel,678,0.095,2026-08-16,Post-IPO,India,4300,Operations Executive,Operations,Contract,Economic slowdown,Startup,Synthetic Practice Data
ShareChat,New Delhi,Delhi,Social Media,337,0.229,2021-10-02,Late Stage,India,1300,Data Analyst,Analytics,Part-time,Restructuring,Large,Synthetic Practice Data
BYJU'S,Mumbai,Maharashtra,EdTech,677,0.037,2021-12-04,Late Stage,India,5500,Senior Software Engineer,Engineering,Part-time,Restructuring,Small,Synthetic Practice Data
Curefit,Hyderabad ,Telangana,HealthTech,265,0.207,2021-11-10,Late Stage,India,700,Senior Software Engineer,Engineering,Full-time,Cost cutting,Small,Synthetic Practice Data
Paytm,Noida,Uttar Pradesh,FinTech,1049,0.139,2024-01-24,Post-IPO,India,5000,Sales Executive,Sales,Part-time,Cost cutting,Medium,Synthetic Practice Data
Ather Energy,Chennai,Tamil Nadu,Automotive,361,0.109,2022-12-05,Late Stage,India,500,Finance Analyst,Finance,Contract,Market conditions,Enterprise,Synthetic Practice Data
Unacademy,Jaipur,Rajasthan,EdTech,367,0.177,2025-03-05,Late Stage,India,800,Operations Executive,Operations,Intern,Merger and acquisition,Medium,Synthetic Practice Data
BYJU'S,Gurugram,Haryana,EdTech,333,0.054,2025-10-08,Late Stage,India,5500,Senior Software Engineer,Engineering,Part-time,Market conditions,Enterprise,Synthetic Practice Data
Dream11,Gurugram,Haryana,Gaming,439,0.112,2024-05-31,Late Stage,India,1000,Senior Software Engineer,Engineering,Part-time,Funding issues,Medium,Synthetic Practice Data
Zomato,New Delhi,Delhi,Food Delivery,580,0.078,2023-07-06,Post-IPO,India,2500,QA Engineer,Quality Assurance,Part-time,Economic slowdown,Medium,Synthetic Practice Data
Tech Mahindra,Hyderabad,Telangana,IT Services,376,0.162,2024-05-17,Post-IPO,India,0,Customer Support Executive,Customer Support,Intern,Market conditions,Enterprise,Synthetic Practice Data
Meesho,Bengaluru,Karnataka,E-commerce,587,0.143,2026-03-20,Late Stage,India,1200,Finance Analyst,Finance,Full-time,Business shutdown,Medium,Synthetic Practice Data
ShareChat,Mumbai,Maharashtra,Social Media,448,0.189,2023-10-08,Late Stage,India,1300,Project Manager,Project Management,Full-time,Performance optimization,Medium,Synthetic Practice Data
Flipkart,Bengaluru,Karnataka,E-commerce,106,0.034,2026-04-04,Late Stage,India,8700,Operations Executive,Operations,Part-time,Strategic restructuring,Small,Synthetic Practice Data
Infosys,Pune,Maharashtra,IT Services,137,0.238,2022-12-19,Post-IPO,India,0,Marketing Executive,Marketing,Part-time,Automation,Large,Synthetic Practice Data
Moglix,Noida,Uttar Pradesh,E-commerce,692,0.067,2025-07-07,Late Stage,India,650,HR Executive,Human Resources,Part-time,Business shutdown,Enterprise,Synthetic Practice Data
Wipro,Hyderabad,Telangana,IT Services,1160,0.033,2024-07-24,Post-IPO,India,0,UI/UX Designer,Design,Part-time,Cost cutting,Startup,Synthetic Practice Data
PhonePe,Bengaluru,Karnataka,FinTech,236,0.191,2024-02-26,Late Stage,India,2200,Operations Executive,Operations,Full-time,Funding issues,Small,Synthetic Practice Data
ShareChat,New Delhi,Delhi,Social Media,75,0.109,2022-05-24,Late Stage,India,1300,UI/UX Designer,Design,Intern,Performance optimization,Startup,Synthetic Practice Data
BYJU'S,Gurugram,Haryana,EdTech,153,0.101,2024-04-19,Late Stage,India,5500,Marketing Executive,Marketing,Contract,Economic slowdown,Small,Synthetic Practice Data
Lenskart,Mumbai,Maharashtra,Retail,249,0.128,2024-09-05,Late Stage,India,1500,Sales Executive,Sales,Full-time,Strategic restructuring,Small,Synthetic Practice Data
BYJU'S,Bengaluru,Karnataka,EdTech,597,0.067,2025-09-07,Late Stage,India,5500,Recruiter,Human Resources,Intern,Business shutdown,Startup,Synthetic Practice Data
ShareChat,Mumbai,Maharashtra,Social Media,295,0.081,2025-10-03,Late Stage,India,1300,UI/UX Designer,Design,Intern,,Enterprise,Synthetic Practice Data
Lenskart,Bengaluru,Karnataka,Retail,622,0.055,2022-03-25,Late Stage,India,1500,Sales Executive,Sales,Contract,Automation,Startup,Synthetic Practice Data
Ather Energy,Chennai,Tamil Nadu,Automotive,657,0.101,2025-02-13,Late Stage,India,500,Marketing Executive,Marketing,Part-time,Cost cutting,Startup,Synthetic Practice Data
PhonePe,New Delhi,Delhi,FinTech,683,0.01,2024-05-16,Late Stage,India,2200,Data Scientist,Data Science,Intern,Cost cutting,Enterprise,Synthetic Practice Data
Accenture India,Hyderabad,Telangana,IT Services,43,0.094,2022-02-06,Private,India,0,Operations Executive,Operations,Contract,Cost cutting,Enterprise,Synthetic Practice Data
Ola,Bengaluru,Karnataka,Transportation,603,0.129,2023-10-09,Late Stage,India,3200,Sales Executive,Sales,Intern,Merger and acquisition,Medium,Synthetic Practice Data
Freshworks,Bengaluru,Karnataka,SaaS,107,0.099,2022-08-18,Post-IPO,India,484,Operations Executive,Operations,Contract,Strategic restructuring,Medium,Synthetic Practice Data
Ola,New Delhi,Delhi,Transportation,568,0.028,2022-06-30,Late Stage,India,3200,Software Engineer,Engineering,Contract,Funding issues,Medium,Synthetic Practice Data
Zomato,Gurugram,Haryana,Food Delivery,164,0.222,2024-10-30,Post-IPO,India,2500,Operations Executive,Operations,Contract,Business shutdown,Startup,Synthetic Practice Data
Unacademy,Jaipur,Rajasthan,EdTech,689,0.102,2025-06-03,Late Stage,India,800,QA Engineer,Quality Assurance,Full-time,Merger and acquisition,Small,Synthetic Practice Data
Razorpay,Bengaluru,Karnataka,FinTech,601,0.07,2025-05-19,Late Stage,India,800,Marketing Executive,Marketing,Full-time,Economic slowdown,Large,Synthetic Practice Data
Swiggy,Bengaluru,Karnataka,Food Delivery,675,0.076,2022-01-19,Post-IPO,India,3600,Customer Support Executive,Customer Support,Intern,Economic slowdown,Small,Synthetic Practice Data
Dream11,Gurugram,Haryana,Gaming,433,0.21,2022-09-09,Late Stage,India,1000,DevOps Engineer,Engineering,Part-time,Strategic restructuring,Medium,Synthetic Practice Data
Dream11,Gurugram,Haryana,Gaming,125,0.165,2023-04-16,Late Stage,India,1000,Senior Software Engineer,Engineering,Full-time,Market conditions,Medium,Synthetic Practice Data
ShareChat,New Delhi,Delhi,Social Media,498,0.092,2025-07-18,Late Stage,India,1300,Devops Engineer,Engineering,Intern,Market conditions,Small,Synthetic Practice Data
Paytm,Bengaluru,Karnataka,FinTech,172,0.237,2022-07-12,Post-IPO,India,5000,Project Manager,Project Management,Contract,Strategic restructuring,Startup,Synthetic Practice Data
Wipro,Hyderabad,Telangana,IT Services,298,0.129,2024-10-27,Post-IPO,India,0,QA Engineer,Quality Assurance,Full-time,Restructuring,Enterprise,Synthetic Practice Data
Accenture India,Mumbai,Maharashtra,IT Services,25,0.048,2024-02-14,Private,India,0,Marketing Executive,Marketing,Full-time,Business shutdown,Small,Synthetic Practice Data
TCS,Hyderabad,Telangana,IT Services,777,0.077,2022-03-23,Post-IPO,India,0,Product Manager,Product,Intern,Business shutdown,Medium,Synthetic Practice Data
Flipkart,Gurugram,Haryana,E-commerce,427,0.021,2024-01-25,Late Stage,India,8700,Data Scientist,Data Science,Contract,Strategic restructuring,Small,Synthetic Practice Data
ShareChat,Bengaluru,Karnataka,Social Media,521,0.143,2025-05-11,Late Stage,India,1300,Recruiter,Human Resources,Contract,Funding issues,Large,Synthetic Practice Data
TCS,Hyderabad,Telangana,IT Services,639,0.12,2025-03-09,Post-IPO,India,0,DevOps Engineer,Engineering,Contract,Economic slowdown,Enterprise,Synthetic Practice Data
Wipro,Hyderabad,Telangana,IT Services,1189,0.1,2021-03-05,Post-IPO,India,0,Finance Analyst,Finance,Contract,Cost cutting,Large,Synthetic Practice Data
Zomato,Gurugram,Haryana,Food Delivery,1012,0.013,2021-01-16,Post-IPO,India,2500,Operations Executive,Operations,Intern,Merger and acquisition,Enterprise,Synthetic Practice Data
Dream11,Mumbai,Maharashtra,Gaming,380,0.184,2024-08-08,Late Stage,India,1000,HR Executive,Human Resources,Contract,Performance optimization,Large,Synthetic Practice Data
CRED,Bengaluru,Karnataka,FinTech,647,0.131,2026-07-26,Late Stage,India,1000,Software Engineer,Engineering,Full-time,Restructuring,Small,Synthetic Practice Data
PhonePe,New Delhi,Delhi,FinTech,525,0.014,2021-09-18,Late Stage,India,2200,Data Scientist,Data Science,Contract,Funding issues,Large,Synthetic Practice Data
ShareChat,Mumbai,Maharashtra,Social Media,350,0.185,2022-02-16,Late Stage,India,1300,Finance Analyst,Finance,Intern,Economic slowdown,Medium,Synthetic Practice Data
Ather Energy,Pune,Maharashtra,Automotive,529,0.111,2022-08-27,Late Stage,India,500,HR Executive,Human Resources,Part-time,Performance optimization,Large,Synthetic Practice Data
Zomato,Gurugram,Haryana,Food Delivery,862,0.149,2022-05-12,Post-IPO,India,2500,Business Analyst,Business,Intern,Funding issues,Startup,Synthetic Practice Data
TCS,Chennai,Tamil Nadu,IT Services,379,0.161,2025-07-19,Post-IPO,India,0,HR Executive,Human Resources,contract,Market conditions,Enterprise,Synthetic Practice Data
Policybazaar,New Delhi,Delhi,Financial Services,113,0.24,2021-09-07,Post-IPO,India,800,Data Analyst,Analytics,Part-time,Performance optimization,Large,Synthetic Practice Data
Myntra,Mumbai,Maharashtra,E-commerce,221,0.037,2025-02-14,Late Stage,India,500,Data Analyst,Analytics,Full-time,Business shutdown,Startup,Synthetic Practice Data
Myntra,Gurugram,Haryana,E-commerce,365,0.143,2025-02-26,Late Stage,India,500,QA Engineer,Quality Assurance,Full-time,Restructuring,Enterprise,Synthetic Practice Data
CRED,Bengaluru,Karnataka,FinTech,585,0.087,2026-04-08,Late Stage,India,1000,Customer Support Executive,Customer Support,Contract,Business shutdown,Small,Synthetic Practice Data
Moglix,Noida,Uttar Pradesh,E-commerce,301,0.083,2025-07-26,Late Stage,India,650,Marketing Executive,Marketing,Contract,Performance optimization,Startup,Synthetic Practice Data
TCS,Hyderabad,Telangana,IT Services,1093,0.016,2022-09-05,Post-IPO,India,0,Senior Software Engineer,Engineering,Part-time,Funding issues,Enterprise,Synthetic Practice Data
ShareChat,,Delhi,Social Media,261,0.211,2021-12-21,Late Stage,India,1300,Project Manager,Project Management,Part-time,Business shutdown,Large,Synthetic Practice Data
Flipkart,Bengaluru,Karnataka,E-commerce,268,0.166,2021-12-09,Late Stage,India,8700,Customer Support Executive,Customer Support,Part-time,Economic slowdown,Startup,Synthetic Practice Data
Dream11,Gurugram,Haryana,Gaming,531,0.01,2021-02-20,Late Stage,India,1000,QA Engineer,Quality Assurance,Contract,Performance optimization,Startup,Synthetic Practice Data
TCS,Mumbai,Maharashtra,IT Services,224,0.15,2022-10-16,Post-IPO,India,0,Finance Analyst,Finance,Part-time,Business shutdown,Medium,Synthetic Practice Data
Curefit,Mumbai,Maharashtra,HealthTech,560,0.028,2022-05-21,Late Stage,India,700,Product Manager,Product,Intern,Restructuring,Large,Synthetic Practice Data
Ather Energy,Bengaluru,Karnataka,Automotive,592,0.012,2022-09-18,Late Stage,India,500,Recruiter,Human Resources,Full-time,Funding issues,Medium,Synthetic Practice Data
PharmEasy,Mumbai,Maharashtra,HealthTech,235,0.171,2026-02-19,Late Stage,India,1200,Operations Executive,Operations,Intern,Performance optimization,Startup,Synthetic Practice Data
Unacademy,New Delhi,Delhi,EdTech,406,0.198,2022-12-25,Late Stage,India,800,Product Manager,Product,Full-time,Market conditions,Startup,Synthetic Practice Data
Ather Energy,Pune,Maharashtra,Automotive,521,0.056,2026-02-01,Late Stage,India,500,Marketing Executive,Marketing,Part-time,Market conditions,Enterprise,Synthetic Practice Data
Ola,Mumbai,Maharashtra,Transportation,426,0.132,2023-09-12,Late Stage,India,3200,DevOps Engineer,Engineering,Contract,Automation,Large,Synthetic Practice Data
OYO,New Delhi,Delhi,Travel,679,0.116,2023-02-20,Post-IPO,India,4300,Sales Executive,Sales,Full-time,Cost cutting,Startup,Synthetic Practice Data
Policybazaar,Mumbai,Maharashtra,Financial Services,511,0.073,2024-10-04,Post-IPO,India,800,Data Analyst,Analytics,Full-time,Funding issues,Large,Synthetic Practice Data
Dream11,Mumbai,Maharashtra,Gaming,547,0.024,2025-10-12,Late Stage,India,1000,Customer Support Executive,Customer Support,Intern,Automation,Medium,Synthetic Practice Data
Curefit,Mumbai,Maharashtra,HealthTech,182,0.038,2022-04-13,Late Stage,India,700,Product Manager,Product,Part-time,Merger and acquisition,Enterprise,Synthetic Practice Data
Zomato,Gurugram,Haryana,Food Delivery,746,0.145,2026-04-01,Post-IPO,India,2500,Operations Executive,Operations,Full-time,Automation,Medium,Synthetic Practice Data
TCS,Mumbai,Maharashtra,IT Services,1093,0.024,2026-04-14,Post-IPO,India,0,UI/UX Designer,Design,Part-time,Performance optimization,Large,Synthetic Practice Data
Udaan,Bengaluru,Karnataka,E-commerce,307,0.077,2021-06-24,Late Stage,India,1200,QA Engineer,Quality Assurance,Intern,Economic slowdown,Enterprise,Synthetic Practice Data
Meesho,Mumbai,Maharashtra,E-commerce,479,0.168,2021-05-08,Late Stage,India,1200,Senior Software Engineer,Engineering,Part-time,Cost cutting,Large,Synthetic Practice Data
Flipkart,Gurugram,Haryana,E-commerce,55,0.165,2021-03-03,Late Stage,India,8700,Data Analyst,Analytics,Full-time,Economic slowdown,Small,Synthetic Practice Data
Swiggy,Hyderabad,Telangana,Food Delivery,58,0.067,2026-01-21,Post-IPO,India,3600,Business Analyst,Business,Full-time,Strategic restructuring,Large,Synthetic Practice Data
Ola,Mumbai,Maharashtra,Transportation,15,0.021,2026-06-12,Late Stage,India,3200,Recruiter,Human Resources,Part-time,Merger and acquisition,Enterprise,Synthetic Practice Data
Infosys,Hyderabad,Telangana,IT Services,1085,0.149,2024-03-08,Post-IPO,India,0,Marketing Executive,Marketing,Contract,Performance optimization,Startup,Synthetic Practice Data
Unacademy,New Delhi,Delhi,EdTech,456,0.047,2026-07-21,Late Stage,India,800,Data Scientist,Data Science,Intern,Cost cutting,Large,Synthetic Practice Data
BYJU'S,Gurugram,Haryana,EdTech,183,0.172,2024-03-08,Late Stage,India,5500,Business Analyst,Business,Intern,Merger and acquisition,Enterprise,Synthetic Practice Data
PharmEasy,New Delhi,Delhi,HealthTech,136,0.145,2023-03-25,Late Stage,India,1200,Operations Executive,Operations,Intern,Performance optimization,Enterprise,Synthetic Practice Data
Policybazaar,Gurugram,Haryana,Financial Services,1015,0.073,2024-06-06,Post-IPO,India,800,Business Analyst,Business,Part-time,Strategic restructuring,Small,Synthetic Practice Data
CRED,Bengaluru,Karnataka,FinTech,578,0.018,2022-05-01,Late Stage,India,1000,QA Engineer,Quality Assurance,Full-time,Merger and acquisition,Startup,Synthetic Practice Data
CRED,Gurugram,Haryana,FinTech,636,0.018,2021-12-26,Late Stage,India,1000,Business Analyst,Business,Contract,Automation,Enterprise,Synthetic Practice Data
Razorpay,Gurugram,Haryana,FinTech,501,0.089,2024-03-14,Late Stage,India,800,Data Scientist,Data Science,Intern,Performance optimization,Startup,Synthetic Practice Data
OYO,Mumbai,Maharashtra,Travel,203,0.101,2022-01-17,Post-IPO,India,4300,QA Engineer,Quality Assurance,Full-time,Strategic restructuring,Enterprise,Synthetic Practice Data
Accenture India,Hyderabad,Telangana,,33,0.084,2022-09-20,Private,India,0,Operations Executive,Operations,Contract,Business shutdown,Enterprise,Synthetic Practice Data
Freshworks,Chennai,Tamil Nadu,SaaS,821,0.147,2024-06-08,Post-IPO,India,484,Operations Executive,Operations,Intern,Strategic restructuring,Small,Synthetic Practice Data
Zomato,New Delhi,Delhi,Food Delivery,419,0.048,2021-04-19,Post-IPO,India,2500,Recruiter,Human Resources,Intern,Strategic restructuring,Medium,Synthetic Practice Data
Dream11,Mumbai,Maharashtra,Gaming,239,0.053,2022-12-16,Late Stage,India,1000,Operations Executive,Operations,Part-time,Market conditions,Medium,Synthetic Practice Data
Dream11,Mumbai,Maharashtra,Gaming,385,0.199,2024-04-13,Late Stage,India,1000,Operations Executive,Operations,Part-time,Performance optimization,Enterprise,Synthetic Practice Data
Wipro,Kolkata,West Bengal,IT Services,1031,0.145,2021-05-31,Post-IPO,India,0,Product Manager,Product,Contract,Business shutdown,Large,Synthetic Practice Data
CRED,Gurugram,Haryana,FinTech,31,0.105,2025-05-08,Late Stage,India,1000,Recruiter,Human Resources,Part-time,Automation,Enterprise,Synthetic Practice Data
BYJU'S,Mumbai,Maharashtra,EdTech,518,0.043,2025-07-18,Late Stage,India,5500,Senior Software Engineer,Engineering,Intern,Merger and acquisition,Small,Synthetic Practice Data
Lenskart,New Delhi,Delhi,Retail,152,0.082,2024-01-05,Late Stage,India,1500,Marketing Executive,Marketing,Contract,Automation,Small,Synthetic Practice Data
Ola,Bengaluru,Karnataka,Transportation,651,0.115,2025-01-21,Late Stage,India,3200,Data Scientist,Data Science,Contract,Performance optimization,Medium,Synthetic Practice Data
Policybazaar,Gurugram,Haryana,Financial Services,671,0.143,2025-05-15,Post-IPO,India,800,Senior Software Engineer,Engineering,Contract,Economic slowdown,Medium,Synthetic Practice Data
PhonePe,Bengaluru,Karnataka,FinTech,280,0.143,2026-02-06,Late Stage,India,2200,Marketing Executive,Marketing,Full-time,Funding issues,Medium,Synthetic Practice Data
OYO,New Delhi,Delhi,Travel,240,0.235,2026-02-11,Post-IPO,India,4300,Operations Executive,Operations,Part-time,Business shutdown,Small,Synthetic Practice Data
PhonePe,,Delhi,FinTech,514,0.026,2022-08-30,Late Stage,India,2200,Finance Analyst,Finance,Intern,Restructuring,Medium,Synthetic Practice Data
Unacademy,Bengaluru,Karnataka,EdTech,422,0.053,2025-07-04,Late Stage,India,800,Data Scientist,Data Science,Part-time,Cost cutting,Large,Synthetic Practice Data
Freshworks,Chennai,Tamil Nadu,SaaS,603,0.054,2026-05-23,Post-IPO,India,484,Customer Support Executive,Customer Support,Contract,Cost cutting,Medium,Synthetic Practice Data
HCLTech,Hyderabad,Telangana,,1092,0.109,2022-10-17,Post-IPO,India,0,Sales Executive,Sales,Full-time,Market conditions,Enterprise,Synthetic Practice Data
Ather Energy,Chennai,Tamil Nadu,Automotive,175,0.2,2024-02-10,Late Stage,India,500,Recruiter,Human Resources,Part-time,Cost cutting,Large,Synthetic Practice Data
Swiggy,New Delhi,Delhi,Food Delivery,1002,0.075,2025-01-09,Post-IPO,India,3600,Data Analyst,Analytics,Part-time,Business shutdown,Large,Synthetic Practice Data
ShareChat,New Delhi,Delhi,Social Media,680,0.12,2022-03-31,Late Stage,India,1300,Data Analyst,Analytics,Intern,Funding issues,Small,Synthetic Practice Data
Lenskart,Gurugram,Haryana,Retail,230,0.029,2021-09-05,Late Stage,India,1500,Software Engineer,Engineering,Part-time,Market conditions,Enterprise,Synthetic Practice Data
Myntra,Mumbai,Maharashtra,E-commerce,166,0.224,2022-01-03,Late Stage,India,500,Marketing Executive,Marketing,Full-time,Automation,Large,Synthetic Practice Data
Moglix,Noida,Uttar Pradesh, E-commerce,85,0.095,2026-05-17,Late Stage,India,650,Customer Support Executive,Customer Support,Intern,Strategic restructuring,Large,Synthetic Practice Data
Wipro,,Telangana,IT Services,295,0.113,2024-08-16,Post-IPO,India,0,Finance Analyst,Finance,Contract,Performance optimization,Startup,Synthetic Practice Data
Dream11,Gurugram,Haryana,Gaming,265,0.058,2025-05-16,Late Stage,India,1000,Customer Support Executive,Customer Support,Intern,Market conditions,Small,Synthetic Practice Data
Lenskart,Gurugram,Haryana,Retail,499,0.063,2024-02-18,Late Stage,India,1500,Sales Executive,Sales,Intern,Market conditions,Large,Synthetic Practice Data
Unacademy,Bengaluru,Karnataka,EdTech,560,0.04,2023-11-26,Late Stage,India,800,Recruiter,Human Resources,Contract,Merger and acquisition,Large,Synthetic Practice Data
BYJU'S,Mumbai,Maharashtra,EdTech,576,0.093,2025-11-21,Late Stage,India,5500,Sales Executive,Sales,Contract,Market conditions,Medium,Synthetic Practice Data
OYO,Bengaluru,Karnataka,Travel,1062,0.066,2021-06-14,Post-IPO,India,4300,Data Analyst,Analytics,Contract,Cost cutting,Startup,Synthetic Practice Data
Tech Mahindra,Pune,Maharashtra,IT Services,264,0.142,2021-06-21,Post-IPO,India,0,DevOps Engineer,Engineering,Full-time,Performance optimization,Medium,Synthetic Practice Data
Moglix, Noida,Uttar Pradesh,E-commerce,312,0.182,2025-12-29,Late Stage,India,650,Data Analyst,Analytics,Part-time,Market conditions,Startup,Synthetic Practice Data
Paytm,Mumbai,Maharashtra,FinTech,246,0.049,2022-07-07,Post-IPO,India,5000,Recruiter,Human Resources,Full-time,Strategic restructuring,Small,Synthetic Practice Data
Myntra,Mumbai,Maharashtra,E-commerce,420,0.133,2021-08-08,Late Stage,India,500,QA Engineer,Quality Assurance,Full-time,Economic slowdown,Small,Synthetic Practice Data
TCS,Bengaluru,Karnataka,IT Services,364,0.043,2022-12-02,Post-IPO,India,0,Business Analyst,Business,Intern,Restructuring,Medium,Synthetic Practice Data
Flipkart,Gurugram,Haryana,E-commerce,258,0.18,2023-04-18,Late Stage,India,8700,QA Engineer,Quality Assurance,Intern,Market conditions,Small,Synthetic Practice Data
Paytm,Mumbai,Maharashtra,FinTech,575,0.134,2025-01-27,Post-IPO,India,5000,Project Manager,Project Management,Intern,Strategic restructuring,Enterprise,Synthetic Practice Data
Udaan,Gurugram,Haryana,E-commerce,308,0.115,2021-12-13,Late Stage,India,1200,Marketing Executive,Marketing,Full-time,Merger and acquisition,Small,Synthetic Practice Data
CRED,Gurugram,Haryana,FinTech,315,0.107,2021-06-17,Late Stage,India,1000,DevOps Engineer,Engineering,Intern,Economic slowdown,Enterprise,Synthetic Practice Data
Infosys,Pune,Maharashtra,IT Services,811,0.069,2022-02-06,Post-IPO,India,0,Sales Executive,Sales,Contract,Business shutdown,Medium,Synthetic Practice Data
Myntra,Bengaluru,Karnataka,E-commerce,285,0.17,2021-03-24,Late Stage,India,500,Product Manager,Product,Contract,Cost cutting,Large,Synthetic Practice Data
Udaan,Mumbai,Maharashtra,E-commerce,400,0.109,2024-07-04,Late Stage,India,1200,HR Executive,Human Resources,Full-time,,Startup,Synthetic Practice Data
Swiggy,Hyderabad,Telangana,Food Delivery,816,0.053,2024-03-27,Post-IPO,India,3600,HR Executive,Human Resources,Intern,Funding issues,Medium,Synthetic Practice Data
Dream11,Bengaluru,Karnataka,Gaming,463,0.156,2024-11-26,Late Stage,India,1000,DevOps Engineer,Engineering,Part-time,Funding issues,Medium,Synthetic Practice Data
Ather Energy,Chennai,Tamil Nadu,Automotive,579,0.055,2024-08-08,Late Stage,India,500,Product Manager,Product,Part-time,Merger and acquisition,Medium,Synthetic Practice Data
Wipro,Pune,Maharashtra,IT Services,825,0.133,2023-07-09,Post-IPO,India,0,Sales Executive,Sales,Contract,Cost cutting,Startup,Synthetic Practice Data
TCS,Hyderabad,Telangana,IT Services,996,0.131,2022-08-29,Post-IPO,India,0,Senior Software Engineer,Engineering,Part-time,Restructuring,Medium,Synthetic Practice Data
Udaan,Bengaluru,Karnataka,E-commerce,104,0.112,2022-12-31,Late Stage,India,1200,DevOps Engineer,Engineering,Intern,Performance optimization,Large,Synthetic Practice Data
Razorpay,Bengaluru,Karnataka,FinTech,575,0.111,2021-02-04,Late Stage,India,800,Operations Executive,Operations,Intern,Cost cutting,Small,Synthetic Practice Data
BYJU'S,Gurugram,Haryana,EdTech,317,0.177,2021-11-27,Late Stage,India,5500,Product Manager,Product,Contract,Cost cutting,Startup,Synthetic Practice Data
Wipro,Hyderabad,Telangana,IT Services,1114,0.091,2026-08-11,Post-IPO,India,0,HR Executive,Human Resources,Full-time,Business shutdown,Large,Synthetic Practice Data
Policybazaar,Mumbai,Maharashtra,Financial Services,902,0.124,2026-03-23,Post-IPO,India,800,Business Analyst,Business,Full-time,Automation,Small,Synthetic Practice Data
Infosys,Bengaluru,Karnataka,IT Services,1000,0.016,2023-06-17,Post-IPO,India,0,Senior Software Engineer,Engineering,Contract,Performance optimization,Small,Synthetic Practice Data
Myntra,Gurugram,Haryana,E-commerce,562,0.116,2023-04-04,Late Stage,India,500,Customer Support Executive,Customer Support,Contract,Business shutdown,Large,Synthetic Practice Data
Lenskart,New Delhi,Delhi,Retail,271,0.154,2022-11-10,Late Stage,India,1500,Software Engineer,Engineering,Intern,Market conditions,Enterprise,Synthetic Practice Data
PhonePe,New Delhi,Delhi,FinTech,399,0.042,2024-11-14,Late Stage,India,2200,Software Engineer,Engineering,Part-time,Funding issues,Large,Synthetic Practice Data
TCS,Hyderabad,Telangana,IT Services,805,0.018,2025-10-13,Post-IPO,India,0,Senior Software Engineer,Engineering,Full-time,Market conditions,Small,Synthetic Practice Data
Unacademy,New Delhi,Delhi,EdTech,217,0.104,2021-05-15,Late Stage,India,800,Software Engineer,Engineering,Contract,Market conditions,Startup,Synthetic Practice Data
Policybazaar,New Delhi,Delhi,Financial Services,1139,0.021,2024-08-11,Post-IPO,India,800,DevOps Engineer,Engineering,Intern,Automation,Small,Synthetic Practice Data
Udaan,Bengaluru,Karnataka,E-commerce,640,0.082,2023-09-26,Late Stage,India,1200,Project Manager,Project Management,Part-time,Cost cutting,Medium,Synthetic Practice Data
TCS,Hyderabad,Telangana,IT Services,120,0.123,2025-06-24,Post-IPO,India,0,Business Analyst,Business,Intern,Performance optimization,Small,Synthetic Practice Data
Infosys,Hyderabad,Telangana,IT Services,128,0.127,2021-02-04,Post-IPO,India,0,Business Analyst,Business,Part-time,Restructuring,Large,Synthetic Practice Data
Ather Energy,Pune,Maharashtra,Automotive,141,0.244,2025-06-02,Late Stage,India,500,Project Manager,Project Management,Full-time,Funding issues,Medium,Synthetic Practice Data
Tech Mahindra,Pune,Maharashtra,IT Services,317,0.216,2024-05-07,Post-IPO,India,0,Sales Executive,Sales,Full-time,Funding issues,Startup,Synthetic Practice Data
Wipro,Hyderabad,Telangana,IT Services,1091,0.111,2023-08-11,Post-IPO,India,0,Marketing Executive,Marketing,Intern,Cost cutting,Large,Synthetic Practice Data
Razorpay,Mumbai,Maharashtra,FinTech,363,0.249,2026-06-01,Late Stage,India,800,UI/UX Designer,Design,Contract,Restructuring,Medium,Synthetic Practice Data
Flipkart,Bengaluru,Karnataka,E-commerce,124,0.098,2024-02-10,Late Stage,India,8700,Senior Software Engineer,Engineering,Full-time,Business shutdown,Large,Synthetic Practice Data
Dream11,Gurugram,Haryana,Gaming,208,0.02,2021-04-09,Late Stage,India,1000,Product Manager,Product,Part-time,Automation,Startup,Synthetic Practice Data
Unacademy,Jaipur,Rajasthan,EdTech,456,0.053,2026-02-07,Late Stage,India,800,Finance Analyst,Finance,Full-time,Economic slowdown,Large,Synthetic Practice Data
Flipkart,Gurugram,Haryana,E-commerce,192,0.219,2025-07-01,Late Stage,India,8700,QA Engineer,Quality Assurance,Part-time,Merger and acquisition,Large,Synthetic Practice Data
Freshworks,Hyderabad,Telangana,SaaS,496,0.025,2022-05-24,Post-IPO,India,484,Product Manager,Product,Full-time,Business shutdown,Small,Synthetic Practice Data
Curefit,Bengaluru,Karnataka,HealthTech,56,0.073,2023-05-20,Late Stage,India,700,Customer Support Executive,Customer Support,Intern,Cost cutting,Small,Synthetic Practice Data
Dream11,Bengaluru,Karnataka,Gaming,510,0.01,2024-11-29,Late Stage,India,1000,Business Analyst,Business,Contract,Restructuring,Startup,Synthetic Practice Data
Accenture India,Mumbai,Maharashtra,IT Services,183,0.226,2022-01-13,Private,India,0,QA Engineer,Quality Assurance,Full-time,Market conditions,Startup,Synthetic Practice Data
Paytm,Noida,Uttar Pradesh ,FinTech,859,0.061,2024-12-12,Post-IPO,India,5000,Product Manager,Product,Intern,Merger and acquisition,Enterprise,Synthetic Practice Data
Infosys,Hyderabad,Telangana,IT Services,840,0.057,2021-03-31,Post-IPO,India,0,Recruiter,Human Resources,Full-time,Economic slowdown,Medium,Synthetic Practice Data
Ola,,Karnataka,Transportation,212,0.081,2023-02-15,Late Stage,India,3200,DevOps Engineer,Engineering,Contract,Restructuring,Startup,Synthetic Practice Data
Razorpay,Bengaluru,Karnataka,FinTech,496,0.078,2022-01-13,Late Stage,India,800,Finance Analyst,Finance,Full-time,Restructuring,Small,Synthetic Practice Data
Ola,Chennai,Tamil Nadu,Transportation,406,0.225,2021-05-01,Late Stage,India,3200,Senior Software Engineer,Engineering,Part-time,,Medium,Synthetic Practice Data
Flipkart,Bengaluru,Karnataka,E-commerce,446,0.076,2025-07-07,Late Stage,India,8700,Data Analyst,Analytics,Full-time,Restructuring,Enterprise,Synthetic Practice Data
CRED,Gurugram,Haryana,FinTech,338,0.044,2024-09-05,Late Stage,India,1000,Data Scientist,Data Science,Part-time,Business shutdown,Medium,Synthetic Practice Data
Moglix,Bengaluru,Karnataka,E-commerce,298,0.199,2026-08-22,Late Stage,India,650,Operations Executive,Operations,Intern,Merger and acquisition,Large,Synthetic Practice Data
Lenskart,Bengaluru,Karnataka,Retail,121,0.166,2024-11-11,Late Stage,India,1500,Customer Support Executive,Customer Support,Full-time,Economic slowdown,Medium,Synthetic Practice Data
HCLTech,Hyderabad,Telangana,IT Services,145,0.041,2022-07-24,Post-IPO,India,0,Recruiter,Human Resources,Intern,Strategic restructuring,Startup,Synthetic Practice Data
Flipkart,Kolkata,West Bengal,E-commerce,682,0.141,2026-07-18,Late Stage,India,8700,DevOps Engineer,Engineering,Contract,Merger and acquisition,Large,Synthetic Practice Data
HCLTech,Hyderabad,Telangana,IT Services,549,0.049,2026-01-21,Post-IPO,India,0,Product Manager,Product,Contract,Business shutdown,Small,Synthetic Practice Data
TCS,Hyderabad,Telangana,IT Services,204,0.235,2023-08-23,Post-IPO,India,0,Project Manager,Project Management,Part-time,Business shutdown,Small,Synthetic Practice Data
Swiggy,Bengaluru,Karnataka,Food Delivery,928,0.072,2023-08-26,Post-IPO,India,3600,Sales Executive,Sales,Contract,Funding issues,Startup,Synthetic Practice Data
HCLTech,Chennai,Tamil Nadu,IT Services,1101,0.134,2021-02-19,Post-IPO,India,0,Finance Analyst,Finance,Full-time,Funding issues,Medium,Synthetic Practice Data
Accenture India,Hyderabad,Telangana,IT Services,178,0.062,2024-10-11,Private,India,0,Customer Support Executive,Customer Support,Intern,Economic slowdown,Small,Synthetic Practice Data
Freshworks,Chennai,Tamil Nadu,SaaS,969,0.138,2023-08-04,Post-IPO,India,484,Finance Analyst,Finance,Intern,Funding issues,Enterprise,Synthetic Practice Data
Curefit,Mumbai,Maharashtra,HealthTech,30,0.155,2025-10-17,Late Stage,India,700,Data Analyst,Analytics,Intern,Restructuring,Medium,Synthetic Practice Data
Accenture India,Mumbai,Maharashtra,IT Services,241,0.073,2025-07-18,Private,India,0,Recruiter,Human Resources,Intern,Economic slowdown,Small,Synthetic Practice Data
Udaan,Gurugram,Haryana,E-commerce,397,0.091,2024-04-21,Late Stage,India,1200,Product Manager,Product,Contract,Economic slowdown,Small,Synthetic Practice Data
Udaan,Bengaluru,Karnataka,E-commerce,214,0.108,2022-02-09,Late Stage,India,1200,UI/UX Designer,Design,Contract,Cost cutting,Large,Synthetic Practice Data
Infosys,Hyderabad,Telangana,IT Services,282,0.159,2026-05-08,Post-IPO,India,,UI/UX Designer,Design,Intern,Performance optimization,Enterprise,Synthetic Practice Data
Razorpay,Gurugram,Haryana,FinTech,619,0.066,2021-12-11,Late Stage,India,800,DevOps Engineer,Engineering,Part-time,Economic slowdown,Enterprise,Synthetic Practice Data
Tech Mahindra,Kolkata,West Bengal,IT Services,943,0.134,2021-04-20,Post-IPO,India,0,DevOps Engineer,Engineering,Contract,Market conditions,Startup,Synthetic Practice Data
Curefit,Mumbai,Maharashtra,HealthTech,390,0.08,2024-04-19,Late Stage,India,700,Customer Support Executive,Customer Support,Part-time,Automation,Startup,Synthetic Practice Data
Curefit,Mumbai,Maharashtra,HealthTech,443,0.157,2024-01-18,Late Stage,India,700,Customer Support Executive,Customer Support,Intern,Funding issues,Enterprise,Synthetic Practice Data
Flipkart,Mumbai,Maharashtra,E-commerce,625,0.127,2025-03-27,Late Stage,India,8700,Data Analyst,Analytics,Full-time,Economic slowdown,Large,Synthetic Practice Data
CRED,Mumbai,Maharashtra,FinTech,137,0.029,2021-01-06,Late Stage,India,1000,Senior Software Engineer,Engineering,Part-time,Economic slowdown,Large,Synthetic Practice Data
Lenskart,Gurugram,Haryana,Retail,251,0.205,2023-08-16,Late Stage,India,1500,Operations Executive,Operations,Part-time,Funding issues,Medium,Synthetic Practice Data
CRED,Bengaluru,Karnataka,FinTech,79,0.191,2021-03-25,Late Stage,India,1000,DevOps Engineer,Engineering,Part-time,Market conditions,Large,Synthetic Practice Data
Udaan,Mumbai,Maharashtra,E-commerce,505,0.15,2025-11-12,Late Stage,India,1200,Data Scientist,Data Science,Intern,Business shutdown,Enterprise,Synthetic Practice Data
Ather Energy,Chennai,Tamil Nadu,Automotive,379,0.05,2024-11-27,Late Stage,India,500,Software Engineer,Engineering,Part-time,Market conditions,Small,Synthetic Practice Data
Dream11,Gurugram,Haryana,Gaming,91,0.138,2026-01-01,Late Stage,India,1000,Senior Software Engineer,Engineering,Intern,Cost cutting,Startup,Synthetic Practice Data
Infosys,Chennai,Tamil Nadu,IT Services,1057,0.096,2024-03-10,Post-IPO,India,0,Customer Support Executive,Customer Support,Full-time,Restructuring,Startup,Synthetic Practice Data
Zomato,New Delhi,Delhi,Food Delivery,1030,0.042,2025-12-27,Post-IPO,India,2500,Product Manager,Product,Part-time,Restructuring,Startup,Synthetic Practice Data
Myntra,Gurugram,Haryana,E-commerce,370,0.057,2026-08-13,Late Stage,India,500,Project Manager,Project Management,Part-time,Strategic restructuring,Small,Synthetic Practice Data
Lenskart,Mumbai,Maharashtra,Retail,178,0.118,2026-06-05,Late Stage,India,1500,Business Analyst,Business,Full-time,Performance optimization,Startup,Synthetic Practice Data
ShareChat,New Delhi,Delhi,Social Media,170,0.143,2022-07-13,Late Stage,India,1300,Software Engineer,Engineering,Intern,Market conditions,Enterprise,Synthetic Practice Data
Myntra,Bengaluru,Karnataka,E-commerce,620,0.027,2022-08-04,Late Stage,India,500,QA Engineer,Quality Assurance,Intern,Business shutdown,Medium,Synthetic Practice Data
Wipro,Hyderabad,Telangana,IT Services,707,0.102,2025-12-03,Post-IPO,India,0,Data Scientist,Data Science,Contract,Cost cutting,Large,Synthetic Practice Data
Policybazaar,Gurugram,Haryana,Financial Services,1199,0.063,2024-05-22,Post-IPO,India,800,Recruiter,Human Resources,Part-time,Automation,Small,Synthetic Practice Data
Wipro,Bengaluru,Karnataka,IT Services,307,0.128,2024-02-18,Post-IPO,India,0,Product Manager,Product,Intern,Economic slowdown,Small,Synthetic Practice Data
Myntra,Bengaluru,Karnataka,E-commerce,371,0.241,2021-10-02,Late Stage,India,500,Finance Analyst,Finance,Full-time,Funding issues,Large,Synthetic Practice Data
TCS,Chennai,Tamil Nadu,IT Services,687,0.088,2023-03-28,Post-IPO,India,0,Customer Support Executive,Customer Support,Intern,Performance optimization,Enterprise,Synthetic Practice Data
Policybazaar,Mumbai,Maharashtra,Financial Services,438,0.238,2021-09-18,Post-IPO,India,800,Marketing Executive,Marketing,Intern,Merger and acquisition,Large,Synthetic Practice Data
Lenskart,Gurugram,Haryana,Retail,245,0.16,2024-12-14,Late Stage,India,1500,Finance Analyst,Finance,Part-time,Performance optimization,Small,Synthetic Practice Data
 OYO,New Delhi,Delhi,Travel,1032,0.041,2023-06-16,Post-IPO,India,4300,Project Manager,Project Management,Full-time,Performance optimization,Small,Synthetic Practice Data
Unacademy,New Delhi,Delhi,EdTech,297,0.227,2021-05-15,Late Stage,India,800,Senior Software Engineer,Engineering,Full-time,Economic slowdown,Medium,Synthetic Practice Data
Infosys,Pune,Maharashtra,IT Services,99,0.152,2026-01-09,Post-IPO,India,0,Project Manager,Project Management,Intern,Performance optimization,Enterprise,Synthetic Practice Data
Meesho,Gurugram,Haryana,E-commerce,173,0.067,2026-03-13,Late Stage,India,1200,Project Manager,Project Management,Intern,Funding issues,Startup,Synthetic Practice Data
Unacademy,Jaipur,Rajasthan,EdTech,450,0.069,2025-05-11,Late Stage,India,800,Product Manager,Product,Full-time,Performance optimization,Enterprise,Synthetic Practice Data
Wipro,Pune,Maharashtra,IT Services,498,0.23,2021-03-18,Post-IPO,India,0,Software Engineer,Engineering,Intern,Business shutdown,Enterprise,Synthetic Practice Data
PharmEasy,Bengaluru,Karnataka,HealthTech,117,0.118,2021-11-14,Late Stage,India,1200,UI/UX Designer,Design,Full-time,Market conditions,Small,Synthetic Practice Data
Meesho,Bengaluru,Karnataka,E-commerce,100,0.108,2025-12-24,Late Stage,India,1200,Data Analyst,Analytics,Full-time,Performance optimization,Small,Synthetic Practice Data
TCS,Hyderabad,Telangana,IT Services,213,0.126,2022-07-27,Post-IPO,India,0,Operations Executive,Operations,Contract,Restructuring,Startup,Synthetic Practice Data
Udaan,Gurugram,Haryana,E-commerce,299,0.089,2023-08-01,Late Stage,India,1200,Senior Software Engineer,Engineering,Contract,Performance optimization,Startup,Synthetic Practice Data
BYJU'S,Mumbai,Maharashtra,EdTech,33,0.034,2023-08-20,Late Stage,India,5500,Data Scientist,data science,Contract,Business shutdown,Startup,Synthetic Practice Data
Dream11,Gurugram,Haryana,Gaming,320,0.216,2024-04-28,Late Stage,India,1000,Operations Executive,Operations,Part-time,Business shutdown,Enterprise,Synthetic Practice Data
Curefit,Bengaluru,Karnataka,HealthTech,98,0.121,2022-01-30,Late Stage,India,700,Customer Support Executive,Customer Support,Contract,Performance optimization,Startup,Synthetic Practice Data
Unacademy,Bengaluru,Karnataka,EdTech,82,0.19,2021-11-27,Late Stage,India,800,Senior Software Engineer,Engineering,Part-time,Merger and acquisition,Large,Synthetic Practice Data
Razorpay,Gurugram,Haryana,FinTech,429,0.209,2021-10-30,Late Stage,India,800,Finance Analyst,Finance,Intern,Economic slowdown,Medium,Synthetic Practice Data
PharmEasy,Bengaluru,Karnataka,HealthTech,586,0.127,2025-11-19,Late Stage,India,1200,Software Engineer,Engineering,Full-time,Merger and acquisition,Large,Synthetic Practice Data
PhonePe,New Delhi,Delhi,FinTech,312,0.095,2025-08-29,Late Stage,India,2200,Data Analyst,Analytics,Full-time,Economic slowdown,Small,Synthetic Practice Data
Moglix,Bengaluru,Karnataka,E-commerce,153,0.202,2021-11-18,Late Stage,India,650,Recruiter,Human Resources,Intern,Merger and acquisition,Medium,Synthetic Practice Data
Dream11,Mumbai,Maharashtra,Gaming,251,0.166,2024-08-22,Late Stage,India,1000,Business Analyst,Business,Full-time,Cost cutting,Small,Synthetic Practice Data
Ather Energy,Bengaluru,Karnataka,Automotive,175,0.188,2023-10-17,Late Stage,India,500,DevOps Engineer,Engineering,Intern,Strategic restructuring,Small,Synthetic Practice Data
Moglix,Noida,Uttar Pradesh,E-commerce,74,0.159,2025-10-14,Late Stage,India,650,Recruiter,Human Resources,Part-time,Cost cutting,Enterprise,Synthetic Practice Data
TCS,Hyderabad,Telangana,IT Services,1104,0.111,2024-03-20,Post-IPO,India,0,Software Engineer,Engineering,Full-time,Cost cutting,Enterprise,Synthetic Practice Data
Infosys,Hyderabad,Telangana,IT Services,463,0.161,2022-01-24,Post-IPO,India,0,HR Executive,Human Resources,Intern,Cost cutting,Small,Synthetic Practice Data
Swiggy,Bengaluru,Karnataka,Food Delivery,645,0.115,2021-01-04,Post-IPO,India,3600,Marketing Executive,Marketing,Part-time,Cost cutting,Large,Synthetic Practice Data
Infosys,Pune,Maharashtra,IT Services,617,0.047,2024-07-14,Post-IPO,India,0,Data Analyst,Analytics,Contract,Market conditions,Medium,Synthetic Practice Data
Razorpay,Bengaluru,Karnataka,FinTech,575,0.111,2021-02-04,Late Stage,India,800,Operations Executive,Operations,Intern,Cost cutting,Small,Synthetic Practice Data
Unacademy,New Delhi,Delhi,EdTech,682,0.086,2022-01-30,Late Stage,India,800,Data Analyst,Analytics,Part-time,Automation,Large,Synthetic Practice Data
Freshworks,Bengaluru,Karnataka,SaaS,494,0.188,2025-11-13,Post-IPO,India,484,Data Analyst,Analytics,Intern,Funding issues,Small,Synthetic Practice Data
Meesho,Mumbai,Maharashtra,E-commerce,77,0.044,2025-12-05,Late Stage,India,1200,Business Analyst,Business,Contract,Strategic restructuring,Large,Synthetic Practice Data
Lenskart,New Delhi,Delhi,Retail,111,0.087,2025-08-16,Late Stage,India,1500,Software Engineer,Engineering,Part-time,Cost cutting,Large,Synthetic Practice Data
Ather Energy,Chennai,Tamil Nadu,Automotive,281,0.113,2022-09-08,Late Stage,India,500,Operations Executive,Operations,Full-time,Restructuring,Enterprise,Synthetic Practice Data
Moglix,Bengaluru,Karnataka,E-commerce,643,0.051,2023-10-07,Late Stage,India,650,Marketing Executive,Marketing,Full-time,Restructuring,Startup,Synthetic Practice Data
PhonePe,New Delhi,Delhi,FinTech,459,0.118,2025-03-21,Late Stage,India,2200,Data Analyst,Analytics,Full-time,Restructuring,Enterprise,Synthetic Practice Data
Ather Energy,Bengaluru,Karnataka,Automotive,666,0.029,2025-06-30,Late Stage,India,500,Data Scientist,Data Science,Intern,Performance optimization,Medium,Synthetic Practice Data
Flipkart,Gurugram,Haryana,E-commerce,101,0.236,2024-07-10,Late Stage,India,8700,Operations Executive,Operations,Contract,Funding issues,Small,Synthetic Practice Data
Razorpay,Mumbai,Maharashtra,FinTech,361,0.187,2023-06-30,Late Stage,India,800,Senior Software Engineer,Engineering,Contract,Merger and acquisition,Large,Synthetic Practice Data
TCS,Hyderabad,Telangana,IT Services,580,0.085,2025-09-04,Post-IPO,India,0,Senior Software Engineer,Engineering,Full-time,Cost cutting,Enterprise,Synthetic Practice Data
Meesho,Bengaluru,Karnataka,E-commerce,35,0.168,2025-12-23,Late Stage,India,1200,QA Engineer,Quality Assurance,Intern,Market conditions,Startup,Synthetic Practice Data
Dream11,Bengaluru,Karnataka,Gaming,679,0.113,2024-01-22,Late Stage,India,1000,HR Executive,Human Resources,Contract,Market conditions,Startup,Synthetic Practice Data
Paytm,New Delhi,Delhi,FinTech,180,0.192,2023-11-29,Post-IPO,India,5000,Business Analyst,Business,Contract,Restructuring,Large,Synthetic Practice Data
Swiggy,Bengaluru,Karnataka,Food Delivery,1124,0.017,2024-12-04,Post-IPO,India,3600,Finance Analyst,Finance,Full-time,Performance optimization,Startup,Synthetic Practice Data
Accenture India,Hyderabad,Telangana,IT Services,102,0.132,2026-08-07,Private,India,0,Project Manager,Project Management,Contract,Market conditions,Large,Synthetic Practice Data
Curefit,Bengaluru,Karnataka,HealthTech,489,0.072,2025-01-23,Late Stage,India,700,Data Scientist,Data Science,Part-time,Funding issues,Small,Synthetic Practice Data
Razorpay,Mumbai,Maharashtra,FinTech,500,0.096,2025-07-24,Late Stage,India,800,Product Manager,Product,Contract,Economic slowdown,Small,Synthetic Practice Data
OYO,New Delhi,Delhi,Travel,582,0.063,2021-11-16,Post-IPO,India,4300,Software Engineer,Engineering,Intern,Strategic restructuring,Startup,Synthetic Practice Data
PharmEasy,New Delhi,Delhi,HealthTech,501,0.059,2024-01-26,Late Stage,India,1200,Finance Analyst,Finance,Part-time,Business shutdown,Startup,Synthetic Practice Data
BYJU'S,Gurugram,Haryana,EdTech,129,0.174,2021-09-26,Late Stage,India,5500,marketing executive,Marketing,Intern,Funding issues,Small,Synthetic Practice Data
PharmEasy,Mumbai,Maharashtra,HealthTech,505,0.116,2021-06-24,Late Stage,India,1200,Devops Engineer,Engineering,Full-time,Performance optimization,Startup,Synthetic Practice Data
Wipro,Bengaluru,Karnataka,IT Services,333,0.026,2021-11-19,Post-IPO,India,0,Customer Support Executive,Customer Support,Full-time,Strategic restructuring,Large,Synthetic Practice Data
Accenture India,Bengaluru,Karnataka,IT Services,204,0.043,2022-08-07,Private,India,0,Senior Software Engineer,Engineering,Part-time,Market conditions,Medium,Synthetic Practice Data
Udaan,Bengaluru,Karnataka,E-commerce,344,0.056,2024-10-05,Late Stage,India,1200,Product Manager,Product,Full-time,Business shutdown,Large,Synthetic Practice Data
Udaan,Gurugram,Haryana,E-commerce,390,0.243,2021-07-13,Late Stage,India,1200,Product Manager,Product,Intern,Economic slowdown,Medium,Synthetic Practice Data
Zomato,Gurugram,Haryana,Food Delivery,1005,0.143,2021-09-29,Post-IPO,India,2500,Product Manager,Product,Contract,Funding issues,Startup,Synthetic Practice Data
Ather Energy,Chennai,Tamil Nadu,Automotive,88,0.149,2022-01-19,Late Stage,India,500,DevOps Engineer,Engineering,Full-time,Economic slowdown,Enterprise,Synthetic Practice Data
Paytm,Bengaluru,Karnataka,FinTech,73,0.071,2023-06-17,Post-IPO,India,5000,Project Manager,Project Management,Contract,Cost cutting,Medium,Synthetic Practice Data
Udaan,Bengaluru,Karnataka,E-commerce,199,0.174,2021-04-30,Late Stage,India,1200,Business Analyst,Business,Contract,Restructuring,Small,Synthetic Practice Data
Freshworks,Hyderabad,Telangana,SaaS,1127,0.142,2025-10-03,Post-IPO,India,484,product manager,Product,Contract,Performance optimization,Medium,Synthetic Practice Data
Dream11,Gurugram,Haryana,Gaming,367,0.224,2025-05-21,Late Stage,India,1000,Data Scientist,Data Science,Part-time,Strategic restructuring,Large,Synthetic Practice Data
Lenskart,New Delhi,Delhi,Retail,482,0.237,2023-05-09,Late Stage,India,1500,Data Scientist,Data Science,Full-time,Automation,Medium,Synthetic Practice Data
Udaan,Gurugram,Haryana,E-commerce,592,0.139,2021-11-13,Late Stage,India,1200,DevOps Engineer,Engineering,Intern,Funding issues,Large,Synthetic Practice Data
Udaan,Mumbai,Maharashtra,E-commerce,458,0.17,2021-04-26,Late Stage,India,1200,Data Scientist,Data Science,Contract,Automation,Medium,Synthetic Practice Data
Dream11,Gurugram,Haryana,Gaming,39,0.195,2023-09-08,Late Stage,India,1000,Finance Analyst,Finance,Full-time,Economic slowdown,Medium,Synthetic Practice Data
Ather Energy,Bengaluru,Karnataka,Automotive,663,0.115,2026-01-17,Late Stage,India,500,Business Analyst,Business,Intern,Strategic restructuring,Small,Synthetic Practice Data
Dream11,Bengaluru,Karnataka,Gaming,95,0.184,2026-08-31,Late Stage,India,1000,Senior Software Engineer,Engineering,Full-time,Automation,Medium,Synthetic Practice Data
Myntra,Bengaluru,Karnataka,E-commerce,519,0.014,2025-10-31,Late Stage,India,500,Data Analyst,Analytics,Part-time,Funding issues,Small,Synthetic Practice Data
Moglix,Noida,Uttar Pradesh,E-commerce,680,0.01,2022-10-07,Late Stage,India,650,Sales Executive,Sales,Contract,Restructuring,Medium,Synthetic Practice Data
PharmEasy,Bengaluru,Karnataka,HealthTech,125,0.082,2021-03-26,Late Stage,India,1200,UI/UX Designer,Design,Intern,Economic slowdown,Large,Synthetic Practice Data
Paytm,Noida,Uttar Pradesh,FinTech,850,0.027,2026-02-21,Post-IPO,India,5000,Recruiter,Human Resources,Full-time,Merger and acquisition,Small,Synthetic Practice Data
Zomato,New Delhi,Delhi,Food Delivery,1058,0.079,2026-04-09,Post-IPO,India,2500,UI/UX Designer,Design,Full-time,Automation,Medium,Synthetic Practice Data
Lenskart,New Delhi,Delhi,Retail,266,0.095,2022-11-03,Late Stage,India,1500,Operations Executive,Operations,Full-time,Restructuring,Startup,Synthetic Practice Data
Paytm,Noida,Uttar Pradesh,FinTech,394,0.228,2024-11-22,Post-IPO,India,5000,Recruiter,Human Resources,Contract,Strategic restructuring,Medium,Synthetic Practice Data
Infosys,Pune,Maharashtra,IT Services,53,0.078,2021-10-04,Post-IPO,India,0,Sales Executive,Sales,Part-time,Funding issues,Small,Synthetic Practice Data
Moglix,mumbai,Maharashtra,E-commerce,76,0.047,2026-08-17,Late Stage,India,650,Customer Support Executive,Customer Support,Full-time,Economic slowdown,Medium,Synthetic Practice Data
Udaan,Bengaluru,Karnataka,E-commerce,449,0.197,2025-09-07,Late Stage,India,1200,Recruiter,Human Resources,Contract,Performance optimization,Large,Synthetic Practice Data
Wipro,Kolkata,West Bengal,IT Services,48,0.186,2024-01-30,Post-IPO,India,,Product Manager,Product,Part-time,Business shutdown,Large,Synthetic Practice Data
Wipro,Pune,Maharashtra, IT Services,853,0.045,2023-03-19,Post-IPO,India,0,Recruiter,Human Resources,Full-time,Cost cutting,Startup,Synthetic Practice Data
Udaan,Bengaluru,Karnataka,E-commerce,179,0.233,2026-07-15,Late Stage,India,1200,Product Manager,Product,Intern,Restructuring,Startup,Synthetic Practice Data
Infosys,Chennai,Tamil Nadu,IT Services,548,0.139,2025-07-19,Post-IPO,India,0,Senior Software Engineer,Engineering,Contract,Strategic restructuring,Enterprise,Synthetic Practice Data
Accenture India,Chennai,Tamil Nadu,IT Services,273,0.129,2021-09-04,Private,India,0,,Marketing,Full-time,Strategic restructuring,Small,Synthetic Practice Data
Flipkart,Gurugram,Haryana,E-commerce,693,0.086,2024-06-11,Late Stage,India,8700,Operations Executive,Operations,Full-time,Business shutdown ,Enterprise,Synthetic Practice Data
OYO,New Delhi,Delhi,Travel,67,0.137,2026-04-09,Post-IPO,India,4300,HR Executive,Human Resources,Contract,Market conditions,Medium,Synthetic Practice Data
Curefit,Hyderabad,Telangana,HealthTech,687,0.081,2021-10-17,Late Stage,India,700,UI/UX Designer,Design,Part-time,Merger and acquisition,Large,Synthetic Practice Data
Wipro,Bengaluru,Karnataka,IT Services,768,0.059,2024-08-06,Post-IPO,India,0,Customer Support Executive,Customer Support,Intern,Funding issues,Enterprise,Synthetic Practice Data
Curefit,Bengaluru,Karnataka,HealthTech,117,0.087,2022-10-11,Late Stage,India,700,Software Engineer,Engineering,Contract,Strategic restructuring,Large,Synthetic Practice Data
Dream11,Bengaluru,Karnataka,Gaming,279,0.063,2021-06-03,Late Stage,India,1000,DevOps Engineer,Engineering,Intern,Business shutdown,Small,Synthetic Practice Data
Infosys,Chennai,Tamil Nadu,IT Services,35,0.049,2023-05-16,Post-IPO,India,0,Marketing Executive,Marketing,Full-time,Economic slowdown,Medium,Synthetic Practice Data
PhonePe,Bengaluru,Karnataka,FinTech,262,0.203,2022-06-12,Late Stage,India,2200,Data Analyst,Analytics,Part-time,Restructuring,Enterprise,Synthetic Practice Data
Ather Energy,Pune,Maharashtra,Automotive,537,0.095,2022-03-03,Late Stage,India,500,Project Manager,Project Management,Contract,Cost cutting,Large,Synthetic Practice Data
Lenskart,Mumbai,Maharashtra,Retail,291,0.192,2023-01-31,Late Stage,India,1500,Business Analyst,Business,Intern,Business shutdown,Enterprise,Synthetic Practice Data
Unacademy,Jaipur,Rajasthan,EdTech,511,0.112,2025-09-04,Late Stage,India,800,Customer Support Executive,Customer Support,Intern,Economic slowdown,Small,Synthetic Practice Data
Razorpay,Bengaluru,Karnataka,FinTech,56,0.107,2025-05-13,Late Stage,India,800,Senior Software Engineer,Engineering,Intern,Strategic restructuring,Large,Synthetic Practice Data
CRED,Mumbai,Maharashtra,FinTech,699,0.101,2022-02-08,Late Stage,India,1000,Operations Executive,Operations,Full-time,Cost cutting,Large,Synthetic Practice Data
Flipkart,Mumbai,Maharashtra,E-commerce,251,0.044,2023-11-15,Late Stage,India,8700,Sales Executive,Sales,Contract,Performance optimization,Small,Synthetic Practice Data
PhonePe,New Delhi,Delhi,,415,0.164,2023-08-18,Late Stage,India,2200,Data Scientist,Data Science,Full-time,Market conditions,Startup,Synthetic Practice Data
Policybazaar,Gurugram,Haryana,Financial Services,1200,0.073,2023-04-05,Post-IPO,India,800,HR Executive,Human Resources,Part-time,Business shutdown,Large,Synthetic Practice Data
Ather Energy,Bengaluru,Karnataka,Automotive,631,0.072,2025-08-06,Late Stage,India,500,Data Analyst,Analytics,Intern,Restructuring,Large,Synthetic Practice Data
HCLTech,Noida,Uttar Pradesh,IT Services,321,0.089,2025-05-20,Post-IPO,India,0,Product Manager,Product,Contract,Cost cutting,Medium,Synthetic Practice Data
Razorpay,Gurugram,Haryana,FinTech,634,0.055,2026-06-21,Late Stage,India,800,Recruiter,Human Resources,Full-time,Business shutdown,Medium,Synthetic Practice Data
Myntra,Gurugram,Haryana,E-commerce,324,0.051,2024-07-14,Late Stage,India,500,Data Analyst,Analytics,Intern,Funding issues,Startup,Synthetic Practice Data
Udaan,Gurugram,Haryana,E-commerce,283,0.126,2024-07-27,Late Stage,India,1200,Data Analyst,Analytics,Part-time,Restructuring,Small,Synthetic Practice Data
byju's,Bengaluru,Karnataka,EdTech,570,0.049,2023-05-01,Late Stage,India,5500,Software Engineer,Engineering,Contract,Cost cutting,Small,Synthetic Practice Data
Swiggy,Bengaluru,Karnataka,Food Delivery,1055,0.085,2024-02-14,Post-IPO,India,3600,Data Scientist,Data Science,Contract,Strategic restructuring,Enterprise,Synthetic Practice Data
Ola,Chennai,Tamil Nadu,Transportation,611,0.026,2024-12-12,Late Stage,India,3200,Marketing Executive,Marketing,Intern,Automation,Enterprise,Synthetic Practice Data
Unacademy,New Delhi,Delhi,EdTech,193,0.234,2021-05-25,Late Stage,India,800,Marketing Executive,Marketing,Contract,Merger and acquisition,Large,Synthetic Practice Data
Accenture India,Chennai,Tamil Nadu,IT Services,269,0.143,2024-07-17,Private,India,0,Finance Analyst,Finance,Contract,Automation,Medium,Synthetic Practice Data
Wipro,Pune,Maharashtra,IT Services,1129,0.095,2022-09-14,Post-IPO,India,0,Software Engineer,Engineering,Full-time,Restructuring,Enterprise,Synthetic Practice Data
Freshworks,Hyderabad,Telangana,SaaS,664,0.135,2021-06-07,Post-IPO,India,484,UI/UX Designer,Design,Full-time,Market conditions,Startup,Synthetic Practice Data
Moglix,Noida,Uttar Pradesh,E-commerce,250,0.247,2024-07-10,Late Stage,India,650,Customer Support Executive,Customer Support,Part-time,Strategic restructuring,Medium,Synthetic Practice Data
Zomato,Gurugram,Haryana,Food Delivery,722,0.101,2022-11-05,Post-IPO,India,2500,QA Engineer,Quality Assurance,Full-time,Performance optimization,Enterprise,Synthetic Practice Data
Swiggy,Mumbai,Maharashtra,Food Delivery,817,0.054,2022-03-13,Post-IPO,India,3600,Marketing Executive,Marketing,Contract,Restructuring,Startup,Synthetic Practice Data
Wipro,Hyderabad,Telangana,IT Services,589,0.045,2024-02-25,Post-IPO,India,0,UI/UX Designer,Design,Full-time,Business shutdown,Medium,Synthetic Practice Data
Flipkart,Bengaluru,Karnataka,E-commerce,436,0.232,2023-10-06,Late Stage,India,8700,UI/UX Designer,Design,Contract,Automation,Startup,Synthetic Practice Data
PharmEasy,Bengaluru,Karnataka,HealthTech,447,0.113,2021-06-21,Late Stage,India,1200,Operations Executive,Operations,Contract,Strategic restructuring,Large,Synthetic Practice Data
HCLTech,Chennai,Tamil Nadu,IT Services,329,0.188,2022-04-19,Post-IPO,India,0,Marketing Executive,Marketing,Full-time, Performance optimization,Small,Synthetic Practice Data
TCS,Bengaluru,Karnataka,IT Services,1111,0.035,2025-09-18,Post-IPO,India,0,Sales Executive,Sales,Full-time,Restructuring,Startup,Synthetic Practice Data
Paytm,Bengaluru,Karnataka,FinTech,409,0.096,2024-10-13,Post-IPO,India,5000,Sales Executive,Sales,Intern,Automation,Startup,Synthetic Practice Data
Wipro,Hyderabad,Telangana,IT Services,584,0.095,2025-08-04,Post-IPO,India,0,Operations Executive,Operations,Full-time,Economic slowdown,Startup,Synthetic Practice Data
Curefit,Mumbai,Maharashtra,HealthTech,73,0.126,2022-04-14,Late Stage,India,700,Customer Support Executive,Customer Support,Full-time,Cost cutting,Startup,Synthetic Practice Data
CRED,Bengaluru,Karnataka,FinTech,509,0.117,2026-07-03,Late Stage,India,1000,HR Executive,Human Resources,Intern,Merger and acquisition,Enterprise,Synthetic Practice Data
HCLTech,Chennai,Tamil Nadu,IT Services,395,0.143,2022-11-17,Post-IPO,India,0,Finance Analyst,Finance,Full-time,Business shutdown,Large,Synthetic Practice Data
Flipkart,Gurugram,Haryana,E-commerce,145,0.112,2024-01-27,Late Stage,India,8700,Product Manager,Product,Full-time,Performance optimization,Small,Synthetic Practice Data
Wipro,Bengaluru,Karnataka,IT Services,891,0.103,2024-09-01,Post-IPO,India,0,Data Analyst,Analytics,Intern,Business shutdown,Enterprise,Synthetic Practice Data
PhonePe,New Delhi,Delhi,FinTech,27,0.198,2022-09-10,Late Stage,India,2200,Finance Analyst,Finance,Contract,Market conditions,Large,Synthetic Practice Data
Swiggy,Bengaluru,Karnataka,Food Delivery,308,0.042,2022-11-23,Post-IPO,India,3600,Product Manager,Product,Part-time,Cost cutting,Enterprise,Synthetic Practice Data
Tech Mahindra,Bengaluru,Karnataka,IT Services,212,0.125,2022-11-27,Post-IPO,India,0,DevOps Engineer,Engineering,Intern,Business shutdown,Small,Synthetic Practice Data
Ather Energy,Chennai,Tamil Nadu,Automotive,310,0.12,2026-02-02,Late Stage,India,500,Recruiter,Human Resources,Full-time,Cost cutting,Medium,Synthetic Practice Data
Swiggy,Bengaluru,Karnataka,Food Delivery,452,0.14,2021-01-30,Post-IPO,India,3600,Senior Software Engineer,Engineering,Full-time,Market conditions,Enterprise,Synthetic Practice Data
Dream11,Mumbai,Maharashtra,Gaming,92,0.045,2023-04-13,Late Stage,India,1000,HR Executive,Human Resources,Part-time,Market conditions,Startup,Synthetic Practice Data
BYJU'S,Gurugram,Haryana,EdTech,397,0.109,2022-03-21,Late Stage,India,5500,DevOps Engineer,Engineering,Contract,Cost cutting,Small,Synthetic Practice Data
Zomato,Mumbai,Maharashtra,food delivery,873,0.095,2022-01-01,Post-IPO,India,2500,Recruiter,Human Resources,Part-time,Performance optimization,Large,Synthetic Practice Data
Moglix,Mumbai,Maharashtra,E-commerce,183,0.027,2025-04-04,Late Stage,India,650,Data Scientist,Data Science,Intern,Economic slowdown,Startup,Synthetic Practice Data
PhonePe,New Delhi,Delhi,FinTech,438,0.157,2025-04-21,Late Stage,India,2200,Data Analyst,Analytics,Intern,Market conditions,Small,Synthetic Practice Data
Curefit,Hyderabad,Telangana,HealthTech,414,0.229,2022-07-08,Late Stage,India,700,QA Engineer,Quality Assurance,Intern,Cost cutting,Enterprise,Synthetic Practice Data
Flipkart,Kolkata,West Bengal,E-commerce,497,0.082,2025-09-29,Late Stage,India,8700,Operations Executive,Operations,Intern,Restructuring,Large,Synthetic Practice Data
Infosys,Bengaluru,Karnataka,IT Services,299,0.095,2026-03-17,Post-IPO,India,0,Project Manager,Project Management,Full-time,Automation,Large,Synthetic Practice Data
Unacademy,Jaipur,Rajasthan,EdTech,538,0.028,2023-11-26,Late Stage,India,800,Finance Analyst,Finance,Full-time,Strategic restructuring,Enterprise,Synthetic Practice Data
TCS,Mumbai,Maharashtra,IT Services,424,0.039,2022-09-22,Post-IPO,India,0,Customer Support Executive,Customer Support,Intern,Market conditions,Startup,Synthetic Practice Data
Paytm,New Delhi,Delhi,FinTech,1017,0.101,2022-12-15,Post-IPO,India,5000,Data Scientist,Data Science,Intern,Merger and acquisition,Enterprise,Synthetic Practice Data
Swiggy,New Delhi,Delhi,Food Delivery,876,0.045,2021-07-14,Post-IPO,India,3600,Project Manager,Project Management,Part-time,Economic slowdown,Startup,Synthetic Practice Data
Dream11,Mumbai,Maharashtra,Gaming,323,0.081,2025-11-09,Late Stage,India,1000,Senior Software Engineer,Engineering,Contract,Funding issues,Startup,Synthetic Practice Data
Meesho,Bengaluru,Karnataka,E-commerce,598,0.028,2023-12-03,Late Stage,India,1200,Senior Software Engineer,Engineering,Part-time,Funding issues,Small,Synthetic Practice Data
BYJU'S,Gurugram,Haryana,EdTech,587,0.063,2021-05-19,Late Stage,India,5500,Recruiter,Human Resources,Part-time,Funding issues,Startup,Synthetic Practice Data
Freshworks,Bengaluru,Karnataka,SaaS,516,0.077,2025-01-20,Post-IPO,India,484,Customer Support Executive,Customer Support,Contract,Cost cutting,Small,Synthetic Practice Data
Razorpay,,Maharashtra,FinTech,366,0.194,2025-05-21,Late Stage,India,800,Customer Support Executive,Customer Support,Intern,Restructuring,Enterprise,Synthetic Practice Data
Tech Mahindra,Kolkata,West Bengal,IT Services,436,0.096,2021-11-20,Post-IPO,India,0,Product Manager,Product,Part-time,Automation,Medium,Synthetic Practice Data
Lenskart,Gurugram,Haryana,Retail,321,0.151,2026-01-01,Late Stage,India,1500,Product Manager,Product,Contract,Restructuring,Enterprise,Synthetic Practice Data
OYO,Mumbai,Maharashtra,Travel,987,0.084,2026-06-11,Post-IPO,India,4300,UI/UX Designer,Design,Full-time,Strategic restructuring,Startup,Synthetic Practice Data
Wipro,Kolkata,West Bengal,IT Services,629,0.118,2022-05-07,Post-IPO,India,0,Customer Support Executive,Customer Support,Full-time,Business shutdown,Small,Synthetic Practice Data
ShareChat,Mumbai,Maharashtra,Social Media,38,0.083,2022-10-30,Late Stage,India,1300,DevOps Engineer,Engineering,Part-time,Strategic restructuring,Small,Synthetic Practice Data
Lenskart,Mumbai,Maharashtra,Retail,234,0.226,2026-01-26,Late Stage,India,1500,senior software engineer,Engineering,Contract,Performance optimization,Large,Synthetic Practice Data
Infosys,Chennai,Tamil Nadu,IT Services,109,0.232,2025-08-19,Post-IPO,India,0,Project Manager,Project Management,Full-time,Funding issues,Large,Synthetic Practice Data
CRED,Mumbai,Maharashtra,FinTech,565,0.07,2024-10-07,Late Stage,India,1000,Sales Executive,Sales,Part-time,Restructuring,Small,Synthetic Practice Data
Razorpay,Mumbai,Maharashtra,FinTech,67,0.054,2021-05-12,Late Stage,India,800,Product Manager,Product,Part-time,Funding issues,Large,Synthetic Practice Data
Accenture India,Bengaluru,Karnataka,IT Services,19,0.04,2024-08-30,Private,India,0,QA Engineer,Quality Assurance,Intern,Market conditions,Medium,Synthetic Practice Data
Freshworks,Bengaluru,Karnataka,SaaS,871,0.109,2025-12-24,Post-IPO,India,484,Customer Support Executive,Customer Support,Intern,Automation,Small,Synthetic Practice Data
CRED,Bengaluru,Karnataka,FinTech,366,0.092,2026-02-09,Late Stage,India,1000,QA Engineer,Quality Assurance,Contract,Performance optimization,Enterprise,Synthetic Practice Data
Unacademy,Bengaluru,Karnataka,EdTech,209,0.135,2025-04-13,Late Stage,India,800,DevOps Engineer,Engineering,Intern,Merger and acquisition,Medium,Synthetic Practice Data
Razorpay,Mumbai,Maharashtra,FinTech,254,0.152,2023-08-15,Late Stage,India,800,Recruiter,Human Resources,Contract,Market conditions,Startup,Synthetic Practice Data
Lenskart,Bengaluru,Karnataka,Retail,566,0.092,2021-02-10,Late Stage,India,1500,Business Analyst,Business,Intern,Funding issues,Large,Synthetic Practice Data
Tech Mahindra,Bengaluru,Karnataka,IT Services,356,0.079,2026-05-28,Post-IPO,India,0,UI/UX Designer,Design,part-time,,Medium,Synthetic Practice Data
Dream11,Bengaluru,Karnataka,Gaming,268,0.179,2026-08-13,Late Stage,India,1000,Data Scientist,Data Science,Intern,Merger and acquisition,Large,Synthetic Practice Data
Myntra,Gurugram,Haryana,E-commerce,341,0.25,2025-12-18,Late Stage,India,500,HR Executive,Human Resources,Full-time,Cost cutting,Small,Synthetic Practice Data
Swiggy,New Delhi,Delhi,Food Delivery,1177,0.089,2022-01-29,Post-IPO,India,3600,Business Analyst,Business,Intern,Market conditions,Large,Synthetic Practice Data
Ola,Bengaluru,Karnataka,Transportation,257,0.22,2026-07-19,Late Stage,India,3200,DevOps Engineer,Engineering,Part-time,Market conditions,Large,Synthetic Practice Data
Tech Mahindra,Hyderabad,Telangana,IT Services,584,0.065,2021-06-21,Post-IPO,India,0,DevOps Engineer,Engineering,Intern,Cost cutting,Medium,Synthetic Practice Data
CRED,Mumbai,Maharashtra,FinTech,465,0.126,2022-06-25,Late Stage,India,1000,Data Analyst,Analytics,Contract,Strategic restructuring,Large,Synthetic Practice Data
Dream11,Bengaluru,Karnataka,Gaming,85,0.094,2024-11-16,Late Stage,India,1000,HR Executive,Human Resources, Contract,Strategic restructuring,Medium,Synthetic Practice Data
Tech Mahindra,Hyderabad,Telangana,IT Services,391,0.176,2022-09-08,Post-IPO,India,0,Customer Support Executive,Customer Support,Part-time,Business shutdown,Enterprise,Synthetic Practice Data
Unacademy,Bengaluru,Karnataka,EdTech,426,0.238,2022-06-28,Late Stage,India,800,DevOps Engineer,Engineering,Full-time,Funding issues,Medium,Synthetic Practice Data
BYJU'S,Mumbai,Maharashtra,EdTech,124,0.217,2023-08-30,Late Stage,India,5500,Recruiter,Human Resources,Part-time,Funding issues,Enterprise,Synthetic Practice Data
Tech Mahindra,Bengaluru,Karnataka,IT Services,461,0.067,2021-02-10,Post-IPO,India,0,Marketing Executive,,Full-time,Performance optimization,Startup,Synthetic Practice Data
Meesho,Mumbai,Maharashtra,E-commerce,696,0.027,2022-07-11,Late Stage,India,1200,Project Manager,Project Management,Intern,Merger and acquisition,Large,Synthetic Practice Data
Tech Mahindra,Kolkata,West Bengal,IT Services,644,0.022,2026-03-04,Post-IPO,India,0,Business Analyst,Business,Part-time,Merger and acquisition,Small,Synthetic Practice Data
Unacademy,Bengaluru,Karnataka,EdTech,125,0.101,2026-03-05,Late Stage,India,800,DevOps Engineer,Engineering,Intern,Economic slowdown,Medium,Synthetic Practice Data
CRED,Gurugram,Haryana,FinTech,304,0.059,2024-04-22,Late Stage,India,1000,UI/UX Designer,Design,Part-time,Market conditions,Medium,Synthetic Practice Data
Dream11,Mumbai,Maharashtra,Gaming,629,0.107,2023-07-31,Late Stage,India,1000,Recruiter,Human Resources,Full-time,Merger and acquisition,Large,Synthetic Practice Data
Moglix,Mumbai,Maharashtra,E-commerce,610,0.084,2022-09-27,Late Stage,India,650,Marketing Executive,Marketing,Intern,Strategic restructuring,Startup,Synthetic Practice Data
CRED,Mumbai,Maharashtra,FinTech,220,0.084,2021-09-14,Late Stage,India,1000,Software Engineer,Engineering,Contract,Strategic restructuring,Startup,Synthetic Practice Data
CRED,Gurugram,Haryana,FinTech,700,0.074,2025-10-16,Late Stage,India,1000,QA Engineer,Quality Assurance,Part-time,Restructuring,Small,Synthetic Practice Data
Ather Energy,Chennai,Tamil Nadu,Automotive,471,0.125,2026-08-28,Late Stage,India,500,Senior Software Engineer,Engineering,Full-time,Economic slowdown,Large,Synthetic Practice Data
ShareChat,Bengaluru,Karnataka,Social Media,193,0.227,2025-11-05,Late Stage,India,1300,Customer Support Executive,Customer Support,Contract,Automation,Large,Synthetic Practice Data
PhonePe,Mumbai,Maharashtra,FinTech,146,0.114,2024-04-22,Late Stage,India,2200,DevOps Engineer,Engineering,Part-time,Funding issues,Startup,Synthetic Practice Data
Myntra,Bengaluru,Karnataka,E-commerce,694,0.027,2023-09-13,Late Stage,India,500,Customer Support Executive,Customer Support,Intern,Strategic restructuring,Large,Synthetic Practice Data
Lenskart,Mumbai,Maharashtra,Retail,685,0.113,2022-12-20,Late Stage,India,1500,Data Scientist,Data Science,Contract,Restructuring,Enterprise,Synthetic Practice Data
Paytm,Bengaluru,Karnataka,FinTech,800,0.096,2026-03-15,Post-IPO,India,5000,Operations Executive,Operations,Full-time,Economic slowdown,Small,Synthetic Practice Data
Zomato,Gurugram,Haryana,Food Delivery,452,0.081,2021-11-29,Post-IPO,India,2500,QA Engineer,Quality Assurance,Contract,Economic slowdown,Small,Synthetic Practice Data
Wipro,Bengaluru,Karnataka,IT Services,179,0.177,2024-07-03,Post-IPO,India,0,Product Manager,Product,Intern,Strategic restructuring,Startup,Synthetic Practice Data
CRED,Mumbai,Maharashtra,FinTech,626,0.045,2022-07-18,Late Stage,India,1000,Customer Support Executive,Customer Support,Full-time,Funding issues,Medium,Synthetic Practice Data
Flipkart,Mumbai,Maharashtra,E-commerce,102,0.138,2023-05-14,Late Stage,India,8700,UI/UX Designer,Design,Part-time,Business shutdown,Small,Synthetic Practice Data
PhonePe,New Delhi,Delhi,FinTech,150,0.093,2025-10-09,Late Stage,India,2200,Customer Support Executive,Customer Support,Intern,Economic slowdown,Small,Synthetic Practice Data
PharmEasy,Mumbai,Maharashtra,HealthTech,113,0.205,2022-10-17,Late Stage,India,1200,HR Executive,Human Resources,Part-time,Economic slowdown,Small,Synthetic Practice Data
Flipkart,Gurugram,Haryana,E-commerce,175,0.232,2021-03-11,Late Stage,India,8700,Data Analyst,Analytics,Contract,,Enterprise,Synthetic Practice Data
ShareChat,Mumbai,Maharashtra,Social Media,605,0.093,2025-06-28,Late Stage,India,1300,Finance Analyst,Finance,Part-time,Funding issues,Large,Synthetic Practice Data
PharmEasy,Mumbai,Maharashtra,HealthTech,210,0.137,2025-08-01,Late Stage,India,1200,Operations Executive,Operations,Full-time,Automation,Startup,Synthetic Practice Data
OYO,Mumbai,Maharashtra,Travel,1119,0.093,2021-12-15,Post-IPO,India,4300,Senior Software Engineer,Engineering,Part-time,Restructuring,Small,Synthetic Practice Data
Curefit,Hyderabad,Telangana,HealthTech,673,0.028,2024-10-15,Late Stage,India,700,Project Manager,Project Management,Part-time,Strategic restructuring,Enterprise,Synthetic Practice Data
PharmEasy,New Delhi,Delhi,HealthTech,18,0.012,2023-05-14,Late Stage,India,1200,Operations Executive,Operations,Part-time,Market conditions,Enterprise,Synthetic Practice Data
Policybazaar,Gurugram,Haryana,Financial Services,35,0.019,2024-05-18,Post-IPO,India,800,Marketing Executive,Marketing,Intern,Economic slowdown,Medium,Synthetic Practice Data
Razorpay,Bengaluru,Karnataka,FinTech,439,0.174,2023-01-04,Late Stage,India,800,Product Manager,Product,Contract,Cost cutting,Small,Synthetic Practice Data
Curefit,Hyderabad,Telangana,HealthTech,375,0.049,2023-08-19,Late Stage,India,700,Finance Analyst,Finance,Part-time,Restructuring,Medium,Synthetic Practice Data
PharmEasy,Mumbai,Maharashtra,HealthTech,535,0.017,2024-05-09,Late Stage,India,1200,Sales Executive,Sales,Intern,Business shutdown,Small,Synthetic Practice Data
Flipkart,Gurugram,Haryana,E-commerce,129,0.089,2024-07-21,Late Stage,India,8700,Data Scientist,Data Science,Intern,Business shutdown,Small,Synthetic Practice Data
Zomato,Bengaluru,Karnataka,Food Delivery,175,0.066,2022-01-06,Post-IPO,India,2500,Data Scientist,Data Science,Intern,Strategic restructuring,Large,Synthetic Practice Data
ShareChat,Bengaluru,Karnataka,Social Media,432,0.052,2023-08-06,Late Stage,India,1300,Senior Software Engineer,Engineering,Full-time,Restructuring,Small,Synthetic Practice Data
Infosys,Bengaluru,Karnataka,IT Services,538,0.016,2024-05-20,Post-IPO,India,0,Finance Analyst,Finance,Full-time,Cost cutting,Startup,Synthetic Practice Data
Freshworks,Bengaluru,Karnataka,SaaS,1023,0.025,2025-01-23,Post-IPO,India,484,Software Engineer,Engineering,Intern,Automation,Small,Synthetic Practice Data
Ola,Chennai,Tamil Nadu,Transportation,508,0.05,2024-04-22,Late Stage,India,3200,Data Scientist,Data Science,Part-time,Cost cutting,Large,Synthetic Practice Data
TCS,Hyderabad,Telangana,IT Services,522,0.143,2021-03-26,Post-IPO,India,0,DevOps Engineer,Engineering,Part-time,Restructuring,Small,Synthetic Practice Data
Lenskart,Gurugram,Haryana,Retail,148,0.219,2023-01-15,Late Stage,India,1500,DevOps Engineer,Engineering,Intern ,Cost cutting,Medium,Synthetic Practice Data
PhonePe,,Karnataka,FinTech,311,0.209,2026-05-22,Late Stage,India,2200,Customer Support Executive,Customer Support,Full-time,Performance optimization,Startup,Synthetic Practice Data
Lenskart,Bengaluru,Karnataka,Retail,172,0.151,2024-06-02,Late Stage,India,1500,HR Executive,Human Resources,Part-time,Automation,Large,Synthetic Practice Data
Zomato,Mumbai,Maharashtra,Food Delivery,188,0.167,2022-09-18,Post-IPO,India,2500,Customer Support Executive,Customer Support,Intern,Business shutdown,Startup,Synthetic Practice Data
Wipro,Pune,Maharashtra,IT Services,535,0.098,2024-01-17,Post-IPO,India,0,Recruiter,Human Resources,Full-time,Business shutdown,Enterprise,Synthetic Practice Data
TCS,Chennai,Tamil Nadu,IT Services,888,0.04,2023-02-22,Post-IPO,India,0,Operations Executive,Operations,Part-time,Market conditions,Medium,Synthetic Practice Data
Infosys,Hyderabad,Telangana,IT Services,769,0.065,2024-04-06,Post-IPO,India,0,Finance Analyst,Finance,Contract,Economic slowdown,Large,Synthetic Practice Data
Swiggy,New Delhi,Delhi,Food Delivery,347,0.212,2023-11-16,Post-IPO,India,3600,UI/UX Designer,Design,Intern,Funding issues,Small,Synthetic Practice Data
Flipkart,Gurugram,Haryana,E-commerce,359,0.064,2026-05-03,Late Stage,India,8700,Business Analyst,Business,Full-time,Automation,Enterprise,Synthetic Practice Data
Policybazaar,New Delhi,Delhi,Financial Services,931,0.035,2025-07-21,Post-IPO,India,800,Recruiter,Human Resources,Full-time,Restructuring,Enterprise,Synthetic Practice Data
BYJU'S,Gurugram,Haryana,EdTech,686,0.036,2024-08-12,Late Stage,India,5500,Finance Analyst,Finance,Intern,Cost cutting,Medium,Synthetic Practice Data
OYO,Mumbai,Maharashtra,Travel,1096,0.036,2021-09-22,Post-IPO,India,4300,Sales Executive,Sales,Full-time,Cost cutting,Medium,Synthetic Practice Data
Infosys,Pune,Maharashtra,IT Services,1088,0.146,2026-05-06,Post-IPO,India,0,HR Executive,Human Resources,Intern,Automation,Medium,Synthetic Practice Data
Curefit,Mumbai,Maharashtra,HealthTech,569,0.078,2021-08-29,Late Stage,India,700,Data Scientist,Data Science,Contract,Merger and acquisition,Startup,Synthetic Practice Data
Myntra,Bengaluru,Karnataka,E-commerce,330,0.234,2025-01-01,Late Stage,India,500,Recruiter,Human Resources,Full-time,Performance optimization,Small,Synthetic Practice Data
Ola,Bengaluru,Karnataka,Transportation,321,0.058,2024-08-14,Late Stage,India,3200,QA Engineer,Quality Assurance,Contract,Performance optimization,Medium,Synthetic Practice Data
Curefit,Bengaluru,Karnataka,HealthTech,39,0.102,2022-04-21,Late Stage,India,700,Data Scientist,Data Science,Contract,Restructuring,Small,Synthetic Practice Data
Zomato,Bengaluru,Karnataka,Food Delivery,1038,0.115,2022-12-21,Post-IPO,India,2500,QA Engineer,Quality Assurance,Full-time,Economic slowdown,Large,Synthetic Practice Data
Wipro,Pune,Maharashtra,IT Services,146,0.072,2025-06-06,Post-IPO,India,0,DevOps Engineer,Engineering,Intern,Performance optimization,Large,Synthetic Practice Data
TCS,Hyderabad,Telangana,IT Services,232,0.08,2022-09-29,Post-IPO,India,0,UI/UX Designer,Design,Full-time,Restructuring,Large,Synthetic Practice Data
Lenskart,Bengaluru,Karnataka,Retail,370,0.238,2022-08-06,Late Stage,India,1500,Sales Executive,Sales,Full-time,Strategic restructuring,Small,Synthetic Practice Data
Ola,Chennai,Tamil Nadu,Transportation,128,0.076,2021-01-21,Late Stage,India,3200,HR Executive,Human Resources,Full-time,Merger and acquisition,Large,Synthetic Practice Data
swiggy,Bengaluru,Karnataka,Food Delivery,490,0.204,2025-08-17,Post-IPO,India,3600,Marketing Executive,Marketing,Contract,Funding issues,Enterprise,Synthetic Practice Data
Moglix,Mumbai,Maharashtra,E-commerce,134,0.17,2024-08-19,Late Stage,India,650,Product Manager,Product,Part-time,Economic slowdown,Startup,Synthetic Practice Data
Razorpay,gurugram,Haryana,FinTech,122,0.126,2024-11-21,Late Stage,India,800,DevOps Engineer,Engineering,Part-time,Economic slowdown,Small,Synthetic Practice Data
PhonePe,Bengaluru,Karnataka,FinTech,202,0.203,2021-06-20,Late Stage,India,2200,Product Manager,Product,Intern,Funding issues,Startup,Synthetic Practice Data
Unacademy,Jaipur,Rajasthan,EdTech,278,0.198,2026-01-02,Late Stage,India,800,Marketing Executive,Marketing,Full-time,Performance optimization,Enterprise,Synthetic Practice Data
OYO,New Delhi,Delhi,Travel,650,0.061,2023-12-01,Post-IPO,India,4300,DevOps Engineer,Engineering,Intern,Economic slowdown,Medium,Synthetic Practice Data
Wipro,Bengaluru,Karnataka,IT Services,914,0.146,2022-07-11,Post-IPO,India,0,Data Analyst,Analytics,Intern,Restructuring,Small,Synthetic Practice Data
Policybazaar,Mumbai,Maharashtra,Financial Services,609,0.112,2021-09-08,Post-IPO,India,800,Data Scientist,Data Science,Intern,Automation,Small,Synthetic Practice Data
OYO,Mumbai,Maharashtra,Travel,1097,0.102,2023-01-03,Post-IPO,India,4300,Business Analyst,Business,Contract,Merger and acquisition,Enterprise,Synthetic Practice Data
Policybazaar,Mumbai,Maharashtra,Financial Services,407,0.021,2021-01-30,Post-IPO,India,800,Customer Support Executive,Customer Support,Part-time,Strategic restructuring,Enterprise,Synthetic Practice Data
Freshworks,Hyderabad,Telangana,SaaS,79,0.15,2023-03-20,Post-IPO,India,484,Customer Support Executive,Customer Support,Intern,Automation,Enterprise,Synthetic Practice Data
Wipro,Pune,Maharashtra,IT Services,557,0.022,2026-08-18,Post-IPO,India,0,Senior Software Engineer,Engineering,Intern,Market conditions,Small,Synthetic Practice Data
Paytm,Noida,Uttar Pradesh,FinTech,906,0.146,2025-05-17,Post-IPO,India,5000,Senior Software Engineer,Engineering,Intern,Market conditions,Medium,Synthetic Practice Data
Dream11,Bengaluru,Karnataka,Gaming,414,0.13,2025-12-29,Late Stage,India,1000,Data Analyst,Analytics,Part-time,Strategic restructuring,Enterprise,Synthetic Practice Data
Wipro,Pune,Maharashtra,IT Services,1131,0.075,2021-09-13,Post-IPO,India,0,Customer Support Executive,Customer Support,Part-time,Performance optimization,Large,Synthetic Practice Data
Curefit,Bengaluru,Karnataka,HealthTech,645,0.043,2021-09-17,Late Stage,India,700,Software Engineer,Engineering,Part-time,Merger and acquisition,Large,Synthetic Practice Data
Zomato,Mumbai,Maharashtra,Food Delivery,202,0.117,2023-04-05,Post-IPO,India,2500,Operations Executive,Operations,Part-time,Market conditions,Medium,Synthetic Practice Data
Policybazaar,Mumbai,Maharashtra,Financial Services,335,0.059,2024-10-14,Post-IPO,India,800,DevOps Engineer,Engineering,Contract,Strategic restructuring,Startup,Synthetic Practice Data
Razorpay,Gurugram,Haryana,FinTech,187,0.029,2021-07-02,Late Stage,India,800,Senior Software Engineer,Engineering,Contract,Business shutdown,Enterprise,Synthetic Practice Data
Udaan,Bengaluru,Karnataka,E-commerce,96,0.163,2024-08-05,Late Stage,India,1200,Product Manager,Product,Intern,Market conditions,Enterprise,Synthetic Practice Data
Ather Energy,Chennai,Tamil Nadu,Automotive,39,0.151,2022-05-01,Late Stage,India,500,Data Scientist,Data Science,Part-time,Performance optimization,Small,Synthetic Practice Data
Lenskart,Mumbai,Maharashtra,Retail,631,0.076,2025-12-12,Late Stage,India,1500,QA Engineer,Quality Assurance,Full-time,Funding issues,Medium,Synthetic Practice Data
Meesho,Mumbai,Maharashtra,E-commerce,447,0.235,2026-04-28,Late Stage,India,1200,UI/UX Designer,Design,Contract,Merger and acquisition,Enterprise,Synthetic Practice Data
Dream11,Gurugram,Haryana,Gaming,229,0.232,2026-04-29,Late Stage,India,1000,Software Engineer,Engineering,Full-time,Funding issues,Enterprise,Synthetic Practice Data
PhonePe,New Delhi,Delhi,FinTech,568,0.069,2023-10-07,Late Stage,India,2200,,Quality Assurance,Part-time,Business shutdown,Small,Synthetic Practice Data
ShareChat,Mumbai,Maharashtra,Social Media,639,0.093,2025-04-24,Late Stage,India,1300,DevOps Engineer,Engineering,Full-time,Automation,Enterprise,Synthetic Practice Data
PharmEasy,Bengaluru,Karnataka,HealthTech,220,0.031,2025-02-28,Late Stage,India,1200,Product Manager,Product,Part-time,Strategic restructuring,Large,Synthetic Practice Data
Unacademy,Jaipur,Rajasthan,EdTech,75,0.06,2025-02-27,Late Stage,India,800,Customer Support Executive,Customer Support,Full-time,Restructuring,Enterprise,Synthetic Practice Data
Wipro,Pune,Maharashtra,IT Services,229,0.11,2023-01-15,Post-IPO,India,0,Marketing Executive,Marketing,Contract,Automation,Startup,Synthetic Practice Data
Udaan,Mumbai,Maharashtra,E-commerce,256,0.067,2022-02-18,Late Stage,India,1200,Customer Support Executive,Customer Support,Full-time,Strategic restructuring,Startup,Synthetic Practice Data
PhonePe,New Delhi,Delhi,FinTech,395,0.244,2023-07-02,Late Stage,India,2200,DevOps Engineer,Engineering,Part-time,Merger and acquisition,Large,Synthetic Practice Data
Tech Mahindra,Hyderabad,Telangana,IT Services,966,0.02,2025-10-29,Post-IPO,India,0,Senior Software Engineer,Engineering,Full-time,Strategic restructuring,Medium,Synthetic Practice Data
HCLTech,Chennai,Tamil Nadu,IT Services,390,0.242,2026-01-26,Post-IPO,India,0,Data Analyst,Analytics,Part-time,Market conditions,Large,Synthetic Practice Data
Curefit,Hyderabad,Telangana,HealthTech,441,0.244,2025-01-14,Late Stage,India,700,QA Engineer,Quality Assurance,Full-time,Strategic restructuring,Enterprise,Synthetic Practice Data
Ola,Chennai,Tamil Nadu,Transportation,508,0.074,2022-01-05,Late Stage,India,3200,QA Engineer,Quality Assurance,Intern,Economic slowdown,Large,Synthetic Practice Data
Myntra,Gurugram,Haryana,E-commerce,626,0.025,2022-02-08,Late Stage,India,500,Marketing Executive,Marketing,Full-time,Strategic restructuring,Startup,Synthetic Practice Data
Curefit,Bengaluru,Karnataka,HealthTech,669,0.035,2026-04-25,Late Stage,India,700,Project Manager,Project Management,Part-time,Automation,Small,Synthetic Practice Data
Ather Energy,Pune,Maharashtra,Automotive,617,0.125,2025-01-18,Late Stage,India,500,HR Executive,Human Resources,Contract,Automation,Startup,Synthetic Practice Data
Paytm,Noida,Uttar Pradesh,FinTech,34,0.023,2021-08-30,Post-IPO,India,5000,Product Manager,Product,Contract,Performance optimization,Startup,Synthetic Practice Data
CRED,Mumbai,Maharashtra,FinTech,617,0.014,2022-11-13,Late Stage,India,1000,Project Manager,Project Management,Intern,Business shutdown,Enterprise,Synthetic Practice Data
Razorpay,Bengaluru,Karnataka,FinTech,166,0.067,2021-02-08,Late Stage,India,800,Project Manager,Project Management,Intern,Business shutdown,Large,Synthetic Practice Data
BYJU'S,Mumbai,Maharashtra,EdTech,338,0.045,2026-01-16,Late Stage,India,5500,Software Engineer,Engineering,Contract,Market conditions,Small,Synthetic Practice Data
Myntra,Mumbai,Maharashtra,E-commerce,688,0.065,2022-02-18,Late Stage,India,500,DevOps Engineer,Engineering,Part-time,Funding issues,Medium,Synthetic Practice Data
Tech Mahindra,Bengaluru,Karnataka,IT Services,1107,0.065,2023-03-17,Post-IPO,India,0,UI/UX Designer,Design,Part-time,Market conditions,Startup,Synthetic Practice Data
PhonePe,New Delhi,Delhi,FinTech,405,0.18,2022-03-16,Late Stage,India,2200,Project Manager,Project Management,Intern,Automation,Large,Synthetic Practice Data
Unacademy,Jaipur,Rajasthan,EdTech,257,0.221,2023-04-27,Late Stage,India,800,Business Analyst,Business,Contract,Performance optimization,Small,Synthetic Practice Data
Flipkart,Gurugram,Haryana,E-commerce,72,0.15,2023-03-10,Late Stage,India,8700,QA Engineer,Quality Assurance,Part-time,Merger and acquisition,Enterprise,Synthetic Practice Data
ShareChat,Mumbai,Maharashtra,Social Media,191,0.213,2021-02-04,Late Stage,India,1300,Sales Executive,Sales,Intern,Restructuring,Large,Synthetic Practice Data
HCLTech,Noida,Uttar Pradesh,IT Services,1000,0.072,2023-01-26,Post-IPO,India,0,HR Executive,Human Resources,Intern,Cost cutting,Medium,Synthetic Practice Data
Tech Mahindra,Hyderabad,Telangana,IT Services,946,0.132,2023-04-12,Post-IPO,India,0,Sales Executive,Sales,Intern,Market conditions,Small,Synthetic Practice Data
Dream11,Mumbai,Maharashtra,Gaming,610,0.067,2024-12-13,Late Stage,India,1000,UI/UX Designer,Design,Part-time,Market conditions,Startup,Synthetic Practice Data
Udaan,Gurugram,Haryana,E-commerce,336,0.078,2021-10-25,Late Stage,India,1200,Senior Software Engineer,Engineering,Part-time,Economic slowdown,Startup,Synthetic Practice Data
Ola,Bengaluru,Karnataka,Transportation,576,0.019,2025-09-05,Late Stage,India,3200,Customer Support Executive,Customer Support,Part-time,Automation,Startup,Synthetic Practice Data
ShareChat,Mumbai,Maharashtra,Social Media,79,0.175,,Late Stage,India,1300,Software Engineer,Engineering,Contract,Funding issues,Large,Synthetic Practice Data
OYO,Gurugram,Haryana,Travel,1162,0.076,2025-06-19,Post-IPO,India,4300,Customer Support Executive,Customer Support,Full-time,Restructuring,Large,Synthetic Practice Data
PhonePe,Mumbai,Maharashtra,FinTech,512,0.071,2025-12-30,Late Stage,India,2200,Marketing Executive,Marketing,Full-time,Market conditions,Startup,Synthetic Practice Data
Tech Mahindra,Bengaluru,Karnataka,IT Services,757,0.121,2022-10-26,Post-IPO,India,0,Marketing Executive,,Intern,Strategic restructuring,Small,Synthetic Practice Data
OYO,Mumbai,Maharashtra,Travel,421,0.096,2025-04-05,Post-IPO,India,4300,HR Executive,Human Resources, Contract,Strategic restructuring,Small,Synthetic Practice Data
Udaan,Bengaluru,Karnataka,E-commerce,415,0.058,2021-01-04,Late Stage,India,1200,Sales Executive,Sales,Intern,Economic slowdown,Small,Synthetic Practice Data
Freshworks,Hyderabad,Telangana,SaaS,1011,0.084,2023-01-08,Post-IPO,India,484,Product Manager,Product,Part-time,Business shutdown,Small,Synthetic Practice Data
Ather Energy,Bengaluru,Karnataka,Automotive,443,0.139,2021-02-23,Late Stage,India,500,Finance Analyst,Finance,Contract,Merger and acquisition,Startup,Synthetic Practice Data
Myntra,Gurugram,Haryana,E-commerce,125,0.134,2022-11-02,Late Stage,India,500,Finance Analyst,Finance,Full-time,Cost cutting,Enterprise,Synthetic Practice Data
Moglix,Noida,Uttar Pradesh,E-commerce,643,0.111,2024-08-10,Late Stage,India,650,customer support executive,Customer Support,Full-time,Funding issues,Startup,Synthetic Practice Data
Flipkart,Gurugram,Haryana,E-commerce,261,0.144,2025-10-02,Late Stage,India,8700,Sales Executive,Sales,Contract,Merger and acquisition,Large,Synthetic Practice Data
PhonePe,Mumbai,Maharashtra,FinTech,404,0.088,2023-03-11,Late Stage,India,2200,Finance Analyst,Finance,Full-time,Economic slowdown,Enterprise,Synthetic Practice Data
Myntra,Gurugram,Haryana,E-commerce,509,0.057,2022-12-26,Late Stage,India,500,Data Scientist,Data Science,Full-time,Funding issues,Startup,Synthetic Practice Data
Razorpay,Mumbai,Maharashtra,FinTech,421,0.18,2023-09-16,Late Stage,India,800,Sales Executive,Sales,Contract,Business shutdown,Startup,Synthetic Practice Data
Moglix,Bengaluru,Karnataka,E-commerce,659,0.013,2025-02-28,Late Stage,India,650,Data Scientist,Data Science,Contract,Performance optimization,Medium,Synthetic Practice Data
Infosys,Pune,Maharashtra,IT Services,59,0.086,2025-10-22,Post-IPO,India,0,Finance Analyst,Finance,Full-time,Merger and acquisition,Startup,Synthetic Practice Data
ShareChat,Bengaluru,Karnataka,Social Media,349,0.149,2026-04-22,Late Stage,India,1300,Product Manager,,Intern,Funding issues,Large,Synthetic Practice Data
PhonePe,Mumbai,Maharashtra,FinTech,445,0.249,2024-09-16,Late Stage,India,2200,UI/UX Designer,Design,Part-time,Funding issues,Large,Synthetic Practice Data
Zomato,Mumbai,Maharashtra,Food Delivery,148,0.092,2022-05-16,Post-IPO,India,2500,Data Scientist,Data Science,Part-time,Automation,Medium,Synthetic Practice Data
Paytm,Bengaluru,Karnataka,FinTech,200,0.064,2025-02-19,Post-IPO,India,5000,Product Manager,Product,Contract,Merger and acquisition,Startup,Synthetic Practice Data
Razorpay,Bengaluru,Karnataka,FinTech,333,0.234,2021-10-25,Late Stage,India,800,HR Executive,Human Resources,Intern,Cost cutting,Large,Synthetic Practice Data
Freshworks,Hyderabad,Telangana,SaaS,117,0.194,2022-05-26,Post-IPO,India,484,Sales Executive,Sales,Full-time,Automation,Medium,Synthetic Practice Data
Moglix,Mumbai,Maharashtra,E-commerce,115,0.181,2026-08-20,Late Stage,India,650,Business Analyst,Business,Intern,Strategic restructuring,Small,Synthetic Practice Data
Dream11,Mumbai,Maharashtra,Gaming,131,0.212,2021-05-09,Late Stage,India,1000,Recruiter,Human Resources,Contract,Economic slowdown,Large,Synthetic Practice Data
Flipkart,Gurugram,Haryana,E-commerce,147,0.12,2022-04-27,Late Stage,India,8700,Data Scientist,Data Science,Intern,Restructuring,Medium,Synthetic Practice Data
PharmEasy,Mumbai,Maharashtra,HealthTech,32,0.038,2022-08-04,Late Stage,India,1200,Recruiter,Human Resources,Full-time,Restructuring,Enterprise,Synthetic Practice Data
PharmEasy,Mumbai,Maharashtra,HealthTech,461,0.092,2022-09-13,Late Stage,India,1200,Business Analyst,Business,Full-time,Market conditions,Small,Synthetic Practice Data
Wipro,Hyderabad,Telangana,IT Services,716,0.077,2023-04-16,Post-IPO,India,0,Software Engineer,Engineering,Part-time,Market conditions,Enterprise,Synthetic Practice Data
Moglix,Mumbai,Maharashtra,E-commerce,491,0.143,2022-08-04,Late Stage,India,650,QA Engineer,Quality Assurance,Intern,Automation,Large,Synthetic Practice Data
Myntra,Mumbai,Maharashtra,E-commerce,306,0.169,2022-12-25,Late Stage,India,500,DevOps Engineer,Engineering,Intern,Merger and acquisition,Startup,Synthetic Practice Data
BYJU'S,Bengaluru,Karnataka,EdTech,33,0.113,2024-01-18,Late Stage,India,5500,Marketing Executive,Marketing,Intern,Performance optimization,Large,Synthetic Practice Data
Freshworks,Bengaluru,Karnataka,SaaS,388,0.125,2025-10-04,Post-IPO,India,484,Operations Executive,Operations,Intern,Merger and acquisition,Large,Synthetic Practice Data
Myntra,Bengaluru,Karnataka,E-commerce,153,0.237,2022-09-24,Late Stage,India,500,DevOps Engineer,Engineering,Full-time,Automation,Medium,Synthetic Practice Data
Curefit,Hyderabad,Telangana,HealthTech,234,0.138,2022-08-08,Late Stage,India,700,Business Analyst,Business,Contract,Performance optimization,Startup,Synthetic Practice Data
Unacademy,New Delhi,Delhi,EdTech,458,0.186,2026-01-28,Late Stage,India,800,Finance Analyst,Finance,Full-time,Funding issues,Startup,Synthetic Practice Data
CRED,Gurugram,Haryana,FinTech,652,0.086,2024-05-22,Late Stage,India,1000,Software Engineer,Engineering,Intern,Automation,Small,Synthetic Practice Data
Accenture India,Bengaluru,Karnataka,IT Services,173,0.239,2025-04-03,Private,India,0,Sales Executive,Sales,Part-time,Automation,Startup,Synthetic Practice Data
Flipkart,Mumbai,Maharashtra,E-commerce,407,0.071,2021-10-24,Late Stage,India,8700,Recruiter,Human Resources,Intern,Performance optimization,Enterprise,Synthetic Practice Data
Ather Energy,Bengaluru,Karnataka,Automotive,646,0.078,2024-06-21,Late Stage,India,500,DevOps Engineer,Engineering,Full-time,Restructuring,Small,Synthetic Practice Data
CRED,Mumbai,Maharashtra,FinTech,626,0.045,2022-07-18,Late Stage,India,1000,Customer Support Executive,Customer Support,Full-time,Funding issues,Medium,Synthetic Practice Data
Ather Energy,Bengaluru,Karnataka,Automotive,595,0.057,2022-05-08,Late Stage,India,500,UI/UX Designer,Design,Part-time,Business shutdown,Small,Synthetic Practice Data
Freshworks,Bengaluru,Karnataka, SaaS,129,0.022,2025-10-09,Post-IPO,India,484,Sales Executive,Sales,Contract,Economic slowdown,Small,Synthetic Practice Data
Curefit,Mumbai,Maharashtra,HealthTech,303,0.046,2021-09-03,Late Stage,India,700,Operations Executive,Operations,Full-time,Cost cutting,Enterprise,Synthetic Practice Data
TCS,Chennai,Tamil Nadu,IT Services,1040,0.096,2022-04-23,Post-IPO,India,0,Project Manager,Project Management,Part-time,Economic slowdown,Large,Synthetic Practice Data
Freshworks,Bengaluru,Karnataka,SaaS,883,0.077,2024-10-11,Post-IPO,India,484,Software Engineer,Engineering,Contract,Restructuring,Small,Synthetic Practice Data
Wipro,Hyderabad,Telangana,IT Services,930,0.083,2023-08-01,Post-IPO,India,0,DevOps Engineer,Engineering,Part-time,Strategic restructuring,Startup,Synthetic Practice Data
Unacademy,Jaipur,Rajasthan,EdTech,541,0.047,2021-12-05,Late Stage,India,800,Finance Analyst,Finance,Part-time,Market conditions,Startup,Synthetic Practice Data
Dream11,Bengaluru,Karnataka,Gaming,450,0.137,2023-01-22,Late Stage,India,1000,Sales Executive,Sales,Full-time,Market conditions,Enterprise,Synthetic Practice Data
PhonePe,New Delhi,Delhi,FinTech,241,0.167,2026-02-02,Late Stage,India,2200,Customer Support Executive,Customer Support,Full-time,Economic slowdown,Small,Synthetic Practice Data
Wipro,Kolkata,West Bengal,IT Services,510,0.092,2023-02-01,Post-IPO,India,0,Marketing Executive,Marketing,Intern,Funding issues,Medium,Synthetic Practice Data
Ather Energy,Pune,Maharashtra,Automotive,225,0.174,2023-05-24,Late Stage,India,500,Software Engineer,Engineering,Full-time,Market conditions,Startup,Synthetic Practice Data
Flipkart,Gurugram,Haryana,E-commerce,215,0.227,2022-09-17,Late Stage,India,8700,UI/UX Designer,Design,Contract,Restructuring,Enterprise,Synthetic Practice Data
Zomato,Bengaluru,Karnataka,Food Delivery,312,0.053,2025-09-24,Post-IPO,India,2500,Finance Analyst,Finance,Full-time,Cost cutting,Medium,Synthetic Practice Data
Dream11,Mumbai,Maharashtra,Gaming,611,0.129,,Late Stage,India,1000,Sales Executive,Sales,Contract,Merger and acquisition,Medium,Synthetic Practice Data
Policybazaar,Mumbai,Maharashtra,Financial Services,567,0.121,2021-11-20,Post-IPO,India,800,Project Manager,Project Management,Part-time,Funding issues,Large,Synthetic Practice Data
PharmEasy,Bengaluru,Karnataka,HealthTech,242,0.117,2022-10-05,Late Stage,India,1200,,Design,Part-time,Business shutdown,Startup,Synthetic Practice Data
Tech Mahindra,Bengaluru,Karnataka,IT Services,325,0.159,2022-07-27,Post-IPO,India,0,Finance Analyst,Finance,Intern,Funding issues,Enterprise,Synthetic Practice Data
Udaan,Bengaluru,Karnataka,E-commerce,214,0.108,2022-02-09,Late Stage,India,1200,UI/UX Designer,Design,Contract,Cost cutting,Large,Synthetic Practice Data
Ather Energy,Chennai,Tamil Nadu,Automotive,195,0.064,2023-10-22,Late Stage,India,500,DevOps Engineer,Engineering,Intern,Market conditions,Startup,Synthetic Practice Data
PharmEasy,New Delhi,Delhi,HealthTech,546,0.133,2021-04-29,Late Stage,India,1200,Marketing Executive,Marketing,Contract,Economic slowdown,Small,Synthetic Practice Data
Lenskart,new delhi,Delhi,Retail,663,0.045,2024-10-13,Late Stage,India,1500,QA Engineer,Quality Assurance,Part-time,Economic slowdown,Large,Synthetic Practice Data
Lenskart,New Delhi,Delhi,Retail,555,0.108,2023-07-23,Late Stage,India,1500,Project Manager,Project Management,Intern,Strategic restructuring,Startup,Synthetic Practice Data
BYJU'S,Gurugram,Haryana,EdTech,471,0.128,2025-08-03,Late Stage,India,5500,Recruiter,Human Resources,Intern,Funding issues,Large,Synthetic Practice Data
Ola,Bengaluru,Karnataka,Transportation,192,0.221,2023-04-08,Late Stage,India,3200,Senior Software Engineer,Engineering,Contract,Restructuring,Large,Synthetic Practice Data
Swiggy,Hyderabad,Telangana,Food Delivery,947,0.034,2024-08-31,Post-IPO,India,3600,QA Engineer,Quality Assurance,Full-time,Strategic restructuring,Large,Synthetic Practice Data
Policybazaar,Gurugram,Haryana,Financial Services,307,0.053,2022-10-19,Post-IPO,India,800,Senior Software Engineer,Engineering,Intern,Performance optimization,Large,Synthetic Practice Data
CRED,Bengaluru,Karnataka,FinTech,221,0.109,2022-12-07,Late Stage,India,,Operations Executive,Operations,Full-time,Business shutdown,Enterprise,Synthetic Practice Data
Wipro,Hyderabad,Telangana,IT Services,532,0.021,2023-11-12,Post-IPO,India,0,DevOps Engineer,Engineering,Full-time,Automation,Small,Synthetic Practice Data
Freshworks,Chennai,Tamil Nadu,SaaS,840,0.093,2023-09-05,Post-IPO,India,484,HR Executive,Human Resources,Intern,Strategic restructuring,Small,Synthetic Practice Data
Lenskart,Gurugram,Haryana,Retail,226,0.071,2026-02-06,Late Stage,India,1500,HR Executive,Human Resources,Intern,Merger and acquisition,Large,Synthetic Practice Data
Myntra,Gurugram,Haryana,E-commerce,203,0.054,2023-07-31,Late Stage,India,500,Operations Executive,Operations,Full-time,Economic slowdown,Startup,Synthetic Practice Data
Dream11,,Karnataka,Gaming,391,0.207,2023-01-20,Late Stage,India,1000,Project Manager,Project Management,Full-time,Restructuring,Large,Synthetic Practice Data
TCS,Hyderabad,Telangana,IT Services,710,0.125,2021-09-16,Post-IPO,India,0,Software Engineer,Engineering,Full-time,Performance optimization,Startup,Synthetic Practice Data
Udaan,Gurugram,Haryana,E-commerce,109,0.096,2021-10-31,Late Stage,India,1200,Business Analyst,Business,Part-time,Automation,Large,Synthetic Practice Data
Paytm,New Delhi,Delhi,FinTech,708,0.081,2026-06-30,Post-IPO,India,5000,Marketing Executive,Marketing,Part-time,Strategic restructuring,Medium,Synthetic Practice Data
Policybazaar,Mumbai,Maharashtra,Financial Services,173,0.12,2021-05-07,Post-IPO,India,800,HR Executive,Human Resources,Intern,Market conditions,Startup,Synthetic Practice Data
Myntra,Bengaluru,Karnataka,E-commerce,182,0.186,2026-05-07,Late Stage,India,500,QA Engineer,Quality Assurance,Contract,Economic slowdown,Startup,Synthetic Practice Data
Dream11,Mumbai,Maharashtra,Gaming,119,0.076,2022-12-27,Late Stage,India,1000,Software Engineer,Engineering,Contract,Funding issues,Startup,Synthetic Practice Data
Policybazaar,New Delhi,Delhi,Financial Services,139,0.184,,Post-IPO,India,800,Marketing Executive,Marketing,Contract ,Economic slowdown,Large,Synthetic Practice Data
Zomato,Bengaluru,Karnataka,Food Delivery,1001,0.025,2026-01-15,Post-IPO,India,2500,Finance Analyst,Finance ,Contract,Economic slowdown,Medium,Synthetic Practice Data
Dream11,Bengaluru,Karnataka,Gaming,49,0.031,2025-11-15,Late Stage,India,1000,Data Scientist,Data Science,Part-time,Funding issues,Medium,Synthetic Practice Data
Flipkart,,Maharashtra,E-commerce,453,0.225,2026-03-02,Late Stage,India,8700,Project Manager,Project Management,Contract,Business shutdown,Medium,Synthetic Practice Data
Swiggy,Hyderabad,Telangana,Food Delivery,526,0.094,2022-10-24,Post-IPO,India,3600,Data Analyst,Analytics,Part-time,Cost cutting,Startup,Synthetic Practice Data
TCS,Bengaluru,Karnataka,IT Services,1058,0.125,2021-08-12,Post-IPO,India,0,Senior Software Engineer,Engineering,Contract,Market conditions,Medium,Synthetic Practice Data
Paytm,Bengaluru,Karnataka,FinTech,705,0.07,2022-07-12,Post-IPO,India,5000,Recruiter,Human Resources,Intern,Business shutdown,Medium,Synthetic Practice Data
Policybazaar,New Delhi,Delhi,Financial Services,680,0.123,2022-07-25,Post-IPO,India,800,Data Scientist,Data Science,Intern,Performance optimization,Medium,Synthetic Practice Data
Unacademy,Jaipur,Rajasthan,EdTech,240,0.116,2025-07-11,Late Stage,India,800,Sales Executive,Sales,Part-time,Merger and acquisition,Medium,Synthetic Practice Data
PhonePe,New Delhi,Delhi,FinTech,69,0.166,2023-12-25,Late Stage,India,2200,Customer Support Executive,Customer Support,Part-time,Merger and acquisition,Startup,Synthetic Practice Data
CRED,Gurugram,Haryana,FinTech,243,0.05,2024-02-27,Late Stage,India,1000,Software Engineer,Engineering,Intern,Merger and acquisition,Startup,Synthetic Practice Data
BYJU'S,Gurugram,Haryana,EdTech,55,0.086,2023-08-18,Late Stage,India,5500,Senior Software Engineer,Engineering,Contract,Merger and acquisition,Small,Synthetic Practice Data
Wipro,Kolkata,West Bengal,IT Services,157,0.224,2025-08-11,Post-IPO,India,0,Sales Executive,Sales,Full-time,Business shutdown,Enterprise,Synthetic Practice Data
Ather Energy,Pune,Maharashtra,Automotive,142,0.18,2024-11-26,Late Stage,India,500,UI/UX Designer,Design,Part-time,Strategic restructuring,Enterprise,Synthetic Practice Data
Swiggy,Bengaluru,Karnataka,Food Delivery,854,0.105,2021-08-30,Post-IPO,India,3600,Data Analyst,Analytics,Part-time,Strategic restructuring,Medium,Synthetic Practice Data
Myntra,Gurugram,Haryana,E-commerce,354,0.181,2021-08-10,Late Stage,India,500,Data Scientist,Data Science,Intern,Restructuring,Large,Synthetic Practice Data
Ather Energy,Bengaluru,Karnataka,Automotive,597,0.085,2023-07-09,Late Stage,India,500,Senior Software Engineer,Engineering,Part-time,Economic slowdown,Startup,Synthetic Practice Data
Accenture India,Chennai,Tamil Nadu,IT Services,119,0.187,2022-06-22,Private,India,0,Software Engineer,Engineering,Contract,Performance optimization,Startup,Synthetic Practice Data
HCLTech,Hyderabad,Telangana,IT Services,1181,0.059,2021-09-21,Post-IPO,India,0,Customer Support Executive,Customer Support,Contract,Automation,Small,Synthetic Practice Data
Moglix,Bengaluru,karnataka,E-commerce,499,0.035,2023-01-30,Late Stage,India,650,Sales Executive,Sales,Part-time,Strategic restructuring,Large,Synthetic Practice Data
Meesho,Bengaluru,Karnataka,E-commerce,595,0.087,2026-07-04,Late Stage,India,1200,Senior Software Engineer,Engineering,Intern,Economic slowdown,Startup,Synthetic Practice Data
Unacademy,Bengaluru,Karnataka,EdTech,353,0.171,2023-06-30,Late Stage,India,800,Project Manager,Project Management,Contract,Funding issues,Small,Synthetic Practice Data
Lenskart,Mumbai,Maharashtra,Retail,479,0.177,2021-04-23,Late Stage,India,1500,,Product,Part-time,Automation,Startup,Synthetic Practice Data
Wipro,Hyderabad,Telangana,IT Services,501,0.067,2023-10-06,Post-IPO,India,0,DevOps Engineer,Engineering,Full-time,Strategic restructuring,Enterprise,Synthetic Practice Data
Flipkart,Gurugram,Haryana,E-commerce,195,0.043,2021-06-11,Late Stage,India,8700,Business Analyst,Business,Part-time,Economic slowdown,Enterprise,Synthetic Practice Data
Moglix,Bengaluru,Karnataka,E-commerce,160,0.226,2021-12-09,Late Stage,India,650,UI/UX Designer,Design,Intern,Automation,Startup,Synthetic Practice Data
Curefit,Mumbai,Maharashtra,HealthTech,71,0.036,2026-08-05,Late Stage,India,700,Product Manager,Product,Full-time,Business shutdown,Small,Synthetic Practice Data
Curefit,Hyderabad,Telangana,HealthTech,484,0.198,2025-07-19,Late Stage,India,700,Software Engineer,Engineering,Intern,Economic slowdown,Medium,Synthetic Practice Data
CRED,Mumbai,Maharashtra,FinTech,285,0.104,2023-12-01,Late Stage,India,1000,Sales Executive,Sales,Contract,Automation,Small,Synthetic Practice Data
Dream11,Mumbai,Maharashtra,Gaming,648,0.055,2026-07-04,Late Stage,India,1000,Marketing Executive,Marketing,Contract,Automation,Enterprise,Synthetic Practice Data
ShareChat,Mumbai,Maharashtra,Social Media,40,0.172,2022-10-14,Late Stage,India,1300,DevOps Engineer,Engineering,Full-time,Performance optimization,Startup,Synthetic Practice Data
Freshworks,Bengaluru,Karnataka,SaaS,1198,0.058,2025-11-07,Post-IPO,India,484,DevOps Engineer,Engineering,Contract,Cost cutting,Large,Synthetic Practice Data
Infosys,Bengaluru,Karnataka,IT Services,1106,0.011,2022-07-16,Post-IPO,India,0,QA Engineer,Quality Assurance,Part-time,Funding issues,Small,Synthetic Practice Data
Freshworks,Bengaluru,Karnataka,SaaS,520,0.011,2025-08-23,Post-IPO,India,484,Senior Software Engineer,Engineering,Part-time,Merger and acquisition,Medium,Synthetic Practice Data
PhonePe,Mumbai,Maharashtra,FinTech,635,0.094,2025-06-19,Late Stage,India,2200,UI/UX Designer,Design,Full-time,Restructuring,Small,Synthetic Practice Data
HCLTech,Bengaluru,Karnataka,IT Services,901,0.133,2026-08-09,Post-IPO,India,0,Sales Executive,Sales,Contract,Restructuring,Small,Synthetic Practice Data
Zomato,Mumbai,Maharashtra,Food Delivery,217,0.145,2022-08-16,Post-IPO,India,2500,Data Scientist,Data Science,Full-time,Business shutdown,Startup,Synthetic Practice Data
Zomato,Gurugram,Haryana,Food Delivery,338,0.143,2025-05-20,Post-IPO,India,2500,UI/UX Designer,Design,Contract,Strategic restructuring,Startup,Synthetic Practice Data
Flipkart,Gurugram,Haryana,E-commerce,107,0.035,2026-04-23,Late Stage,India,8700,Marketing Executive,Marketing,Full-time,Merger and acquisition,Startup,Synthetic Practice Data
Paytm,Mumbai,Maharashtra,FinTech,751,0.112,2025-06-11,Post-IPO,India,5000,Senior Software Engineer,Engineering,Full-time,Performance optimization,Small,Synthetic Practice Data
Curefit,Bengaluru,Karnataka,HealthTech,614,0.085,2025-05-09,Late Stage,India,700,HR Executive,Human Resources,Full-time,Market conditions,Medium,Synthetic Practice Data
Moglix,Mumbai,Maharashtra,E-commerce,455,0.185,2024-11-11,Late Stage,India,650,HR Executive,Human Resources,Part-time,Restructuring,Enterprise,Synthetic Practice Data
PharmEasy,Mumbai,Maharashtra,HealthTech,652,0.113,2022-06-07,Late Stage,India,1200,Software Engineer,Engineering,Contract,Cost cutting,Small,Synthetic Practice Data
Zomato,Bengaluru,Karnataka,Food Delivery,719,0.075,2021-12-19,Post-IPO,India,2500,Sales Executive,Sales,Full-time,Strategic restructuring,Large,Synthetic Practice Data
BYJU'S,Gurugram,Haryana,EdTech,92,0.17,2022-08-22,Late Stage,India,5500,Senior Software Engineer,Engineering,Part-time,Cost cutting,Medium,Synthetic Practice Data
Meesho,Gurugram,Haryana,E-commerce,337,0.082,2021-11-16,Late Stage,India,1200,Product Manager,Product,Intern,Strategic restructuring,Medium,Synthetic Practice Data
Udaan,Gurugram,Haryana,E-commerce,137,0.128,2024-05-30,Late Stage,India,1200,HR Executive,Human Resources,Intern,Market conditions,Medium,Synthetic Practice Data
Policybazaar,Gurugram,Haryana,Financial Services,562,0.086,2023-10-17,Post-IPO,India,800,Marketing Executive,Marketing,Intern,Strategic restructuring,Large,Synthetic Practice Data
Policybazaar,New Delhi,Delhi,Financial Services,580,0.15,2026-05-14,Post-IPO,India,800,HR Executive,Human Resources,Full-time,Performance optimization,Large,Synthetic Practice Data
TCS,Hyderabad,Telangana,IT Services,72,0.124,2024-02-19,Post-IPO,India,0,,Marketing,Contract,Performance optimization,Medium,Synthetic Practice Data
Wipro,bengaluru,Karnataka,IT Services,850,0.014,2023-12-30,Post-IPO,India,0,Sales Executive,Sales,Intern,Funding issues,Large,Synthetic Practice Data
Dream11,Bengaluru,Karnataka,Gaming,174,0.194,2026-01-23,Late Stage,India,1000,HR Executive,Human Resources,Contract,Funding issues,Enterprise,Synthetic Practice Data
Paytm,Bengaluru,Karnataka,FinTech,558,0.11,2021-11-12,Post-IPO,India,5000,Project Manager,Project Management,Full-time,Automation,Large,Synthetic Practice Data
Tech Mahindra,Bengaluru,Karnataka,IT Services,504,0.017,2024-11-02,Post-IPO,India,0,UI/UX Designer,Design,Full-time,Market conditions,Enterprise,Synthetic Practice Data
Swiggy,Mumbai,Maharashtra,Food Delivery,1037,0.147,2021-01-14,Post-IPO,India,3600,UI/UX Designer,Design,Contract,Economic slowdown,Startup,Synthetic Practice Data
Razorpay,Mumbai,Maharashtra,FinTech,549,0.072,2024-07-07,Late Stage,India,800,QA Engineer,Quality Assurance,Contract,Merger and acquisition,Medium,Synthetic Practice Data
Ather Energy,Pune,Maharashtra,Automotive,317,0.233,2023-05-12,Late Stage,India,500,Finance Analyst,Finance,Full-time,Strategic restructuring,Small,Synthetic Practice Data
Accenture India,Chennai,Tamil Nadu,IT Services,130,0.211,2024-09-02,Private,India,0,Operations Executive,Operations,Intern,Market conditions,Large,Synthetic Practice Data
BYJU'S,Bengaluru,Karnataka,EdTech,393,0.161,2025-03-27,Late Stage,India,5500,Data Scientist,Data Science,Full-time,Merger and acquisition,Medium,Synthetic Practice Data
TCS,Mumbai,Maharashtra,IT Services,845,0.068,2022-02-15,Post-IPO,India,0,Senior Software Engineer,Engineering,Part-time,Business shutdown,Medium,Synthetic Practice Data
Dream11,Gurugram,Haryana,Gaming,668,0.141,2026-04-07,Late Stage,India,1000,Senior Software Engineer,Engineering,Full-time,Automation,Small,Synthetic Practice Data
Unacademy,Bengaluru,Karnataka,EdTech,131,0.158,2025-08-01,Late Stage,India,800,Data Scientist,Data Science,Part-time,Restructuring,Startup,Synthetic Practice Data
BYJU'S,Mumbai,Maharashtra,EdTech,539,0.102,2023-02-03,Late Stage,India,5500,Senior Software Engineer,Engineering,Full-time,Automation,Small,Synthetic Practice Data
Swiggy,Bengaluru,Karnataka,Food Delivery,586,0.016,2024-09-28,Post-IPO,India,3600,DevOps Engineer,Engineering,Intern,Economic slowdown,Medium,Synthetic Practice Data
Udaan,Gurugram,Haryana,E-commerce,530,0.064,2025-03-13,Late Stage,India,1200,DevOps Engineer,Engineering,Contract,Automation,Enterprise,Synthetic Practice Data
Lenskart,Bengaluru,Karnataka,Retail,107,0.077,2025-07-23,Late Stage,India,1500,Finance Analyst,Finance,Full-time,Performance optimization,Small,Synthetic Practice Data
Accenture India,Mumbai,Maharashtra,IT Services,182,0.052,2024-07-04,Private,India,0,HR Executive,Human Resources,Contract,Restructuring,Large,Synthetic Practice Data
ShareChat,Mumbai,Maharashtra,Social Media,140,0.03,2025-02-02,Late Stage,India,1300,Data Analyst,Analytics,Intern,Cost cutting,Medium,Synthetic Practice Data
Curefit,Bengaluru,Karnataka,HealthTech,664,0.025,2024-01-27,Late Stage,India,700,Business Analyst,Business,Intern,Merger and acquisition,Large,Synthetic Practice Data
Lenskart,New Delhi,Delhi,Retail,196,0.06,2023-05-27,Late Stage,India,1500,Software Engineer,Engineering,Part-time,Market conditions,Small,Synthetic Practice Data
Lenskart,Gurugram,Haryana,Retail,29,0.134,2026-04-18,Late Stage,India,1500,UI/UX Designer,Design,Intern,Economic slowdown,Large,Synthetic Practice Data
Paytm,Mumbai,Maharashtra,FinTech,30,0.076,2023-02-02,Post-IPO,India,5000,Sales Executive,Sales,Full-time,Market conditions,Medium,Synthetic Practice Data
OYO,New Delhi,Delhi,Travel,553,0.121,2024-10-31,Post-IPO,India,4300,Customer Support Executive,Customer Support,Contract,Funding issues,Startup,Synthetic Practice Data
PharmEasy,New Delhi,Delhi,HealthTech,671,0.073,2026-08-13,Late Stage,India,1200,Data Analyst,Analytics,Intern,Restructuring,Small,Synthetic Practice Data
Wipro,Pune,Maharashtra,IT Services,1078,0.129,2022-03-05,Post-IPO,India,0,Project Manager,Project Management,Intern,Performance optimization,Medium,Synthetic Practice Data
Meesho,Gurugram,Haryana,E-commerce,207,0.025,2025-03-28,Late Stage,India,1200,Sales Executive,Sales,Intern,Funding issues,Small,Synthetic Practice Data
Razorpay,Mumbai,Maharashtra,FinTech,446,0.155,2026-06-19,Late Stage,India,800,QA Engineer,Quality Assurance,Intern,Business shutdown,Small,Synthetic Practice Data
Udaan,Gurugram,Haryana,E-commerce,635,0.095,2022-02-22,Late Stage,India,1200,QA Engineer,Quality Assurance,Full-time,Merger and acquisition,Startup,Synthetic Practice Data
Zomato,Gurugram,Haryana,Food Delivery,395,0.196,2022-11-16,Post-IPO,India,2500,,,Contract,Merger and acquisition,Medium,Synthetic Practice Data
Policybazaar,Gurugram,Haryana,Financial Services,1031,0.075,2026-01-13,Post-IPO,India,800,DevOps Engineer,Engineering,Contract,Strategic restructuring,Enterprise,Synthetic Practice Data
Accenture India,Mumbai,Maharashtra,IT Services,192,0.213,2024-12-18,Private,India,0,Data Scientist,Data Science,Full-time,Cost cutting,Large,Synthetic Practice Data
Infosys,Pune,Maharashtra,IT Services,173,0.24,2026-07-31,Post-IPO,India,0,Product Manager,Product,Contract,Restructuring,Startup,Synthetic Practice Data
Myntra,Mumbai,Maharashtra,E-commerce,234,0.083,2026-06-13,Late Stage,India,500,Product Manager,Product,Intern,Cost cutting,Large,Synthetic Practice Data
Infosys,Hyderabad,Telangana,IT Services,745,0.15,2021-07-06,Post-IPO,India,0,Product Manager,Product,Intern,Cost cutting,Medium,Synthetic Practice Data
Myntra,Mumbai,Maharashtra,E-commerce,370,0.244,2023-10-16,Late Stage,India,500,Sales Executive,Sales,Part-time,Business shutdown,Large,Synthetic Practice Data
Tech Mahindra,Pune,Maharashtra,IT Services,581,0.103,2025-09-25,Post-IPO,India,0,Marketing Executive,Marketing,Intern,Merger and acquisition,Large,Synthetic Practice Data
Wipro,Kolkata,West Bengal,IT Services,998,0.078,2022-02-17,Post-IPO,India,0,Software Engineer,Engineering,Contract,Cost cutting,Startup,Synthetic Practice Data
Wipro,Pune,Maharashtra,IT Services,734,0.118,2026-01-16,Post-IPO,India,0,Sales Executive,Sales,Part-time,Economic slowdown,Startup,Synthetic Practice Data
Accenture India,Mumbai,Maharashtra,IT Services,128,0.041,2025-09-16,Private,India,0,Project Manager,Project Management,Intern,Restructuring,Large,Synthetic Practice Data
Meesho,Gurugram,Haryana,E-commerce,434,0.224,2023-03-08,Late Stage,India,1200,DevOps Engineer,Engineering,Intern,Market conditions,Large,Synthetic Practice Data
Ather Energy,Pune,Maharashtra,Automotive,366,0.2,2022-12-06,Late Stage,India,500,Recruiter,Human Resources,Intern,Automation,Startup,Synthetic Practice Data
PharmEasy,New Delhi,Delhi,HealthTech,602,0.086,2022-12-14,Late Stage,India,1200,Project Manager,Project Management,Part-time,Market conditions,Large,Synthetic Practice Data
Swiggy,Bengaluru,Karnataka,Food Delivery,727,0.073,2026-08-16,Post-IPO,India,3600,DevOps Engineer,Engineering,Part-time,Merger and acquisition,Startup,Synthetic Practice Data
TCS,Chennai,Tamil Nadu,IT Services,1124,0.057,2025-06-11,Post-IPO,India,0,Business Analyst,Business,Contract,Performance optimization,Startup,Synthetic Practice Data
Myntra,Mumbai,Maharashtra,E-commerce,61,0.179,2025-02-21,Late Stage,India,500,Operations Executive,Operations,Part-time,Business shutdown,Large,Synthetic Practice Data
Wipro,Bengaluru,Karnataka,IT Services,196,0.063,2021-03-24,Post-IPO,India,0,DevOps Engineer,,Contract,Economic slowdown,Startup,Synthetic Practice Data
Policybazaar,Mumbai,Maharashtra,Financial Services,222,0.172,2021-07-03,Post-IPO,India,800,UI/UX Designer,Design,Contract,Performance optimization,Startup,Synthetic Practice Data
Tech Mahindra,Bengaluru,Karnataka,IT Services,755,0.087,2025-02-10,Post-IPO,India,0,Business Analyst,Business,Intern,Market conditions,Medium,Synthetic Practice Data
Accenture India,Chennai,Tamil Nadu,IT Services,49,0.037,2024-05-27,Private,India,0,Customer Support Executive,customer support,Contract,Automation,Enterprise,Synthetic Practice Data
PharmEasy,Mumbai,Maharashtra,HealthTech,563,0.051,2021-10-06,Late Stage,India,1200,Senior Software Engineer,Engineering,Contract,,Startup,Synthetic Practice Data
Policybazaar,Mumbai,Maharashtra,Financial Services,165,0.177,2022-10-26,Post-IPO,India,800,Product Manager,Product,Contract,Strategic restructuring,Startup,Synthetic Practice Data
TCS,Chennai ,Tamil Nadu,IT Services,656,0.106,2025-10-24,Post-IPO,India,0,Data Scientist,Data Science,Part-time,Strategic restructuring,Startup,Synthetic Practice Data
Dream11,Mumbai,Maharashtra,Gaming,516,0.128,2023-05-02,Late Stage,India,1000,DevOps Engineer,Engineering,Full-time,Market conditions,Startup,Synthetic Practice Data
Ola,New Delhi,Delhi,Transportation,403,0.093,2023-01-01,Late Stage,India,3200,HR Executive,Human Resources,Part-time,Economic slowdown,Startup,Synthetic Practice Data
Policybazaar,Gurugram,Haryana,Financial Services,49,0.039,2026-02-22,Post-IPO,India,800,Recruiter,Human Resources,Part-time,Economic slowdown,Large,Synthetic Practice Data
 PhonePe,Bengaluru,Karnataka,FinTech,507,0.044,2026-07-21,Late Stage,India,2200,Software Engineer,Engineering,Full-time,Performance optimization,Enterprise,Synthetic Practice Data
Ather Energy,Pune,Maharashtra,Automotive,471,0.121,2025-06-19,Late Stage,India,500,Finance Analyst,Finance,Full-time,Performance optimization,Small,Synthetic Practice Data
PharmEasy,Bengaluru,Karnataka,HealthTech,438,0.096,2022-03-06,Late Stage,India,1200,Recruiter,Human Resources,Part-time,Automation,Startup,Synthetic Practice Data
Moglix,Mumbai,Maharashtra,E-commerce,279,0.222,2021-06-24,Late Stage,India,650,UI/UX Designer,Design,Intern,Strategic restructuring,Startup,Synthetic Practice Data
Lenskart,Gurugram,Haryana,Retail,97,0.137,2025-08-23,Late Stage,India,1500,Data Analyst,Analytics,Full-time,Strategic restructuring,Small,Synthetic Practice Data
Flipkart,Kolkata,West Bengal,E-commerce,340,0.114,2024-08-12,Late Stage,India,8700,Data Analyst,Analytics,Part-time,Restructuring,Startup,Synthetic Practice Data
Dream11,Gurugram,Haryana,Gaming,294,0.231,2026-01-13,Late Stage,India,1000,Product Manager,Product,Full-time,Funding issues,Startup,Synthetic Practice Data
Meesho,Mumbai,Maharashtra,E-commerce,207,0.028,2022-01-12,Late Stage,India,1200,HR Executive,Human Resources,Part-time,Cost cutting,Enterprise,Synthetic Practice Data
Tech Mahindra,Kolkata,West Bengal,IT Services,898,0.145,2025-04-20,Post-IPO,India,0,Customer Support Executive,Customer Support,Intern,Cost cutting,Startup,Synthetic Practice Data
Wipro,Hyderabad,Telangana,IT Services,882,0.052,2021-11-12,Post-IPO,India,0,Customer Support Executive,Customer Support,Part-time,Funding issues,Medium,Synthetic Practice Data
Paytm,Bengaluru,Karnataka,FinTech,1005,0.037,2022-03-21,Post-IPO,India,5000,Recruiter,Human Resources,Full-time,Business shutdown,Large,Synthetic Practice Data
Tech Mahindra,Pune,Maharashtra,IT Services,685,0.095,2022-11-13,Post-IPO,India,0,Customer Support Executive,Customer Support,Full-time,Strategic restructuring,Large,Synthetic Practice Data
Flipkart,Gurugram,Haryana,E-commerce,64,0.029,2025-02-26,Late Stage,India,8700,Sales Executive,Sales,Full-time,Automation,Startup,Synthetic Practice Data
PharmEasy,New Delhi,Delhi,HealthTech,469,0.156,2021-01-27,Late Stage,India,1200,Customer Support Executive,Customer Support,Contract,Economic slowdown,Large,Synthetic Practice Data
Udaan,Gurugram,Haryana,E-commerce,258,0.022,2021-06-22,Late Stage,India,1200,QA Engineer,Quality Assurance,Intern,Strategic restructuring,Large,Synthetic Practice Data
Zomato,Bengaluru,Karnataka,Food Delivery,102,0.058,2024-06-22,Post-IPO,India,2500,Sales Executive,Sales,Full-time,Funding issues,Startup,Synthetic Practice Data
Policybazaar,Mumbai,Maharashtra,Financial Services,625,0.1,2023-09-08,Post-IPO,India,800,Business Analyst,Business,Intern,Automation,Large,Synthetic Practice Data
Policybazaar,Mumbai,Maharashtra,Financial Services,912,0.047,2022-10-29,Post-IPO,India,800,Marketing Executive,Marketing,Contract,Economic slowdown,Enterprise,Synthetic Practice Data
Razorpay,Mumbai,Maharashtra,FinTech,111,0.145,2024-03-14,Late Stage,India,800,DevOps Engineer,Engineering,Full-time,Economic slowdown,Small,Synthetic Practice Data
Udaan,Mumbai,Maharashtra,E-commerce,223,0.22,2024-09-25,Late Stage,India,1200,Business Analyst,Business,Intern,Business shutdown,Startup,Synthetic Practice Data
Swiggy,Bengaluru,Karnataka,Food Delivery,746,0.141,2022-12-13,Post-IPO,India,3600,Product Manager,Product,Intern,Economic slowdown,Small,Synthetic Practice Data
Unacademy,,Rajasthan,EdTech,510,0.145,2026-07-03,Late Stage,India,800,Recruiter,Human Resources,Part-time,Automation,Small,Synthetic Practice Data
Unacademy,Bengaluru,Karnataka,EdTech,361,0.246,2022-08-18,Late Stage,India,800,UI/UX Designer,Design,Full-time,Strategic restructuring,Small,Synthetic Practice Data
Unacademy,Bengaluru,Karnataka,EdTech,461,0.155,2023-01-15,Late Stage,India,800,Software Engineer,Engineering,Part-time,Automation,Startup,Synthetic Practice Data
BYJU'S,Mumbai,Maharashtra,EdTech,524,0.139,2024-06-27,Late Stage,India,5500,Data Scientist,Data Science,Intern,Restructuring,Medium,Synthetic Practice Data
Tech Mahindra,Bengaluru,Karnataka,IT Services,534,0.109,2024-06-30,Post-IPO,India,0,Software Engineer,Engineering,Full-time,Performance optimization,Enterprise,Synthetic Practice Data
Lenskart,Bengaluru,Karnataka,Retail,487,0.183,2022-09-27,Late Stage,India,1500,Software Engineer,Engineering,Part-time,Cost cutting,Small,Synthetic Practice Data
HCLTech,Chennai,Tamil Nadu,IT Services,738,0.145,2026-03-16,Post-IPO,India,0,Finance Analyst,Finance,Full-time,Market conditions,Large,Synthetic Practice Data
OYO,New Delhi,Delhi,Travel,1082,0.109,2026-02-11,Post-IPO,India,4300,Finance Analyst,Finance,Intern,Economic slowdown,Small,Synthetic Practice Data
Myntra,Mumbai,Maharashtra,E-commerce,63,0.084,2025-03-26,Late Stage,India,500,Software Engineer,Engineering,Intern,Economic slowdown,Large,Synthetic Practice Data
ShareChat,,Karnataka,Social Media,360,0.242,2024-05-01,Late Stage,India,1300,DevOps Engineer,Engineering,Intern,Economic slowdown,Small,Synthetic Practice Data
BYJU'S,Mumbai,Maharashtra,EdTech,176,0.241,2026-03-30,Late Stage,India,5500,UI/UX Designer,Design,Part-time,Performance optimization,Small,Synthetic Practice Data
Moglix,Mumbai,Maharashtra,E-commerce,270,0.208,2023-06-12,Late Stage,India,650,Software Engineer,Engineering,Intern,Strategic restructuring,Startup,Synthetic Practice Data
PhonePe,Mumbai,Maharashtra,FinTech,660,0.139,2021-05-06,Late Stage,India,2200,UI/UX Designer,Design,Intern,Performance optimization,Medium,Synthetic Practice Data
Ather Energy,Chennai,Tamil Nadu,Automotive,564,0.099,2023-02-22,Late Stage,India,500,HR Executive,Human Resources,Contract,,Startup,Synthetic Practice Data
Unacademy,Bengaluru,Karnataka,EdTech,388,0.116,2023-05-08,Late Stage,India,800,Software Engineer,Engineering,Intern,Funding issues,Small,Synthetic Practice Data
Udaan,Mumbai,Maharashtra,E-commerce,343,0.065,2022-04-12,Late Stage,India,1200,,Data Science,Part-time,Business shutdown,Large,Synthetic Practice Data
Ola,Bengaluru,Karnataka,Transportation,220,0.23,2022-10-06,Late Stage,India,3200,Data Scientist,Data Science,Full-time,Business shutdown,Large,Synthetic Practice Data
Tech Mahindra,Pune,Maharashtra,IT Services,504,0.065,2025-08-24,Post-IPO,India,0,Senior Software Engineer,Engineering,Part-time,Economic slowdown,Startup,Synthetic Practice Data
Ather Energy,Bengaluru,Karnataka,Automotive,623,0.055,2021-03-21,Late Stage,India,500,UI/UX Designer,Design,Full-time,Restructuring,Medium,Synthetic Practice Data
Policybazaar,Gurugram,Haryana,Financial Services,49,0.043,2021-07-24,Post-IPO,India,800,Product Manager,Product,Contract,Business shutdown,Startup,Synthetic Practice Data
Infosys,Hyderabad,Telangana,IT Services,107,0.133,2024-06-21,Post-IPO,India,0,Recruiter,Human Resources,Full-time,Cost cutting,Enterprise,Synthetic Practice Data
Dream11,Mumbai,Maharashtra,Gaming,293,0.233,2022-02-08,Late Stage,India,1000,HR Executive,Human Resources,Full-time,Restructuring,Startup,Synthetic Practice Data
Lenskart,Gurugram,Haryana,Retail,482,0.212,2022-08-19,Late Stage,India,1500,Software Engineer,Engineering,Intern,Restructuring,Medium,Synthetic Practice Data
Razorpay,gurugram,Haryana,FinTech,592,0.015,2022-05-27,Late Stage,India,800,Recruiter,Human Resources,Intern,Economic slowdown,Medium,Synthetic Practice Data
Ather Energy,Bengaluru,Karnataka,Automotive,484,0.081,2022-05-07,Late Stage,India,500,Operations Executive,Operations,Part-time,Restructuring,Small,Synthetic Practice Data
Swiggy,Hyderabad,Telangana,Food Delivery,739,0.148,2021-12-01,Post-IPO,India,3600,Business Analyst,Business,Contract,Funding issues,Large,Synthetic Practice Data
Freshworks,Hyderabad,Telangana,saas,247,0.212,2026-08-10,Post-IPO,India,484,Operations Executive,Operations,Full-time,Strategic restructuring,Enterprise,Synthetic Practice Data
Meesho,Mumbai,Maharashtra,E-commerce,249,0.139,2026-04-04,Late Stage,India,1200,Business Analyst,Business,Intern,Automation,Medium,Synthetic Practice Data
Curefit,Bengaluru,Karnataka,HealthTech,183,0.228,2025-02-09,Late Stage,India,700,Recruiter,Human Resources,Part-time,Merger and acquisition,Startup,Synthetic Practice Data
Swiggy,Bengaluru ,Karnataka,Food Delivery,450,0.111,2021-12-28,Post-IPO,India,3600,DevOps Engineer,Engineering,Part-time,Funding issues,Medium,Synthetic Practice Data
Swiggy,Hyderabad,Telangana,Food Delivery,944,0.132,2023-05-27,Post-IPO,India,3600,DevOps Engineer,Engineering,Part-time,Business shutdown,Small,Synthetic Practice Data
Wipro,Bengaluru,Karnataka,IT Services,104,0.155,2023-02-20,Post-IPO,India,0,Data Analyst,Analytics,Full-time,Performance optimization,Large,Synthetic Practice Data
PharmEasy,Bengaluru,Karnataka,HealthTech,74,0.146,2026-02-18,Late Stage,India,1200,Data Scientist,Data Science,Contract,Cost cutting,Medium,Synthetic Practice Data
Meesho,Bengaluru,Karnataka,E-commerce,682,0.029,2025-04-15,Late Stage,India,1200,Recruiter,Human Resources,Intern,Merger and acquisition,Enterprise,Synthetic Practice Data
PharmEasy,Bengaluru,Karnataka,HealthTech,458,0.047,2025-02-15,Late Stage,India,1200,Data Analyst,Analytics,Full-time,Funding issues,Small,Synthetic Practice Data
Moglix,Mumbai,Maharashtra,E-commerce,29,0.066,2025-05-03,Late Stage,India,650,Sales Executive,Sales,Full-time,Performance optimization,Large,Synthetic Practice Data
CRED,Mumbai,Maharashtra,FinTech,373,0.026,2025-12-06,Late Stage,India,1000,Product Manager,Product,Contract,Restructuring,Large,Synthetic Practice Data
Myntra,Mumbai,Maharashtra,E-commerce,123,0.05,2025-09-10,Late Stage,India,500,Marketing Executive,Marketing,Contract,Automation,Startup,Synthetic Practice Data
Swiggy,Hyderabad,Telangana,Food Delivery,1065,0.049,2022-10-24,Post-IPO,India,3600,Sales Executive,Sales,Contract,Merger and acquisition,Enterprise,Synthetic Practice Data
BYJU'S,Bengaluru,Karnataka,EdTech,672,0.051,2025-08-15,Late Stage,India,5500,Senior Software Engineer,Engineering,Contract,Merger and acquisition,Large,Synthetic Practice Data
Wipro,Pune,Maharashtra,IT Services,99,0.089,2023-12-14,Post-IPO,India,0,Business Analyst,Business,Contract,Strategic restructuring,Large,Synthetic Practice Data
OYO,Bengaluru,Karnataka,Travel,901,0.126,2024-08-17,Post-IPO,India,4300,Sales Executive,Sales,Intern,Strategic restructuring,Small,Synthetic Practice Data
Udaan,Mumbai,Maharashtra,E-commerce,26,0.177,2021-11-27,Late Stage,India,1200,Marketing Executive,Marketing,Contract,Cost cutting,Startup,Synthetic Practice Data
BYJU'S,Gurugram,Haryana,EdTech,221,0.11,2023-02-10,Late Stage,India,5500,Business Analyst,Business,Contract,Performance optimization,Large,Synthetic Practice Data
Razorpay,Mumbai,Maharashtra,FinTech,444,0.159,2026-08-03,Late Stage,India,800,Product Manager,Product,Contract,Performance optimization,Enterprise,Synthetic Practice Data
Ather Energy,Bengaluru,Karnataka,Automotive,174,0.042,2023-04-17,Late Stage,India,500,Operations Executive,Operations,Contract,Merger and acquisition,Large,Synthetic Practice Data
Myntra,Mumbai,Maharashtra,E-commerce,512,0.11,2025-12-22,Late Stage,India,500,Customer Support Executive,Customer Support,Full-time,Restructuring,Startup,Synthetic Practice Data
Accenture India,Mumbai,Maharashtra,IT Services,214,0.196,2021-03-03,Private,India,0,Product Manager,Product,Full-time,Business shutdown,Large,Synthetic Practice Data
Razorpay,Bengaluru,Karnataka,FinTech,330,0.105,2024-05-10,Late Stage,India,800,QA Engineer,Quality Assurance,Full-time,Economic slowdown,Large,Synthetic Practice Data
Ather Energy,Chennai,Tamil Nadu,Automotive,66,0.194,2024-12-19,Late Stage,India,500,Software Engineer,Engineering,Intern,Economic slowdown,Large,Synthetic Practice Data
OYO,Bengaluru,Karnataka,Travel,902,0.144,2021-03-09,Post-IPO,India,4300,Finance Analyst,Finance,Contract,Restructuring,Startup,Synthetic Practice Data
Ather Energy,Chennai,Tamil Nadu,Automotive,144,0.045,2022-03-18,Late Stage,India,500,UI/UX Designer,Design,Intern,Cost cutting,Small,Synthetic Practice Data
BYJU'S,Gurugram,Haryana,EdTech,585,0.019,2024-03-07,Late Stage,India,5500,Recruiter,Human Resources,Contract,Strategic restructuring,Small,Synthetic Practice Data
HCLTech,Bengaluru,Karnataka,IT Services,1027,0.14,2025-06-12,Post-IPO,India,0,Product Manager,Product,Intern,Strategic restructuring,Small,Synthetic Practice Data
Freshworks,Chennai,Tamil Nadu,SaaS,231,0.028,2021-10-16,Post-IPO,India,484,Operations Executive,Operations,Part-time,Strategic restructuring,Medium,Synthetic Practice Data
Wipro,Pune,Maharashtra,IT Services,610,0.113,2022-11-30,Post-IPO,India,0,UI/UX Designer,Design,Intern,Economic slowdown,Medium,Synthetic Practice Data
TCS,Chennai,Tamil Nadu,IT Services,736,0.025,2025-12-23,Post-IPO,India,0,Senior Software Engineer,Engineering,Contract,Restructuring,Enterprise,Synthetic Practice Data
Moglix,Noida,Uttar Pradesh,E-commerce,625,0.134,2025-05-14,Late Stage,India,650,Sales Executive,Sales,Full-time,Merger and acquisition,Enterprise,Synthetic Practice Data
Freshworks,Hyderabad,Telangana,SaaS,256,0.159,2025-04-15,Post-IPO,India,484,HR Executive,Human Resources,Contract,Funding issues,Medium,Synthetic Practice Data
Policybazaar,Gurugram,Haryana,Financial Services,530,0.049,2022-04-17,Post-IPO,India,800,UI/UX Designer,Design,Contract,Business shutdown,Small,Synthetic Practice Data
CRED,Gurugram,Haryana,FinTech,417,0.242,2024-04-19,Late Stage,India,1000,Product Manager,Product,Part-time,Automation,Small,Synthetic Practice Data
Tech Mahindra,Pune,Maharashtra,IT Services,445,0.219,2026-06-30,Post-IPO,India,0,QA Engineer,Quality Assurance,Contract,Strategic restructuring,Small,Synthetic Practice Data
Ola,Mumbai,Maharashtra,Transportation,424,0.085,2026-04-30,Late Stage,India,3200,Product Manager,Product,Contract,Automation,Startup,Synthetic Practice Data
Policybazaar,Gurugram,Haryana,Financial Services,113,0.217,2025-01-01,Post-IPO,India,800,Product Manager,Product,Part-time,Automation,Small,Synthetic Practice Data
Unacademy,Bengaluru,Karnataka,EdTech,241,0.128,2025-03-14,Late Stage,India,800,Data Analyst,Analytics,Part-time,Business shutdown,Medium,Synthetic Practice Data
OYO,Gurugram,Haryana,Travel,345,0.047,2023-12-05,Post-IPO,India,4300,Business Analyst,Business,Intern,Performance optimization,Small,Synthetic Practice Data
Dream11,Gurugram,Haryana,Gaming,668,0.068,2021-01-27,Late Stage,India,1000,Operations Executive,Operations,Part-time,Economic slowdown,Medium,Synthetic Practice Data
Lenskart,New Delhi,Delhi,Retail,668,0.084,2021-01-03,Late Stage,India,1500,Finance Analyst,Finance,Full-time,Market conditions,Small,Synthetic Practice Data
Lenskart,Mumbai,Maharashtra,Retail,665,0.016,2025-09-24,Late Stage,India,1500,Data Scientist,Data Science,Part-time,Business shutdown,Enterprise,Synthetic Practice Data
Tech Mahindra,Kolkata,West Bengal,IT Services,305,0.201,2025-04-12,Post-IPO,India,0,Customer Support Executive,Customer Support,Full-time,Economic slowdown,Large,Synthetic Practice Data
Freshworks,Bengaluru,Karnataka,SaaS,467,0.192,2023-02-08,Post-IPO,India,484,QA Engineer,Quality Assurance,Full-time,Market conditions,Enterprise,Synthetic Practice Data
Dream11,Gurugram,Haryana,Gaming,687,0.116,2022-10-31,Late Stage,India,1000,Product Manager,Product,Part-time,Performance optimization,Large,Synthetic Practice Data
ShareChat,New Delhi,Delhi,Social Media,281,0.031,2025-07-05,Late Stage,India,1300,Business Analyst,Business,Part-time,Performance optimization,Enterprise,Synthetic Practice Data
Zomato,New Delhi,Delhi,Food Delivery,420,0.189,2021-02-07,Post-IPO,India,2500,Business Analyst,Business,Contract,Funding issues,Enterprise,Synthetic Practice Data
TCS,Bengaluru,Karnataka,IT Services,784,0.018,2026-06-03,Post-IPO,India,0,UI/UX Designer,Design,Intern,Automation,Startup,Synthetic Practice Data
PhonePe,Bengaluru,Karnataka,FinTech,644,0.093,2026-05-14,Late Stage,India,2200,HR Executive,Human Resources,Intern,Strategic restructuring,Enterprise,Synthetic Practice Data
Zomato,Mumbai,Maharashtra,Food Delivery,288,0.103,2022-01-29,Post-IPO,India,2500,Customer Support Executive,Customer Support,Part-time,Funding issues,Enterprise,Synthetic Practice Data
Freshworks,Chennai,Tamil Nadu,SaaS,1062,0.109,2025-08-29,Post-IPO,India,484,Finance Analyst,Finance,Part-time,Automation,Large,Synthetic Practice Data
HCLTech,Chennai,Tamil Nadu,IT Services,826,0.111,2021-06-13,Post-IPO,India,0,Sales Executive,Sales,Intern,Funding issues,Large,Synthetic Practice Data
Lenskart,Bengaluru,Karnataka,Retail,112,0.141,2026-02-15,Late Stage,India,1500,QA Engineer,Quality Assurance,Intern,Cost cutting,Small,Synthetic Practice Data
Paytm,Bengaluru,Karnataka,FinTech,281,0.246,2021-04-21,Post-IPO,India,5000,Data Scientist,Data Science,Intern,Market conditions,Enterprise,Synthetic Practice Data
Ola,New Delhi,Delhi,Transportation,86,0.056,2024-08-26,Late Stage,India,3200,Project Manager,Project Management,Full-time,Automation,Enterprise,Synthetic Practice Data
Myntra,Bengaluru,Karnataka,E-commerce,395,0.144,,Late Stage,India,500,Sales Executive,Sales,Full-time,Economic slowdown,Small,Synthetic Practice Data
Dream11,Mumbai,Maharashtra,Gaming,26,0.18,2023-02-06,Late Stage,India,1000,QA Engineer,Quality Assurance,Contract,Business shutdown,Startup,Synthetic Practice Data
Flipkart,Mumbai,Maharashtra,E-commerce,546,0.11,2026-04-25,Late Stage,India,8700,Data Analyst,Analytics,Contract,Cost cutting,Medium,Synthetic Practice Data
Ola,Mumbai,Maharashtra,Transportation,34,0.041,2023-02-05,Late Stage,India,3200,Data Analyst,Analytics,Full-time,Performance optimization,Large,Synthetic Practice Data
Unacademy,New Delhi,Delhi,EdTech,268,0.021,2026-03-14,Late Stage,India,,Customer Support Executive,Customer Support,Full-time,Economic slowdown,Startup,Synthetic Practice Data
Myntra,Bengaluru,Karnataka,E-commerce,349,0.074,2024-04-22,Late Stage,India,500,QA Engineer,Quality Assurance,Full-time,Automation,Startup,Synthetic Practice Data
Swiggy,Mumbai,Maharashtra,Food Delivery,1196,0.011,2026-07-03,Post-IPO,India,3600,Recruiter,,Intern,Automation,Large,Synthetic Practice Data
CRED,Bengaluru,Karnataka,FinTech,640,0.123,2026-06-04,Late Stage,India,1000,UI/UX Designer,Design,Part-time,Automation,Large,Synthetic Practice Data
Tech Mahindra,Bengaluru,Karnataka,IT Services,1180,0.132,2023-01-24,Post-IPO,India,0,Customer Support Executive,Customer Support,Part-time,Cost cutting,Small,Synthetic Practice Data
Curefit,Mumbai,Maharashtra,HealthTech,576,0.059,2023-08-27,Late Stage,India,700,project manager,Project Management,Full-time,Cost cutting,Small,Synthetic Practice Data
Razorpay,Mumbai,Maharashtra,FinTech,539,0.125,2025-03-16,Late Stage,India,800,HR Executive,Human Resources,Full-time,Merger and acquisition,Enterprise,Synthetic Practice Data
Paytm,Noida,Uttar Pradesh,FinTech,1136,0.019,2025-09-02,Post-IPO,India,5000,Finance Analyst,Finance,Intern,Market conditions,Small,Synthetic Practice Data
Dream11,Gurugram,Haryana,Gaming,393,0.082,2023-01-18,Late Stage,India,1000,Data Scientist,Data Science,Part-time,Merger and acquisition,Large,Synthetic Practice Data
PharmEasy,Mumbai,Maharashtra,HealthTech,174,0.248,2026-08-17,Late Stage,India,1200,Business Analyst,Business,Contract,Merger and acquisition,Enterprise,Synthetic Practice Data
Moglix,Noida,Uttar Pradesh,E-commerce,213,0.13,2023-03-01,Late Stage,India,650,DevOps Engineer,Engineering,Part-time,Cost cutting,Enterprise,Synthetic Practice Data
Paytm,Mumbai,Maharashtra,FinTech,966,0.13,2026-08-06,Post-IPO,India,5000,Operations Executive,Operations,Contract,Performance optimization,Enterprise,Synthetic Practice Data
Ather Energy,Bengaluru,Karnataka,Automotive,430,0.081,2026-06-12,Late Stage,India,500,HR Executive,Human Resources,Part-time,Strategic restructuring,Enterprise,Synthetic Practice Data
Wipro,Bengaluru,Karnataka,IT Services,863,0.091,2024-08-29,Post-IPO,India,0,Product Manager,Product,Part-time,Automation,Enterprise,Synthetic Practice Data
PharmEasy,Mumbai,Maharashtra,HealthTech,330,0.241,2023-08-24,Late Stage,India,1200,Finance Analyst,Finance,Intern,Funding issues,Large,Synthetic Practice Data
Policybazaar,New Delhi,Delhi,Financial Services,247,0.248,2023-03-19,Post-IPO,India,800,Marketing Executive,Marketing,Contract,Funding issues,Medium,Synthetic Practice Data
Curefit,Mumbai,Maharashtra,HealthTech,396,0.062,2024-10-14,Late Stage,India,700,Marketing Executive,Marketing,Full-time,Performance optimization,Medium,Synthetic Practice Data
Infosys,Chennai,Tamil Nadu,IT Services,625,0.062,2024-12-06,Post-IPO,India,0,Data Analyst,Analytics,Full-time,Automation,Large,Synthetic Practice Data
Unacademy,Jaipur,Rajasthan,EdTech,445,0.142,2026-05-18,Late Stage,India,800,UI/UX Designer,Design,Full-time,Restructuring,Large,Synthetic Practice Data
Paytm,Bengaluru,Karnataka,FinTech,93,0.016,2024-05-26,Post-IPO,India,5000,Operations Executive,Operations,Intern,Economic slowdown,Large,Synthetic Practice Data
Curefit,Bengaluru,Karnataka,HealthTech,368,0.045,2022-10-22,Late Stage,India,700,Data Scientist,Data Science,Part-time,Automation,Large,Synthetic Practice Data
Zomato,Bengaluru,Karnataka,Food Delivery,103,0.209,2024-04-09,Post-IPO,India,2500,DevOps Engineer,Engineering,Intern,Market conditions,Small,Synthetic Practice Data
PharmEasy,New Delhi,Delhi,HealthTech,292,0.096,2022-07-04,Late Stage,India,1200,UI/UX Designer,Design,Contract,Automation,Enterprise,Synthetic Practice Data
Freshworks,Hyderabad,Telangana,SaaS,994,0.14,2021-02-21,Post-IPO,India,484,Recruiter,Human Resources,Intern,Funding issues,Medium,Synthetic Practice Data
Policybazaar,Gurugram,Haryana,Financial Services,342,0.194,2021-07-23,Post-IPO,India,800,Senior Software Engineer,Engineering,Contract,Restructuring,Medium,Synthetic Practice Data
Curefit,Bengaluru,Karnataka,HealthTech,460,0.169,2026-02-02,Late Stage,India,700,Senior Software Engineer,Engineering,Contract,Restructuring,Startup,Synthetic Practice Data
PhonePe,Bengaluru,Karnataka,FinTech,321,0.087,2024-07-15,Late Stage,India,2200,Business Analyst,Business,Part-time,Automation,Large,Synthetic Practice Data
CRED,Mumbai,Maharashtra,FinTech,181,0.028,2024-05-30,Late Stage,India,1000,HR Executive,Human Resources,Part-time,Strategic restructuring,Medium,Synthetic Practice Data
PhonePe,Bengaluru,Karnataka,FinTech,453,0.173,2024-07-07,Late Stage,India,2200,HR Executive,Human Resources,Part-time,Performance optimization,Large,Synthetic Practice Data
Paytm,New Delhi,Delhi,FinTech,224,0.138,2023-12-01,Post-IPO,India,5000,Customer Support Executive,Customer Support,Contract,Funding issues,Medium,Synthetic Practice Data
Myntra,Bengaluru,Karnataka,E-commerce,13,0.111,2024-09-30,Late Stage,India,500,Marketing Executive,Marketing,Part-time,Automation,Small,Synthetic Practice Data
PharmEasy,Bengaluru,Karnataka,HealthTech,99,0.06,2025-01-04,Late Stage,India,1200,DevOps Engineer,Engineering,Full-time,Automation,Large,Synthetic Practice Data
Freshworks,Bengaluru,Karnataka,SaaS,706,0.048,2022-02-07,Post-IPO,India,484,Customer Support Executive,Customer Support,Part-time,Business shutdown,Enterprise,Synthetic Practice Data
Zomato,Bengaluru,Karnataka,Food Delivery,51,0.15,2021-05-11,Post-IPO,India,2500,QA Engineer,Quality Assurance,Full-time,Strategic restructuring,Startup,Synthetic Practice Data
Freshworks,Hyderabad,Telangana,SaaS,1129,0.091,2021-08-05,Post-IPO,India,484,DevOps Engineer,Engineering,Contract,Strategic restructuring,Enterprise,Synthetic Practice Data
Swiggy,Mumbai,Maharashtra,Food Delivery,1054,0.025,2021-09-03,Post-IPO,India,3600,HR Executive,Human Resources,Intern,Funding issues,Medium,Synthetic Practice Data
Wipro,Pune,Maharashtra,IT Services,697,0.146,2021-07-26,Post-IPO,India,0,Recruiter,Human Resources,Contract,Merger and acquisition,Small,Synthetic Practice Data
Infosys,Hyderabad,Telangana,IT Services,917,0.139,2022-03-31,Post-IPO,India,,Project Manager,Project Management,Part-time,Automation,Small,Synthetic Practice Data
Accenture India,Bengaluru,Karnataka,IT Services,150,0.027,2024-10-19,Private,India,0,Finance Analyst,Finance,Contract,Economic slowdown,Large,Synthetic Practice Data
Ather Energy,Chennai,Tamil Nadu,Automotive,188,0.192,2024-06-21,Late Stage,India,500,Software Engineer,Engineering,Intern,Merger and acquisition,Small,Synthetic Practice Data
Curefit,Hyderabad,Telangana,HealthTech,93,0.121,2022-08-03,Late Stage,India,700,Data Analyst,Analytics,Part-time,Funding issues,Medium,Synthetic Practice Data
Ola,Bengaluru,Karnataka,Transportation,485,0.197,2023-05-03,Late Stage,India,3200,Sales Executive,Sales,Contract,Business shutdown,Startup,Synthetic Practice Data
Zomato,Bengaluru,Karnataka,Food Delivery,425,0.087,2025-10-13,Post-IPO,India,2500,Data Analyst,Analytics,Intern,Market conditions,Large,Synthetic Practice Data
ShareChat,Bengaluru,Karnataka,Social Media,180,0.113,2026-05-26,Late Stage,India,1300,DevOps Engineer,Engineering,contract,Performance optimization,Large,Synthetic Practice Data
PharmEasy,Bengaluru,Karnataka,HealthTech,658,0.146,2026-07-20,Late Stage,India,1200,Product Manager,Product,Contract,Economic slowdown,Large,Synthetic Practice Data
Tech Mahindra,Pune,Maharashtra,IT Services,247,0.048,2024-04-26,Post-IPO,India,0,Product Manager,Product,Intern,Economic slowdown,Medium,Synthetic Practice Data
ShareChat,Mumbai,Maharashtra,Social Media,592,0.133,2026-02-28,Late Stage,India,1300,Product Manager,Product,Part-time ,Automation,Enterprise,Synthetic Practice Data
Swiggy,Hyderabad,Telangana,Food Delivery,1184,0.078,2025-01-28,Post-IPO,India,3600,Data Analyst,Analytics,Full-time,Business shutdown,Large,Synthetic Practice Data
Accenture India,Mumbai,Maharashtra,IT Services,98,0.105,2022-03-28,Private,India,0,Business Analyst,Business,Intern,Automation,Enterprise,Synthetic Practice Data
PharmEasy,Mumbai,Maharashtra,HealthTech,26,0.128,2025-09-08,Late Stage,India,1200,Sales Executive,Sales,Intern,Economic slowdown,Medium,Synthetic Practice Data
Meesho,Bengaluru,Karnataka,E-commerce,75,0.126,2026-03-02,Late Stage,India,1200,Recruiter,Human Resources,Contract,Strategic restructuring,Large,Synthetic Practice Data
Udaan,Bengaluru,Karnataka,E-commerce,268,0.212,2022-05-24,Late Stage,India,1200,QA Engineer,Quality Assurance,Intern,Merger and acquisition,Enterprise,Synthetic Practice Data
Meesho,Bengaluru,Karnataka,E-commerce,35,0.044,2024-09-22,Late Stage,India,1200,Data Scientist,Data Science,Intern,Market conditions,Small,Synthetic Practice Data
Moglix,Noida,Uttar Pradesh,E-commerce,151,0.101,2024-03-06,Late Stage,India,650,Senior Software Engineer,Engineering,Part-time,Merger and acquisition,Enterprise,Synthetic Practice Data
PhonePe,New Delhi,Delhi,FinTech,360,0.05,2024-11-19,Late Stage,India,2200,Customer Support Executive,Customer Support,Intern,Business shutdown,Enterprise,Synthetic Practice Data
Curefit,Hyderabad,Telangana,HealthTech,398,0.192,2023-09-16,Late Stage,India,700,QA Engineer,Quality Assurance,Intern,Strategic restructuring,Large,Synthetic Practice Data
TCS,Bengaluru,Karnataka,IT Services,320,0.053,2026-05-02,Post-IPO,India,0,Business Analyst,Business,Full-time,Cost cutting,Medium,Synthetic Practice Data
Policybazaar,Mumbai,Maharashtra,Financial Services,157,0.02,2022-05-11,Post-IPO,India,800,Business Analyst,Business,Full-time,Merger and acquisition,Startup,Synthetic Practice Data
BYJU'S,Bengaluru,Karnataka,EdTech,392,0.056,2021-12-18,Late Stage,India,5500,Product Manager,Product,Contract,Restructuring,Startup,Synthetic Practice Data
Freshworks,Chennai,Tamil Nadu,SaaS,592,0.035,2021-03-06,Post-IPO,India,484,Sales Executive,Sales,Contract,Merger and acquisition,Enterprise,Synthetic Practice Data
Tech Mahindra,Pune,Maharashtra,IT Services,140,0.107,2021-02-03,Post-IPO,India,0,HR Executive,Human Resources,Full-time,Restructuring,Enterprise,Synthetic Practice Data
Ola,Bengaluru,Karnataka,Transportation,118,0.134,2023-03-30,Late Stage,India,3200,HR Executive,Human Resources,Full-time,Business shutdown,Enterprise,Synthetic Practice Data
Swiggy,Bengaluru,Karnataka,Food Delivery,288,0.208,2024-01-11,Post-IPO,India,3600,Marketing Executive,Marketing,Intern,Restructuring,Startup,Synthetic Practice Data
Razorpay,Bengaluru,Karnataka,FinTech,513,0.025,2026-06-06,Late Stage,India,800,Finance Analyst,Finance,Full-time,Strategic restructuring,Large,Synthetic Practice Data
Accenture India,Bengaluru,Karnataka,IT Services,153,0.174,2023-10-24,Private,India,0,Operations Executive,Operations,Full-time,Restructuring,Small,Synthetic Practice Data
BYJU'S,Bengaluru,Karnataka,EdTech,12,0.136,2023-10-04,Late Stage,India,5500,Senior Software Engineer,Engineering,Full-time,Market conditions,Medium,Synthetic Practice Data
Freshworks,Chennai,Tamil Nadu,SaaS,1115,0.113,2021-06-02,Post-IPO,India,484,DevOps Engineer,Engineering,Contract,Economic slowdown,Large,Synthetic Practice Data
CRED,,Karnataka,FinTech,600,0.091,2022-12-16,Late Stage,India,1000,Sales Executive,Sales,Contract,Business shutdown,Medium,Synthetic Practice Data
HCLTech,Noida,Uttar Pradesh,IT Services,666,0.067,2022-03-13,Post-IPO,India,0,Marketing Executive,Marketing,Contract,,Large,Synthetic Practice Data
Lenskart,Gurugram,Haryana,Retail,145,0.134,2021-10-06,Late Stage,India,1500,UI/UX Designer,Design,Full-time,Economic slowdown,Small,Synthetic Practice Data
Ather Energy,Chennai,Tamil Nadu,Automotive,412,0.089,2026-02-05,Late Stage,India,500,Finance Analyst,Finance,Full-time,Automation,Startup,Synthetic Practice Data
Tech Mahindra,Pune,Maharashtra,IT Services,806,0.013,2021-02-25,Post-IPO,India,0,QA Engineer,Quality Assurance,Intern,Cost cutting,Small,Synthetic Practice Data
Curefit,Hyderabad,Telangana,HealthTech,47,0.15,2026-06-26,Late Stage,India,700,Product Manager,Product,Full-time,Cost cutting,Large,Synthetic Practice Data
Policybazaar,New Delhi,Delhi,Financial Services,176,0.092,2021-10-18,Post-IPO,India,800,Data Analyst,Analytics,Full-time,Restructuring,Enterprise,Synthetic Practice Data
Paytm,Noida,Uttar Pradesh,FinTech,732,0.126,,Post-IPO,India,5000,Business Analyst,Business,Contract,Automation,Small,Synthetic Practice Data
Swiggy,New Delhi,Delhi,Food Delivery,303,0.055,2025-04-18,Post-IPO,India,3600,Recruiter,Human Resources,Full-time,Economic slowdown,Small,Synthetic Practice Data
Curefit,Mumbai,Maharashtra,HealthTech,543,0.025,2026-02-15,Late Stage,India,700,Marketing Executive,Marketing,Full-time,Cost cutting,Small,Synthetic Practice Data
Freshworks,Hyderabad,Telangana,,195,0.061,2022-03-20,Post-IPO,India,484,Operations Executive,Operations,Full-time,Market conditions,Large,Synthetic Practice Data
Myntra,Bengaluru,Karnataka,E-commerce,381,0.046,2023-12-19,Late Stage,India,500,UI/UX Designer,Design,Full-time,Funding issues,Medium,Synthetic Practice Data
Udaan,Bengaluru,Karnataka,E-commerce,683,0.032,2025-12-20,Late Stage,India,1200,Marketing Executive,Marketing,Part-time,Funding issues,Medium,Synthetic Practice Data
Accenture India,Chennai,Tamil Nadu,IT Services,190,0.072,2025-12-10,Private,India,0,DevOps Engineer,Engineering,Full-time,Cost cutting,Enterprise,Synthetic Practice Data
Ather Energy,Chennai,Tamil Nadu,Automotive,561,0.014,2025-12-29,Late Stage,India,500,DevOps Engineer,Engineering,Full-time,Restructuring,Medium,Synthetic Practice Data
Dream11,Gurugram,Haryana,Gaming,246,0.082,2024-04-25,Late Stage,India,,QA Engineer,Quality Assurance,Full-time,Business shutdown,Medium,Synthetic Practice Data
HCLTech,Noida,Uttar Pradesh,IT Services,508,0.019,2022-02-18,Post-IPO,India,0,Senior Software Engineer,Engineering,Part-time,Business shutdown,Small,Synthetic Practice Data
Ola,Chennai,Tamil Nadu,Transportation,660,0.032,2021-04-25,Late Stage,India,3200,UI/UX Designer,Design,Part-time,Merger and acquisition,Enterprise,Synthetic Practice Data
Flipkart,Mumbai,Maharashtra,,488,0.145,2021-11-21,Late Stage,India,8700,Marketing Executive,Marketing,Full-time,Automation,Startup,Synthetic Practice Data
Ather Energy,Pune,Maharashtra,Automotive,306,0.093,2022-11-14,Late Stage,India,500,Software Engineer,Engineering,Part-time,Merger and acquisition,Large,Synthetic Practice Data
Myntra,Mumbai,Maharashtra,E-commerce,418,0.207,2025-11-04,Late Stage,India,500,UI/UX Designer,Design,Full-time,Cost cutting,Small,Synthetic Practice Data
Curefit,Hyderabad,Telangana,HealthTech,39,0.06,2024-02-05,Late Stage,India,700,Business Analyst,Business,Full-time,Restructuring,Enterprise,Synthetic Practice Data
HCLTech,Hyderabad,Telangana,IT Services,459,0.07,2022-02-01,Post-IPO,India,0,Data Analyst,Analytics,Contract,Cost cutting,Medium,Synthetic Practice Data
Wipro,Bengaluru,Karnataka,IT Services,622,0.028,2025-07-27,Post-IPO,India,0,Project Manager,Project Management,Full-time,Cost cutting,Medium,Synthetic Practice Data
Udaan,Bengaluru,Karnataka,E-commerce,269,0.088,,Late Stage,India,1200,QA Engineer,Quality Assurance,Contract,Automation,Medium,Synthetic Practice Data
Accenture India,Chennai,Tamil Nadu,IT Services,256,0.036,2023-02-28,Private,India,0,Software Engineer,Engineering,Full-time,Cost cutting,Small,Synthetic Practice Data
Meesho,Mumbai,Maharashtra,E-commerce,501,0.104,2022-10-25,Late Stage,India,1200,DevOps Engineer,Engineering,Full-time,Automation,Enterprise,Synthetic Practice Data
Dream11,Mumbai,Maharashtra,Gaming,606,0.122,2023-08-07,Late Stage,India,1000,Data Scientist,Data Science,Contract,Cost cutting,Medium,Synthetic Practice Data
Policybazaar,Mumbai,Maharashtra,Financial Services,1069,0.147,2021-11-19,Post-IPO,India,800,QA Engineer,Quality Assurance,Intern,Funding issues,Medium,Synthetic Practice Data
Meesho,Gurugram,Haryana,E-commerce,648,0.102,2023-12-20,Late Stage,India,1200,Data Analyst,Analytics,Contract,Economic slowdown,Medium,Synthetic Practice Data
Policybazaar,New Delhi,Delhi,Financial Services,626,0.042,2023-01-05,Post-IPO,India,800,QA Engineer,Quality Assurance,Contract,Business shutdown,Startup,Synthetic Practice Data
Myntra,Bengaluru,Karnataka,E-commerce,617,0.113,2025-10-01,Late Stage,India,500,DevOps Engineer,Engineering,Contract,Business shutdown,Small,Synthetic Practice Data
PhonePe,New Delhi,Delhi,FinTech,545,0.031,2025-03-02,Late Stage,India,2200,HR Executive,Human Resources,Full-time,Business shutdown,Medium,Synthetic Practice Data
Lenskart,Mumbai,Maharashtra,Retail,17,0.145,2021-01-05,Late Stage,India,1500,HR Executive,Human Resources,Intern,Economic slowdown,Large,Synthetic Practice Data
Flipkart,Bengaluru,Karnataka,E-commerce,196,0.074,2022-08-16,Late Stage,India,8700,UI/UX Designer,Design,Part-time,Cost cutting,Small,Synthetic Practice Data
HCLTech,Bengaluru,Karnataka,IT Services,600,0.105,2026-06-17,Post-IPO,India,0,Customer Support Executive,Customer Support,Full-time,Merger and acquisition,Medium,Synthetic Practice Data
Infosys,Hyderabad,Telangana,IT Services,1165,0.114,2023-07-09,Post-IPO,India,0,HR Executive,Human Resources,Intern,Cost cutting,Startup,Synthetic Practice Data
Myntra,Bengaluru,Karnataka,E-commerce,10,0.198,2025-10-19,Late Stage,India,500,Operations Executive,Operations,Intern,Performance optimization,Small,Synthetic Practice Data
Myntra,Bengaluru,Karnataka,E-commerce,474,0.166,2025-02-03,Late Stage,India,500,Marketing Executive,Marketing,Part-time,Economic slowdown,Medium,Synthetic Practice Data
Dream11,Gurugram,Haryana,Gaming,210,0.246,2025-06-11,Late Stage,India,1000,Business Analyst,Business,Full-time,Restructuring,Medium,Synthetic Practice Data
OYO,Bengaluru,Karnataka,Travel,709,0.133,2022-12-15,Post-IPO,India,4300,QA Engineer,Quality Assurance,Contract,Merger and acquisition,Medium,Synthetic Practice Data
Curefit,Mumbai,Maharashtra,HealthTech,213,0.192,2024-08-27,Late Stage,India,700,Recruiter,human resources,Intern,Performance optimization,Startup,Synthetic Practice Data
HCLTech,Chennai,Tamil Nadu,IT Services,187,0.041,2025-10-07,Post-IPO,India,0,Customer Support Executive,Customer Support,Intern,Economic slowdown,Large,Synthetic Practice Data
PharmEasy,New Delhi,Delhi,HealthTech,370,0.149,2025-09-06,Late Stage,India,1200,Recruiter,Human Resources,Full-time,Merger and acquisition,Medium,Synthetic Practice Data
Ola,New Delhi,Delhi,Transportation,253,0.089,2021-07-15,Late Stage,India,3200,QA Engineer,Quality Assurance,Part-time,Performance optimization,Large,Synthetic Practice Data
BYJU'S,Bengaluru,Karnataka,EdTech,526,0.1,2021-06-10,Late Stage,India,,Recruiter,Human Resources,Full-time,Performance optimization,Large,Synthetic Practice Data
BYJU'S,Bengaluru,Karnataka,EdTech,680,0.054,2023-07-07,Late Stage,India,5500,DevOps Engineer,Engineering,Part-time,Funding issues,Enterprise,Synthetic Practice Data
Zomato,New Delhi,Delhi,Food Delivery,42,0.115,2022-08-03,Post-IPO,India,2500,HR Executive,Human Resources,Part-time ,Restructuring,Startup,Synthetic Practice Data
ShareChat,New Delhi,Delhi,Social Media,560,0.09,2025-11-13,Late Stage,India,1300,Marketing Executive,Marketing,Contract,Funding issues,Medium,Synthetic Practice Data
Meesho,Bengaluru,Karnataka,E-commerce,404,0.054,2024-03-20,Late Stage,India,1200,Product Manager,Product,Intern,Performance optimization,Large,Synthetic Practice Data
PharmEasy,Mumbai,Maharashtra,HealthTech,177,0.161,2023-06-08,Late Stage,India,1200,Senior Software Engineer,Engineering,Part-time,Restructuring,Medium,Synthetic Practice Data
Curefit,Bengaluru,Karnataka,HealthTech,306,0.085,2021-12-05,Late Stage,India,700,Customer Support Executive,Customer Support,Intern,Market conditions,Small,Synthetic Practice Data
Unacademy,Jaipur,Rajasthan,EdTech,71,0.028,2023-09-24,Late Stage,India,800,Recruiter,Human Resources,Full-time,Economic slowdown,Medium,Synthetic Practice Data
Zomato,New Delhi,Delhi,Food Delivery,453,0.206,2024-11-10,Post-IPO,India,2500,Software Engineer,Engineering,Full-time,Performance optimization,Large,Synthetic Practice Data
Lenskart,New Delhi,Delhi,Retail,261,0.095,2023-12-04,Late Stage,India,1500,DevOps Engineer,Engineering,Intern,Merger and acquisition,Enterprise,Synthetic Practice Data
Dream11,Gurugram,Haryana,Gaming,438,0.129,2024-02-17,Late Stage,India,1000,Sales Executive,Sales,Full-time,Market conditions,Enterprise,Synthetic Practice Data
Myntra,Bengaluru,Karnataka,E-commerce,597,0.12,2026-03-10,Late Stage,India,500,Product Manager,Product,Part-time,Performance optimization,Large,Synthetic Practice Data
Curefit,Bengaluru,Karnataka,HealthTech,639,0.025,2023-07-16,Late Stage,India,700,Marketing Executive,Marketing,Part-time,,Small,Synthetic Practice Data
PharmEasy,Mumbai,Maharashtra,HealthTech,423,0.025,2022-03-15,Late Stage,India,1200,project manager,Project Management,Part-time,Performance optimization,Medium,Synthetic Practice Data
Policybazaar,New Delhi,Delhi,Financial Services,226,0.039,2021-02-04,Post-IPO,India,800,Marketing Executive,Marketing,Full-time,Economic slowdown,Enterprise,Synthetic Practice Data
Swiggy,New Delhi,Delhi,Food Delivery,602,0.029,2026-03-09,Post-IPO,India,3600,UI/UX Designer,Design,Full-time,Strategic restructuring,Medium,Synthetic Practice Data
ShareChat,Bengaluru,Karnataka,Social Media,340,0.211,2024-10-15,Late Stage,India,1300,Finance Analyst,Finance,Part-time,Merger and acquisition,Enterprise,Synthetic Practice Data
Flipkart,Mumbai,Maharashtra,E-commerce,174,0.029,2026-07-27,Late Stage,India,8700,Customer Support Executive,Customer Support,Part-time,Performance optimization,Large,Synthetic Practice Data
OYO,Mumbai,Maharashtra,Travel,1081,0.149,2026-04-05,Post-IPO,India,4300,Business Analyst,Business,Contract,Automation,Startup,Synthetic Practice Data
Accenture India,Bengaluru,Karnataka,IT Services,189,0.141,2021-01-23,Private,India,0,Business Analyst,Business,Intern,Strategic restructuring,Medium,Synthetic Practice Data
PhonePe,Mumbai,Maharashtra,FinTech,31,0.133,2021-05-23,Late Stage,India,2200,Sales Executive,Sales,Part-time,Cost cutting,Small,Synthetic Practice Data
Dream11,Gurugram,Haryana,Gaming,237,0.206,2022-02-23,Late Stage,India,1000,QA Engineer,Quality Assurance,Intern,Restructuring,Startup,Synthetic Practice Data
Accenture India,Bengaluru,Karnataka,IT Services,71,0.08,2025-10-31,Private,India,0,Product Manager,Product,Intern,Performance optimization,Startup,Synthetic Practice Data
Myntra,Gurugram,Haryana,E-commerce,512,0.034,2022-03-02,Late Stage,India,500,Finance Analyst,Finance,Intern,Cost cutting,Medium,Synthetic Practice Data
Udaan,Mumbai,Maharashtra,E-commerce,471,0.229,2024-05-02,Late Stage,India,1200,Product Manager,Product,Intern,Strategic restructuring,Large,Synthetic Practice Data
Moglix,Bengaluru,Karnataka,E-commerce,316,0.142,2023-02-08,Late Stage,India,650,DevOps Engineer,Engineering,Contract,Strategic restructuring,Large,Synthetic Practice Data
Curefit,Mumbai,Maharashtra,HealthTech,274,0.164,2026-05-04,Late Stage,India,700,Finance Analyst,Finance,Intern,Restructuring,Medium,Synthetic Practice Data
Curefit,Bengaluru,Karnataka,HealthTech,320,0.085,2025-04-19,Late Stage,India,700,QA Engineer,Quality Assurance,Part-time,Market conditions,Enterprise,Synthetic Practice Data
Razorpay,Bengaluru,Karnataka,FinTech,119,0.199,2023-06-16,Late Stage,India,800,Data Analyst,Analytics,Full-time,Economic slowdown ,Enterprise,Synthetic Practice Data
Moglix,Mumbai,Maharashtra,E-commerce,43,0.155,2021-04-22,Late Stage,India,650,Recruiter,Human Resources,Full-time,Cost cutting,Startup,Synthetic Practice Data
Accenture India,Mumbai,Maharashtra,IT Services,240,0.184,2022-07-28,Private,India,0,Sales Executive,Sales,Part-time,Business shutdown,Medium,Synthetic Practice Data
PharmEasy,Bengaluru,Karnataka,HealthTech,283,0.026,2024-01-19,Late Stage,India,1200,Finance Analyst,Finance,Contract,Performance optimization,Small,Synthetic Practice Data
Zomato,Mumbai,Maharashtra,Food Delivery,911,0.111,2023-06-11,Post-IPO,India,2500,HR Executive,Human Resources,Full-time,Business shutdown,Small,Synthetic Practice Data
Unacademy,Jaipur,Rajasthan,EdTech,370,0.081,2021-12-11,Late Stage,India,800,UI/UX Designer,Design,Intern,Funding issues,Large,Synthetic Practice Data
Lenskart,New Delhi,Delhi,Retail,90,0.126,2025-04-16,Late Stage,India,1500,Data Scientist,Data Science,Contract,Strategic restructuring,Small,Synthetic Practice Data
Freshworks,Hyderabad,Telangana,SaaS,553,0.068,2023-01-20,Post-IPO,India,484,Finance Analyst,Finance,Part-time,Business shutdown,Startup,Synthetic Practice Data
BYJU'S,Gurugram,Haryana,EdTech,152,0.153,2022-06-10,Late Stage,India,5500,Software Engineer,Engineering,Part-time,Business shutdown,Startup,Synthetic Practice Data
Moglix,Noida,Uttar Pradesh,E-commerce,184,0.201,2025-03-18,Late Stage,India,650,Sales Executive,Sales,Part-time,Cost cutting,Enterprise,Synthetic Practice Data
Razorpay,Mumbai,Maharashtra,FinTech,81,0.192,2023-02-12,Late Stage,India,800,Software Engineer,Engineering,Part-time,Strategic restructuring,Large,Synthetic Practice Data
TCS,Mumbai,Maharashtra,IT Services,531,0.062,2023-09-05,Post-IPO,India,0,Marketing Executive,Marketing,Contract,Performance optimization,Startup,Synthetic Practice Data
Wipro,Bengaluru,Karnataka,IT Services,1036,0.115,2022-02-13,Post-IPO,India,0,Customer Support Executive,Customer Support,Full-time,Automation,Enterprise,Synthetic Practice Data
curefit,Bengaluru,Karnataka,HealthTech,231,0.241,2022-02-02,Late Stage,India,700,HR Executive,Human Resources,Full-time,Restructuring,Small,Synthetic Practice Data
Moglix,Bengaluru,Karnataka,E-commerce,209,0.133,2021-08-18,Late Stage,India,650,DevOps Engineer,Engineering,Intern,Funding issues,Large,Synthetic Practice Data
ShareChat,Bengaluru,Karnataka,Social Media,685,0.077,2022-11-08,Late Stage,India,1300,Data Analyst,Analytics,Contract,Business shutdown,Enterprise,Synthetic Practice Data
BYJU'S,Gurugram,Haryana,EdTech,91,0.066,2025-03-28,Late Stage,India,5500,QA Engineer,Quality Assurance,contract,Restructuring,Medium,Synthetic Practice Data
Moglix,Mumbai,Maharashtra,E-commerce,620,0.05,2022-06-12,Late Stage,India,650,Data Analyst,Analytics,Contract,Cost cutting,Enterprise,Synthetic Practice Data
Freshworks,Bengaluru,Karnataka,SaaS,487,0.102,2025-03-18,Post-IPO,India,484,Operations Executive,Operations,Intern,Market conditions,Small,Synthetic Practice Data
CRED,Bengaluru,Karnataka,FinTech,215,0.099,2026-02-18,Late Stage,India,1000,Data Analyst,Analytics,Contract,Economic slowdown,Medium,Synthetic Practice Data
Policybazaar,Gurugram,Haryana,Financial Services,1176,0.091,2021-09-23,Post-IPO,India,800,UI/UX Designer,Design,Part-time,Business shutdown,Medium,Synthetic Practice Data
Wipro,Hyderabad,Telangana,IT Services,1009,0.05,2023-09-29,Post-IPO,India,0,Customer Support Executive,Customer Support,Part-time,Market conditions,Startup,Synthetic Practice Data
PharmEasy,New Delhi,Delhi,HealthTech,329,0.096,2023-03-23,Late Stage,India,1200,Operations Executive,Operations,Part-time,Merger and acquisition,Startup,Synthetic Practice Data
Infosys,Bengaluru,Karnataka,IT Services,554,0.039,2024-07-10,Post-IPO,India,0,Customer Support Executive,Customer Support,Part-time,Performance optimization,Medium,Synthetic Practice Data
Wipro,Pune,Maharashtra,IT Services,1199,0.079,2023-03-23,Post-IPO,India,0,Customer Support Executive,Customer Support,Contract,Economic slowdown,Large,Synthetic Practice Data
BYJU'S,Gurugram,Haryana,EdTech,118,0.046,2023-06-23,Late Stage,India,5500,Data Scientist,Data Science,Full-time,Restructuring,Small,Synthetic Practice Data
CRED,Bengaluru,Karnataka,FinTech,263,0.045,2023-09-04,Late Stage,India,1000,Recruiter,Human Resources,Part-time,Funding issues,Startup,Synthetic Practice Data
Policybazaar,New Delhi,Delhi,Financial Services,633,0.062,2024-07-12,Post-IPO,India,800,Marketing Executive,Marketing,Intern,Automation,Small,Synthetic Practice Data
ShareChat,Mumbai,Maharashtra,Social Media,173,0.135,2026-03-28,Late Stage,India,1300,Recruiter,Human Resources,Contract,Automation,Medium,Synthetic Practice Data
CRED,Mumbai,Maharashtra,FinTech,62,0.01,2022-12-29,Late Stage,India,1000,DevOps Engineer,Engineering,Contract,Cost cutting,Small,Synthetic Practice Data
Infosys,Hyderabad,Telangana,IT Services,572,0.025,2021-11-15,Post-IPO,India,0,Customer Support Executive,Customer Support,Contract,Funding issues,Enterprise,Synthetic Practice Data
Paytm,Noida,Uttar Pradesh,FinTech,753,0.129,2025-06-18,Post-IPO,India,5000,DevOps Engineer,Engineering,Intern,Performance optimization,Large,Synthetic Practice Data
Tech Mahindra,Hyderabad,Telangana,IT Services,1092,0.1,2024-06-22,Post-IPO,India,0,Operations Executive,Operations,Intern,Funding issues,Large,Synthetic Practice Data
Freshworks,Chennai,Tamil Nadu,SaaS,579,0.03,2023-07-14,Post-IPO,India,484,Sales Executive,Sales,Part-time,Business shutdown,Startup,Synthetic Practice Data
Lenskart,New Delhi,Delhi,Retail,144,0.168,2022-04-20,Late Stage,India,1500,DevOps Engineer,Engineering,Contract,Funding issues,Medium,Synthetic Practice Data
Tech Mahindra,Kolkata,West Bengal,IT Services,1138,0.106,2026-04-14,Post-IPO,India,0,Customer Support Executive,Customer Support,Part-time,Restructuring,Startup,Synthetic Practice Data
Flipkart,Kolkata,West Bengal,E-commerce,359,0.056,2024-06-30,Late Stage,India,8700,Customer Support Executive,Customer Support,Intern,Funding issues,Enterprise,Synthetic Practice Data
Lenskart,Gurugram,Haryana,Retail,24,0.089,2024-10-30,Late Stage,India,1500,Business Analyst,Business,Full-time,Performance optimization,Large,Synthetic Practice Data
Zomato,Gurugram,Haryana,Food Delivery,882,0.114,2021-05-10,Post-IPO,India,2500,Data Analyst,Analytics,Intern,Economic slowdown,Small,Synthetic Practice Data
Moglix,Noida,Uttar Pradesh,E-commerce,621,0.046,2022-01-26,Late Stage,India,650,Marketing Executive,Marketing,Intern,Merger and acquisition,Startup,Synthetic Practice Data
Wipro,Kolkata,West Bengal,IT Services,311,0.087,2023-03-08,Post-IPO,India,0,Software Engineer,Engineering,Full-time,Strategic restructuring,Medium,Synthetic Practice Data
HCLTech,Noida,Uttar Pradesh,IT Services,1063,0.041,2026-05-19,Post-IPO,India,0,QA Engineer,Quality Assurance,Intern,Business shutdown,Startup,Synthetic Practice Data
Razorpay,Bengaluru,Karnataka,FinTech,642,0.074,2025-01-22,Late Stage,India,800,Recruiter,Human Resources,Contract,Restructuring,Large,Synthetic Practice Data
HCLTech,Chennai,Tamil Nadu,IT Services,757,0.146,2024-10-17,Post-IPO,India,0,Product Manager,Product,Full-time,Restructuring,Large,Synthetic Practice Data
Dream11,Mumbai,Maharashtra,Gaming,452,0.205,2022-08-13,Late Stage,India,1000,Sales Executive,Sales,Full-time,Cost cutting,Large,Synthetic Practice Data
Ather Energy,Bengaluru,Karnataka,Automotive,429,0.124,2023-11-02,Late Stage,India,500,UI/UX Designer,Design,Part-time,Performance optimization,Enterprise,Synthetic Practice Data
Udaan,Bengaluru,Karnataka,E-commerce,218,0.115,2024-03-22,Late Stage,India,1200,Operations Executive,Operations,Part-time,Economic slowdown,Medium,Synthetic Practice Data
Razorpay,Mumbai,Maharashtra,FinTech,636,0.07,2023-12-25,Late Stage,India,800,Product Manager,Product,Part-time,Automation,Enterprise,Synthetic Practice Data
Razorpay,Bengaluru,Karnataka,FinTech,122,0.082,2025-02-27,Late Stage,India,800,UI/UX Designer,Design,Contract,Merger and acquisition,Medium,Synthetic Practice Data
Razorpay,Mumbai,Maharashtra,FinTech,410,0.062,2022-03-10,Late Stage,India,800,Project Manager,Project Management,Contract,Automation,Enterprise,Synthetic Practice Data
Meesho,Gurugram,Haryana,E-commerce,477,0.026,2022-10-11,Late Stage,India,1200,Finance Analyst,Finance,Contract,Merger and acquisition,Enterprise,Synthetic Practice Data
ShareChat,New Delhi,Delhi,Social Media,184,0.241,2025-10-28,Late Stage,India,1300,Recruiter,Human Resources,Part-time,Performance optimization,Enterprise,Synthetic Practice Data
PharmEasy,Mumbai,Maharashtra,HealthTech,650,0.084,2026-05-04,Late Stage,India,1200,Marketing Executive,Marketing,Part-time,Performance optimization,Large,Synthetic Practice Data
Meesho,Mumbai,Maharashtra,E-commerce,597,0.118,2021-11-09,Late Stage,India,1200,Business Analyst,Business,Intern,Economic slowdown,Startup,Synthetic Practice Data
Freshworks,Bengaluru,Karnataka,SaaS,956,0.106,2023-03-24,Post-IPO,India,484,Data Scientist,Data Science,Full-time,Automation,Small,Synthetic Practice Data
Tech Mahindra,Bengaluru,Karnataka,IT Services,665,0.073,2025-10-09,Post-IPO,India,0,Recruiter,Human Resources,Part-time,Strategic restructuring,Large,Synthetic Practice Data
Razorpay,Mumbai,Maharashtra,FinTech,259,0.16,2022-11-07,Late Stage,India,800,Product Manager,Product,Part-time,Funding issues,Small,Synthetic Practice Data
Swiggy,Mumbai,Maharashtra,Food Delivery,1192,0.108,2022-09-05,Post-IPO,India,3600,Senior Software Engineer,Engineering,Contract,Performance optimization,Small,Synthetic Practice Data
Curefit,Hyderabad,Telangana,HealthTech,599,0.044,2021-11-23,Late Stage,India,700,QA Engineer,Quality Assurance,Full-time,Cost cutting,Small,Synthetic Practice Data
Freshworks,Chennai,Tamil Nadu,SaaS,39,0.138,2025-08-20,Post-IPO,India,484,Finance Analyst,Finance,Full-time,Merger and acquisition,Large,Synthetic Practice Data
HCLTech,Chennai,Tamil Nadu,IT Services,745,0.1,2023-06-30,Post-IPO,India,0,Marketing Executive,Marketing,Full-time,Merger and acquisition,Enterprise,Synthetic Practice Data
Policybazaar,Mumbai,Maharashtra,Financial Services,379,0.047,2022-07-17,Post-IPO,India,800,Senior Software Engineer,Engineering,Part-time,Cost cutting,Small,Synthetic Practice Data
Ola,Mumbai,Maharashtra,Transportation,458,0.234,2022-12-08,Late Stage,India,3200,Operations Executive,Operations,Part-time,Cost cutting,Startup,Synthetic Practice Data
Udaan,Bengaluru,Karnataka,E-commerce,79,0.134,2022-11-29,Late Stage,India,1200,Senior Software Engineer,Engineering,Part-time,Performance optimization,Startup,Synthetic Practice Data
Zomato,Mumbai,Maharashtra,Food Delivery,942,0.08,2026-04-24,Post-IPO,India,2500,Project Manager,Project Management,Full-time,Funding issues,Enterprise,Synthetic Practice Data
Unacademy,Bengaluru,Karnataka,EdTech,253,0.1,2024-08-01,Late Stage,India,800,recruiter,Human Resources,Full-time,Economic slowdown,Startup,Synthetic Practice Data
Accenture India,Bengaluru,Karnataka,IT Services,226,0.202,2023-08-13,Private,India,0,DevOps Engineer,Engineering,Full-time,Performance optimization,Startup,Synthetic Practice Data
Ola,Chennai,Tamil Nadu,Transportation,266,0.21,2023-09-14,Late Stage,India,3200,Business Analyst,Business,Intern,Merger and acquisition,Startup,Synthetic Practice Data
Curefit,Hyderabad,Telangana,HealthTech,679,0.06,2023-08-26,Late Stage,India,700,Software Engineer,Engineering,Part-time,Cost cutting,Startup,Synthetic Practice Data
Flipkart,Kolkata,West Bengal,E-commerce,563,0.128,2022-03-09,Late Stage,India,8700,Senior Software Engineer,Engineering,Intern,Restructuring,Large,Synthetic Practice Data
Policybazaar,Mumbai,Maharashtra,Financial Services,555,0.147,2026-01-29,Post-IPO,India,800,Recruiter,Human Resources,Part-time,Business shutdown,Small,Synthetic Practice Data
ShareChat,Bengaluru,Karnataka,Social Media,539,0.131,2021-07-22,Late Stage,India,1300,Business Analyst,Business,Contract,Strategic restructuring,Enterprise,Synthetic Practice Data
Accenture India,Hyderabad,Telangana,IT Services,165,0.047,2024-06-04,Private,India,0,DevOps Engineer,Engineering,Contract,Restructuring,Small,Synthetic Practice Data
Ola,Bengaluru,Karnataka,Transportation,156,0.036,2026-03-11,Late Stage,India,3200,Senior Software Engineer,Engineering,Contract,Merger and acquisition,Enterprise,Synthetic Practice Data
Zomato,Mumbai,Maharashtra,Food Delivery,1053,0.036,2023-03-10,Post-IPO,India,2500,Customer Support Executive,Customer Support,Full-time,Economic slowdown,Small,Synthetic Practice Data
Dream11,Bengaluru,Karnataka,Gaming,344,0.16,2025-01-15,Late Stage,India,1000,Data Analyst,Analytics,Full-time,Funding issues,Large,Synthetic Practice Data
Myntra,Gurugram,Haryana,E-commerce,210,0.025,2023-12-09,Late Stage,India,500,Product Manager,Product,Contract,Restructuring,Startup,Synthetic Practice Data
BYJU'S,Gurugram,Haryana,EdTech,522,0.032,2024-10-25,Late Stage,India,5500,Software Engineer,Engineering,Intern,Automation,Enterprise,Synthetic Practice Data
Wipro,Kolkata,West Bengal,IT Services,271,0.211,2024-02-19,Post-IPO,India,0,DevOps Engineer,Engineering,Intern,Market conditions,Small,Synthetic Practice Data
TCS,Hyderabad,Telangana,IT Services,744,0.04,2023-02-06,Post-IPO,India,0,Customer Support Executive,Customer Support,Contract,Business shutdown,Medium,Synthetic Practice Data
Udaan,Gurugram,Haryana,E-commerce,80,0.045,2024-04-01,Late Stage,India,1200,Customer Support Executive,Customer Support,Contract,Restructuring,Large,Synthetic Practice Data
Paytm,New Delhi,Delhi,FinTech,1029,0.12,2025-10-22,Post-IPO,India,5000,Operations Executive,Operations,Full-time,Market conditions,Startup,Synthetic Practice Data
TCS,Bengaluru,Karnataka,,1014,0.088,2025-11-22,Post-IPO,India,0,HR Executive,Human Resources,Intern,Market conditions,Startup,Synthetic Practice Data
PhonePe,Bengaluru,Karnataka,FinTech,211,0.175,2023-10-22,Late Stage,India,2200,Business Analyst,Business,Part-time,Business shutdown,Medium,Synthetic Practice Data
Meesho,Mumbai,Maharashtra,E-commerce,552,0.095,2025-02-24,Late Stage,India,1200,Product Manager,Product,Part-time,Restructuring,Small,Synthetic Practice Data
Unacademy,Jaipur,Rajasthan,EdTech,529,0.078,2024-03-08,Late Stage,India,800,Data Scientist,Data Science,Part-time,Business shutdown,Medium,Synthetic Practice Data
Accenture India,Bengaluru,Karnataka,IT Services,272,0.109,2025-11-13,Private,India,0,Software Engineer,Engineering,Full-time,Market conditions,Startup,Synthetic Practice Data
Ola,New Delhi,Delhi,Transportation,490,0.155,2024-07-20,Late Stage,India,3200,Project Manager,Project Management,Full-time,Market conditions,Enterprise,Synthetic Practice Data
Ola,Bengaluru,Karnataka,Transportation,605,0.018,2024-08-02,Late Stage,India,3200,Project Manager,Project Management,Contract,Automation,Small,Synthetic Practice Data
OYO,Bengaluru,Karnataka,Travel,557,0.123,2023-06-06,Post-IPO,India,4300,Software Engineer,Engineering,Part-time,Cost cutting,Medium,Synthetic Practice Data
Freshworks,Hyderabad,Telangana,SaaS,401,0.079,2026-06-20,Post-IPO,India,484,Recruiter,Human Resources,Part-time,Merger and acquisition,Large,Synthetic Practice Data
Myntra,Mumbai,Maharashtra,E-commerce,128,0.131,2023-09-14,Late Stage,India,500,Data Scientist,Data Science,Intern,Performance optimization,Small,Synthetic Practice Data
Dream11,Bengaluru,Karnataka,Gaming,380,0.042,2024-03-28,Late Stage,India,1000,Business Analyst,Business,Contract,Business shutdown,Enterprise,Synthetic Practice Data
Paytm,New Delhi,Delhi,FinTech,667,0.012,2023-05-22,Post-IPO,India,5000,Software Engineer,Engineering,Intern,Automation,Small,Synthetic Practice Data
ShareChat,New Delhi,Delhi,Social Media,629,0.128,2022-11-12,Late Stage,India,1300,Recruiter,Human Resources,Full-time,Business shutdown,Small,Synthetic Practice Data
HCLTech,Noida,Uttar Pradesh,IT Services,734,0.078,2025-03-29,Post-IPO,India,0,Sales Executive,Sales,Full-time,Business shutdown,Medium,Synthetic Practice Data
Curefit,Mumbai,Maharashtra,HealthTech,283,0.03,2024-12-23,Late Stage,India,700,Finance Analyst,Finance,Full-time,Performance optimization,Startup,Synthetic Practice Data
Zomato,New Delhi,Delhi,Food Delivery,400,0.073,2024-06-30,Post-IPO,India,2500,Customer Support Executive,Customer Support,Part-time,Economic slowdown,Enterprise,Synthetic Practice Data
Unacademy,Bengaluru,Karnataka,EdTech,560,0.029,2026-02-02,Late Stage,India,800,QA Engineer,Quality Assurance,Contract,Funding issues,Enterprise,Synthetic Practice Data
Zomato,Gurugram,Haryana,Food Delivery,374,0.066,2026-07-09,Post-IPO,India,2500,Finance Analyst,Finance,Contract,Restructuring,Large,Synthetic Practice Data
Razorpay,Mumbai,Maharashtra,FinTech,195,0.03,2021-05-11,Late Stage,India,,QA Engineer,Quality Assurance,Contract,Automation,Small,Synthetic Practice Data
Wipro,Hyderabad,Telangana,IT Services,948,0.063,2025-12-02,Post-IPO,India,0,Software Engineer,Engineering,Part-time,Economic slowdown,Enterprise,Synthetic Practice Data
Moglix,Noida,Uttar Pradesh,E-commerce,461,0.102,2023-06-07,Late Stage,India,650,Project Manager,Project Management,Contract,Cost cutting,Enterprise,Synthetic Practice Data
Zomato,Bengaluru,Karnataka,Food Delivery,774,0.093,2026-07-14,Post-IPO,India,2500,Product Manager,Product,Intern,Performance optimization,Enterprise,Synthetic Practice Data
Infosys,Pune,Maharashtra,IT Services,965,0.063,2025-06-24,Post-IPO,India,0,Software Engineer,Engineering,Full-time,Performance optimization,Large,Synthetic Practice Data
ShareChat,Mumbai,Maharashtra,Social Media,41,0.055,2025-06-03,Late Stage,India,1300,QA Engineer,Quality Assurance,Part-time,Funding issues,Large,Synthetic Practice Data
Zomato,Gurugram,Haryana,Food Delivery,204,0.111,2022-07-30,Post-IPO,India,2500,Customer Support Executive,Customer Support,Part-time,Performance optimization,Startup,Synthetic Practice Data
Freshworks,Bengaluru,Karnataka,SaaS,1016,0.122,2021-09-04,Post-IPO,India,484,Customer Support Executive,Customer Support,Intern,Merger and acquisition,Medium,Synthetic Practice Data
ShareChat,New Delhi,Delhi,Social Media,679,0.082,2022-09-04,Late Stage,India,1300,Software Engineer,Engineering,Intern,Market conditions,Small,Synthetic Practice Data
ShareChat,Mumbai,Maharashtra,Social Media,239,0.031,2021-02-12,Late Stage,India,1300,QA Engineer,Quality Assurance,Full-time,Economic slowdown,Startup,Synthetic Practice Data
PharmEasy,New Delhi,Delhi,HealthTech,420,0.051,2024-07-18,Late Stage,India,1200,Finance Analyst,Finance,Part-time,Strategic restructuring,Startup,Synthetic Practice Data
Paytm,Bengaluru,Karnataka,FinTech,786,0.144,2026-04-27,Post-IPO,India,5000,Recruiter,Human Resources,Part-time,Restructuring,Startup,Synthetic Practice Data
TCS,Mumbai,Maharashtra,IT Services,561,0.112,2025-07-10,Post-IPO,India,0,Customer Support Executive,Customer Support,Contract,Funding issues,Startup,Synthetic Practice Data
Policybazaar,New Delhi,Delhi,Financial Services,54,0.158,2023-07-27,Post-IPO,India,800,Data Analyst,Analytics,Intern,Automation,Startup,Synthetic Practice Data
Swiggy,Mumbai,Maharashtra,Food Delivery,486,0.119,2025-04-30,Post-IPO,India,3600,Finance Analyst,Finance,Part-time,Merger and acquisition,Startup,Synthetic Practice Data
Tech Mahindra,Pune,Maharashtra,IT Services,206,0.204,2022-10-26,Post-IPO,India,0,Operations Executive,Operations,Full-time,Performance optimization,Enterprise,Synthetic Practice Data
BYJU'S,Bengaluru,Karnataka,EdTech,687,0.066,2024-05-14,Late Stage,India,5500,Customer Support Executive,Customer Support,Part-time,Funding issues,Large,Synthetic Practice Data
Ather Energy,Pune,Maharashtra,Automotive,385,0.115,2024-10-23,Late Stage,India,,QA Engineer,Quality Assurance,Contract,Economic slowdown,Small,Synthetic Practice Data
Tech Mahindra,Kolkata,West Bengal,IT Services,853,0.037,2022-02-02,Post-IPO,India,0,Product Manager,Product,Intern,Market conditions,Medium,Synthetic Practice Data
Ather Energy,Chennai,Tamil Nadu,Automotive,162,0.17,2021-01-04,Late Stage,India,500,Software Engineer,Engineering,Intern,Cost cutting,Large,Synthetic Practice Data
Myntra,Bengaluru,Karnataka, E-commerce,384,0.052,2023-10-01,Late Stage,India,500,Software Engineer,Engineering,Contract,Restructuring,Startup,Synthetic Practice Data
Flipkart,Mumbai,Maharashtra,E-commerce,77,0.164,2021-01-06,Late Stage,India,8700,Sales Executive,Sales,Intern,Performance optimization,Enterprise,Synthetic Practice Data
BYJU'S,Gurugram,Haryana,EdTech,270,0.155,2026-08-25,Late Stage,India,5500,Project Manager,Project Management,Part-time,Cost cutting,Startup,Synthetic Practice Data
Meesho,Bengaluru,Karnataka,E-commerce,414,0.051,2023-06-13,Late Stage,India,1200,Senior Software Engineer,Engineering,Full-time,Business shutdown,Startup,Synthetic Practice Data
Swiggy,Mumbai,Maharashtra,Food Delivery,897,0.136,2025-06-24,Post-IPO,India,3600,Product Manager,Product,Part-time,Funding issues,Small,Synthetic Practice Data
OYO,Bengaluru,Karnataka,Travel,804,0.038,2021-03-13,Post-IPO,India,4300,Product Manager,Product,Contract,Economic slowdown,Startup,Synthetic Practice Data
Wipro,Kolkata,West Bengal,IT Services,1037,0.046,2023-01-15,Post-IPO,India,0,Business Analyst,Business,Intern,Market conditions,Large,Synthetic Practice Data
Unacademy,Bengaluru,Karnataka,EdTech,571,0.141,2025-05-28,Late Stage,India,800,Recruiter,Human Resources,Part-time,Performance optimization,Enterprise,Synthetic Practice Data
Swiggy,Bengaluru,Karnataka,Food Delivery,1086,0.042,2023-05-14,Post-IPO,India,3600,Business Analyst,Business,Contract,Restructuring,Medium,Synthetic Practice Data
Wipro,Bengaluru,Karnataka,IT Services,610,0.144,2021-11-12,Post-IPO,India,0,Marketing Executive,Marketing,Contract,Restructuring,Small,Synthetic Practice Data
Meesho,Mumbai,Maharashtra,E-commerce,91,0.141,2026-05-07,Late Stage,India,1200,Software Engineer,Engineering,Part-time,Economic slowdown,Enterprise,Synthetic Practice Data
Ola,Mumbai,Maharashtra,Transportation,255,0.15,2024-11-28,Late Stage,India,3200,Recruiter,Human Resources,Part-time,Business shutdown,Small,Synthetic Practice Data
Paytm,Noida,Uttar Pradesh,FinTech,134,0.123,2023-10-13,Post-IPO,India,5000,project manager,Project Management,Full-time,Performance optimization,Medium,Synthetic Practice Data
Moglix,Mumbai,Maharashtra,E-commerce,417,0.083,2022-05-16,Late Stage,India,650,Sales Executive,Sales,Full-time,Automation,Startup,Synthetic Practice Data
Policybazaar,New Delhi,Delhi,Financial Services,202,0.24,2022-11-28,Post-IPO,India,800,Project Manager,Project Management,Contract,Strategic restructuring,Startup,Synthetic Practice Data
Swiggy,Bengaluru,Karnataka,Food Delivery,141,0.248,2022-06-04,Post-IPO,India,3600,Data Analyst,Analytics,Intern,Economic slowdown,Small,Synthetic Practice Data
OYO,New Delhi,Delhi,Travel,831,0.021,2025-09-13,Post-IPO,India,4300,Data Analyst,Analytics,Contract,Restructuring,Enterprise,Synthetic Practice Data
Dream11,Bengaluru,Karnataka,Gaming,20,0.04,2025-09-07,Late Stage,India,1000,Sales Executive,Sales,Full-time,Cost cutting,Startup,Synthetic Practice Data
ShareChat,Mumbai,Maharashtra,Social Media,300,0.125,2025-05-15,Late Stage,India,1300,data analyst,Analytics,Full-time,Cost cutting,Enterprise,Synthetic Practice Data
HCLTech,Bengaluru,Karnataka,IT Services,192,0.123,2021-08-13,Post-IPO,India,0,Finance Analyst,Finance,Part-time,Funding issues,Startup,Synthetic Practice Data
Ola,Mumbai,Maharashtra,Transportation,650,0.052,2023-03-26,Late Stage,India,3200,UI/UX Designer,,Full-time,Economic slowdown,Medium,Synthetic Practice Data
Myntra,Mumbai,Maharashtra,E-commerce,540,0.075,2025-01-20,Late Stage,India,500,Project Manager,Project Management,Full-time,Merger and acquisition,Startup,Synthetic Practice Data
Unacademy,Bengaluru,Karnataka,EdTech,527,0.074,2023-09-14,Late Stage,India,800,DevOps Engineer,Engineering,Intern,Performance optimization,Enterprise,Synthetic Practice Data
Meesho,Mumbai,Maharashtra,E-commerce,417,0.142,2021-12-22,Late Stage,India,1200,QA Engineer,Quality Assurance,Contract,Automation,Small,Synthetic Practice Data
CRED,Gurugram,Haryana,FinTech,74,0.2,2022-04-24,Late Stage,India,1000,Marketing Executive,Marketing,Intern,Market conditions,Enterprise,Synthetic Practice Data
Flipkart,Kolkata,West Bengal,E-commerce,334,0.099,2026-06-15,Late Stage,India,8700,Recruiter,Human Resources,Full-time,Performance optimization,Large,Synthetic Practice Data
Myntra,Mumbai,Maharashtra,E-commerce,578,0.058,2024-09-18,Late Stage,India,500,Finance Analyst,Finance,Part-time,Performance optimization,Small,Synthetic Practice Data
Wipro,Kolkata,West Bengal,IT Services,1025,0.07,2022-07-01,Post-IPO,India,0,Project Manager,Project Management,Full-time,Market conditions,Small,Synthetic Practice Data
Wipro,Bengaluru,Karnataka,IT Services,815,0.119,2024-03-13,Post-IPO,India,0,Business Analyst,Business,Contract,Economic slowdown,Startup,Synthetic Practice Data
Ather Energy,Bengaluru,Karnataka,Automotive,685,0.028,2021-01-05,Late Stage,India,500,DevOps Engineer,Engineering,Intern,Market conditions,Enterprise,Synthetic Practice Data
BYJU'S,Mumbai,Maharashtra,EdTech,281,0.104,2023-10-21,Late Stage,India,5500,Data Analyst,Analytics,Contract,Performance optimization,Medium,Synthetic Practice Data
TCS,Bengaluru,Karnataka,IT Services,278,0.035,2025-02-09,Post-IPO,India,0,Operations Executive,Operations,Full-time,Funding issues,Large,Synthetic Practice Data
Tech Mahindra,Kolkata,West Bengal,IT Services,336,0.089,2024-06-27,Post-IPO,India,0,Data Analyst,Analytics,Contract,Cost cutting,Large,Synthetic Practice Data
Zomato,Mumbai,Maharashtra,Food Delivery,229,0.05,2023-02-07,Post-IPO,India,2500,Sales Executive,Sales,Part-time,Market conditions,Large,Synthetic Practice Data
Meesho,Bengaluru,Karnataka,E-commerce,328,0.034,2022-02-01,Late Stage,India,1200,Data Scientist,Data Science,Part-time,Cost cutting,Large,Synthetic Practice Data
Accenture India,Mumbai,Maharashtra,IT Services,203,0.192,2023-10-21,Private,India,0,Data Analyst,Analytics,Intern,Performance optimization,Enterprise,Synthetic Practice Data
Udaan,Bengaluru,Karnataka,E-commerce,329,0.144,2025-10-10,Late Stage,India,1200,Recruiter,Human Resources,Contract,Business shutdown,Startup,Synthetic Practice Data
CRED,Gurugram,Haryana,FinTech,660,0.026,2025-07-07,Late Stage,India,1000,DevOps Engineer,Engineering,Part-time,Economic slowdown,Large,Synthetic Practice Data
Paytm,Mumbai,Maharashtra,FinTech,507,0.101,2023-05-11,Post-IPO,India,5000,Sales Executive,Sales,Part-time,Strategic restructuring,Large,Synthetic Practice Data
Tech Mahindra,Pune,Maharashtra,IT Services,783,0.078,2021-07-05,Post-IPO,India,0,Sales Executive,Sales,Part-time,Funding issues,Large,Synthetic Practice Data
Swiggy,Bengaluru,Karnataka,Food Delivery,354,0.034,2023-11-08,Post-IPO,India,3600,Marketing Executive,Marketing,Full-time,Automation,Startup,Synthetic Practice Data
Myntra,Bengaluru,Karnataka,E-commerce,613,0.066,2021-11-19,Late Stage,India,500,Product Manager,Product,Intern,Market conditions,Medium,Synthetic Practice Data
Razorpay,Gurugram,Haryana,FinTech,533,0.15,2025-03-13,Late Stage,India,800,QA Engineer,Quality Assurance,Full-time,Merger and acquisition,Enterprise,Synthetic Practice Data
Flipkart,Kolkata,West Bengal,E-commerce,133,0.171,2023-01-07,Late Stage,India,8700,UI/UX Designer,Design,Full-time,Cost cutting,Medium,Synthetic Practice Data
BYJU'S,Mumbai,Maharashtra,EdTech,484,0.22,2026-03-18,Late Stage,India,5500,,Human Resources,Intern,Automation,Small,Synthetic Practice Data
Paytm,Noida,Uttar Pradesh,FinTech,1192,0.087,2021-10-26,Post-IPO,India,5000,HR Executive,Human Resources,Intern,Funding issues,Enterprise,Synthetic Practice Data
CRED,Mumbai,Maharashtra,FinTech,464,0.239,2026-03-14,Late Stage,India,1000,Operations Executive,Operations,Intern,Funding issues,Medium,Synthetic Practice Data
Policybazaar,Gurugram,Haryana,Financial Services,718,0.111,2022-06-09,Post-IPO,India,800,UI/UX Designer,Design,Part-time,Funding issues,Enterprise,Synthetic Practice Data
BYJU'S,Mumbai,Maharashtra,EdTech,257,0.203,2026-03-05,Late Stage,India,5500,Product Manager,Product,Intern,Merger and acquisition,Startup,Synthetic Practice Data
Freshworks,Bengaluru,Karnataka,SaaS,166,0.038,2024-11-08,Post-IPO,India,484,Customer Support Executive,Customer Support,Intern,Performance optimization,Medium,Synthetic Practice Data
Moglix,Noida,Uttar Pradesh,E-commerce,43,0.013,2022-09-21,Late Stage,India,650,Software Engineer,Engineering,Intern,Funding issues,Enterprise,Synthetic Practice Data
Accenture India,Chennai,Tamil Nadu,IT Services,285,0.237,2022-01-17,Private,India,0,Data Scientist,Data Science,Full-time,Funding issues,Enterprise,Synthetic Practice Data
Paytm,Noida,Uttar Pradesh,FinTech,335,0.181,2022-03-16,Post-IPO,India,5000,Senior Software Engineer,Engineering,Part-time,Economic slowdown,Large,Synthetic Practice Data
Accenture India,Hyderabad,Telangana,IT Services,114,0.06,2022-02-13,Private,India,0,Software Engineer,Engineering,Part-time,Restructuring,Enterprise,Synthetic Practice Data
PhonePe,Bengaluru,Karnataka,FinTech,164,0.156,2023-01-24,Late Stage,India,2200,Customer Support Executive,Customer Support,Contract,Performance optimization,Startup,Synthetic Practice Data
Infosys,Bengaluru,Karnataka,IT Services,919,0.141,2021-09-15,Post-IPO,India,0,Sales Executive,Sales,Contract,Cost cutting,Medium,Synthetic Practice Data
Myntra,Bengaluru,Karnataka,E-commerce,686,0.145,2026-03-30,Late Stage,India,500,Finance Analyst,Finance,Contract,Business shutdown,Enterprise,Synthetic Practice Data
Tech Mahindra,Bengaluru,Karnataka,IT Services,650,0.096,2022-10-28,Post-IPO,India,0,Operations Executive,Operations,Contract,,Medium,Synthetic Practice Data
ShareChat,Bengaluru,Karnataka,Social Media,311,0.049,2025-05-20,Late Stage,India,1300,QA Engineer,Quality Assurance,Contract,Economic slowdown,Startup,Synthetic Practice Data
Swiggy,Hyderabad,Telangana,Food Delivery,243,0.177,2023-10-17,Post-IPO,India,3600,UI/UX Designer,Design,Intern,Restructuring,Small,Synthetic Practice Data
Flipkart,Gurugram,Haryana,E-commerce,176,0.111,2024-04-30,Late Stage,India,8700,Recruiter,Human Resources,Contract,Strategic restructuring,Large,Synthetic Practice Data
Ather Energy,Chennai,Tamil Nadu,Automotive,215,0.064,2024-02-08,Late Stage,India,500,Business Analyst,Business,Part-time,Merger and acquisition,Medium,Synthetic Practice Data
Policybazaar,Gurugram,Haryana,Financial Services,954,0.057,2026-01-22,Post-IPO,India,800,HR Executive,Human Resources,part-time,Funding issues,Enterprise,Synthetic Practice Data
Infosys,Hyderabad,Telangana,IT Services,744,0.132,2025-09-29,Post-IPO,India,0,QA Engineer,Quality Assurance,Intern,Cost cutting,Medium,Synthetic Practice Data
OYO,Bengaluru,Karnataka,Travel,154,0.034,2024-12-10,Post-IPO,India,4300,Software Engineer,Engineering,Intern,Merger and acquisition,Startup,Synthetic Practice Data
Myntra,Bengaluru,Karnataka,E-commerce,690,0.145,2022-07-15,Late Stage,India,500,Senior Software Engineer,Engineering,Part-time,Business shutdown,Large,Synthetic Practice Data
Swiggy,New Delhi,Delhi,Food Delivery,1079,0.117,2021-08-21,Post-IPO,India,3600,Business Analyst,Business,Contract,Strategic restructuring,Large,Synthetic Practice Data
PhonePe,Bengaluru,Karnataka,FinTech,619,0.128,2025-07-14,Late Stage,India,2200,Recruiter,Human Resources,Contract,Restructuring,Small,Synthetic Practice Data
Ola,Bengaluru,Karnataka,Transportation,621,0.084,2023-02-03,Late Stage,India,3200,Recruiter,Human Resources,Intern,Performance optimization,Enterprise,Synthetic Practice Data
Myntra,Gurugram,Haryana,E-commerce,29,0.174,2025-04-25,Late Stage,India,500,Marketing Executive,Marketing,Intern,Automation,Startup,Synthetic Practice Data
Policybazaar,Mumbai,Maharashtra,Financial Services,663,0.035,2025-06-20,Post-IPO,India,800,Business Analyst,Business,Intern,Funding issues,Medium,Synthetic Practice Data
Accenture India,Mumbai,Maharashtra,IT Services,69,0.018,2021-11-17,Private,India,0,Business Analyst,Business,Contract,Market conditions,Small,Synthetic Practice Data
Accenture India,Bengaluru,Karnataka,IT Services,214,0.124,2026-04-09,Private,India,0,Data Scientist,Data Science,Full-time,Business shutdown,Startup,Synthetic Practice Data
Freshworks,Hyderabad,Telangana,SaaS,326,0.196,2024-03-01,Post-IPO,India,484,HR Executive,Human Resources,Full-time,Economic slowdown,Startup,Synthetic Practice Data
CRED,Gurugram,Haryana,FinTech,14,0.075,2023-10-19,Late Stage,India,1000,Marketing Executive,Marketing,Intern,Business shutdown,Small,Synthetic Practice Data
Wipro,Hyderabad,Telangana,IT Services,692,0.118,2021-01-12,Post-IPO,India,0,Business Analyst,Business,Contract,Business shutdown,Small,Synthetic Practice Data
Wipro,Hyderabad,Telangana,IT Services,834,0.105,2021-05-03,Post-IPO,India,0,Business Analyst,Business,Full-time,Cost cutting,Large,Synthetic Practice Data
Flipkart,Gurugram,Haryana,E-commerce,653,0.126,2024-07-06,Late Stage,India,8700,Sales Executive,Sales,Full-time,Merger and acquisition,Enterprise,Synthetic Practice Data
Zomato,Gurugram,Haryana,Food Delivery,225,0.112,2024-01-07,Post-IPO,India,2500,Operations Executive,Operations,Part-time,Strategic restructuring,Large,Synthetic Practice Data
ShareChat,Mumbai,Maharashtra,Social Media,266,0.178,2025-11-19,Late Stage,India,1300,Operations Executive,Operations,Intern,Funding issues,Small,Synthetic Practice Data
Unacademy,New Delhi,Delhi,EdTech,623,0.097,2025-12-20,Late Stage,India,800,Senior Software Engineer,Engineering,Contract,Restructuring,Large,Synthetic Practice Data
Unacademy,New Delhi,Delhi,EdTech,470,0.032,2023-12-19,Late Stage,India,800,UI/UX Designer,Design,Full-time,Funding issues,Medium,Synthetic Practice Data
Paytm,Noida,Uttar Pradesh,FinTech,300,0.086,2024-11-25,Post-IPO,India,5000,Finance Analyst,Finance,Full-time,Performance optimization,Startup,Synthetic Practice Data
Ather Energy,Bengaluru,Karnataka,Automotive,74,0.033,2022-08-02,Late Stage,India,500,Data Scientist,Data Science,Part-time,Market conditions,Small,Synthetic Practice Data
Dream11,Bengaluru,Karnataka,Gaming,65,0.076,2025-08-10,Late Stage,India,1000,Recruiter,Human Resources,Full-time,Strategic restructuring,Large,Synthetic Practice Data
Unacademy,New Delhi,Delhi,EdTech,390,0.223,2026-03-13,Late Stage,India,800,Operations Executive,Operations,Intern,Economic slowdown,Large,Synthetic Practice Data
PhonePe,Mumbai,Maharashtra,FinTech,586,0.131,2022-08-21,Late Stage,India,2200,Customer Support Executive,Customer Support,Full-time,Cost cutting,Medium,Synthetic Practice Data
OYO,Bengaluru,Karnataka,Travel,1085,0.106,2023-10-02,Post-IPO,India,4300,Recruiter,Human Resources,Contract,Performance optimization,Startup,Synthetic Practice Data
Moglix,Noida,Uttar Pradesh,E-commerce,460,0.232,2025-11-27,Late Stage,India,,Marketing Executive,Marketing,Contract,Market conditions,Large,Synthetic Practice Data
Accenture India,Chennai,Tamil Nadu,IT Services,87,0.183,2024-09-19,Private,India,0,,Product,Part-time,Market conditions,Small,Synthetic Practice Data
CRED,Mumbai,Maharashtra,FinTech,355,0.2,2026-05-01,Late Stage,India,1000,HR Executive,Human Resources,Intern,Strategic restructuring,Small,Synthetic Practice Data
Swiggy,Bengaluru,Karnataka,Food Delivery,453,0.156,2026-01-21,Post-IPO,India,3600,DevOps Engineer,Engineering,Intern,Merger and acquisition,Large,Synthetic Practice Data
Meesho,Bengaluru,Karnataka,E-commerce,685,0.07,2021-08-03,Late Stage,India,1200,Marketing Executive,Marketing,Contract,Business shutdown,Startup,Synthetic Practice Data
ShareChat,Mumbai,Maharashtra,Social Media,295,0.078,2025-01-12,Late Stage,India,1300,Sales Executive,Sales,Contract,Business shutdown,Medium,Synthetic Practice Data
ShareChat,Mumbai,Maharashtra,Social Media,18,0.125,2022-04-07,Late Stage,India,1300,QA Engineer,Quality Assurance,Contract,Funding issues,Small,Synthetic Practice Data
HCLTech,Chennai,Tamil Nadu,IT Services,397,0.039,2021-10-04,Post-IPO,India,0,Senior Software Engineer,Engineering,Intern,Performance optimization,Large,Synthetic Practice Data
OYO,Gurugram,Haryana,Travel,1116,0.106,2026-04-29,Post-IPO,India,4300,Marketing Executive,Marketing,Intern,Strategic restructuring,Small,Synthetic Practice Data
Infosys,Pune,Maharashtra,IT Services,496,0.244,2022-02-15,Post-IPO,India,0,UI/UX Designer,Design,Part-time,Performance optimization,Small,Synthetic Practice Data
TCS,Mumbai,Maharashtra,IT Services,884,0.107,2026-05-11,Post-IPO,India,0,Recruiter,Human Resources,Full-time,Restructuring,Small,Synthetic Practice Data
Swiggy,Mumbai,Maharashtra,Food Delivery,1187,0.129,2024-06-10,Post-IPO,India,3600,Business Analyst,Business,Contract,Strategic restructuring,Medium,Synthetic Practice Data
Myntra,Mumbai,Maharashtra,E-commerce,654,0.141,2022-09-11,Late Stage,India,500,HR Executive,Human Resources,Full-time,Funding issues,Startup,Synthetic Practice Data
TCS,Mumbai,Maharashtra,IT Services,604,0.076,2022-02-17,Post-IPO,India,0,Recruiter,Human Resources,Contract,Market conditions,Small,Synthetic Practice Data
PhonePe,Bengaluru,Karnataka,FinTech,554,0.116,2021-11-24,Late Stage,India,2200,Data Scientist,Data Science,Intern,Economic slowdown,Startup,Synthetic Practice Data
Flipkart,Kolkata,West Bengal,E-commerce,548,0.066,2025-06-06,Late Stage,India,8700,DevOps Engineer,Engineering,Part-time,Business shutdown,Enterprise,Synthetic Practice Data
Unacademy,Jaipur,Rajasthan,EdTech,132,0.196,2026-07-13,Late Stage,India,800,Product Manager,Product,Full-time,Restructuring,Enterprise,Synthetic Practice Data
Ola,Bengaluru,Karnataka,Transportation,14,0.14,2022-01-22,Late Stage,India,3200,UI/UX Designer,Design,Intern,Market conditions,Startup,Synthetic Practice Data
Tech Mahindra,Kolkata,West Bengal,IT Services,114,0.043,2026-02-26,Post-IPO,India,0,Recruiter,Human Resources,Full-time,Cost cutting,Startup,Synthetic Practice Data
TCS,Bengaluru,Karnataka,IT Services,559,0.117,2026-04-09,Post-IPO,India,0,QA Engineer,Quality Assurance,Intern,Restructuring,Small,Synthetic Practice Data
BYJU'S,Mumbai,Maharashtra,EdTech,459,0.219,2022-04-26,Late Stage,India,5500,Sales Executive,Sales,Full-time,Performance optimization,Small,Synthetic Practice Data
HCLTech,Hyderabad,Telangana,IT Services,640,0.043,2022-08-13,Post-IPO,India,0,Recruiter,Human Resources,Full-time,Performance optimization,Small,Synthetic Practice Data
Wipro,Pune,Maharashtra,IT Services,1103,0.045,2021-02-17,Post-IPO,India,0,Marketing Executive,Marketing,Intern,Restructuring,Enterprise,Synthetic Practice Data
Tech Mahindra,Kolkata,West Bengal,IT Services,898,0.068,2025-08-04,Post-IPO,India,0,Product Manager,Product,Contract,Automation,Enterprise,Synthetic Practice Data
Zomato,Gurugram,Haryana,Food Delivery,709,0.133,2022-06-21,Post-IPO,India,2500,UI/UX Designer,Design,Full-time,Strategic restructuring,Large,Synthetic Practice Data
Swiggy,Bengaluru,Karnataka,Food Delivery,1158,0.079,2024-11-11,Post-IPO,India,3600,Data Scientist,Data Science,Intern,Market conditions,Enterprise,Synthetic Practice Data
Zomato,Mumbai,Maharashtra,Food Delivery,482,0.162,2021-05-09,Post-IPO,India,2500,Senior Software Engineer,Engineering,Intern,Restructuring,Small,Synthetic Practice Data
Unacademy,Jaipur,Rajasthan,EdTech,549,0.148,2024-02-19,Late Stage,India,800,DevOps Engineer,Engineering,Contract,Automation,Enterprise,Synthetic Practice Data
TCS,Chennai,Tamil Nadu,IT Services,847,0.072,2023-04-21,Post-IPO,India,0,UI/UX Designer,Design,Contract,Merger and acquisition,Enterprise,Synthetic Practice Data
Ather Energy,Bengaluru,Karnataka,Automotive,249,0.208,2024-07-30,Late Stage,India,500,data analyst,Analytics,Part-time,Strategic restructuring,Enterprise,Synthetic Practice Data
TCS,Hyderabad,Telangana,IT Services,262,0.072,2023-04-13,Post-IPO,India,0,Operations Executive,Operations,Intern,Performance optimization,Medium,Synthetic Practice Data
OYO,Mumbai,Maharashtra,Travel,653,0.086,2025-11-18,Post-IPO,India,4300,Marketing Executive,Marketing,Part-time,Automation,Large,Synthetic Practice Data
Ola,Chennai,Tamil Nadu,Transportation,111,0.202,2022-04-14,Late Stage,India,3200,Operations Executive,Operations,Intern,Merger and acquisition,Small,Synthetic Practice Data
Ather Energy,Pune,maharashtra,Automotive,445,0.044,2023-10-11,Late Stage,India,500,Operations Executive,Operations,Contract,Business shutdown,Startup,Synthetic Practice Data
Moglix,Mumbai,Maharashtra,E-commerce,592,0.096,2021-04-30,Late Stage,India,650,Recruiter,Human Resources,Intern,Economic slowdown,Small,Synthetic Practice Data
CRED,Mumbai,Maharashtra,FinTech,241,0.188,2025-02-17,Late Stage,India,1000,HR Executive,Human Resources,Full-time,Performance optimization,Enterprise,Synthetic Practice Data
PharmEasy,New Delhi,Delhi,HealthTech,169,0.221,2021-01-14,Late Stage,India,1200,DevOps Engineer,Engineering,Full-time,Performance optimization,Startup,Synthetic Practice Data
Zomato,New Delhi,Delhi,Food Delivery,927,0.098,2022-06-22,Post-IPO,India,2500,Product Manager,Product,Part-time,Merger and acquisition,Small,Synthetic Practice Data
CRED,Mumbai,Maharashtra,FinTech,357,0.21,2025-06-22,Late Stage,India,1000,Product Manager,Product,Intern,Market conditions,Startup,Synthetic Practice Data
Udaan,Bengaluru,Karnataka,E-commerce,393,0.119,2023-09-28,Late Stage,India,1200,HR Executive,Human Resources,Part-time,Merger and acquisition,Large,Synthetic Practice Data
OYO,Bengaluru,Karnataka,Travel,586,0.042,2023-03-08,Post-IPO,India,4300,Sales Executive,Sales,Part-time,Automation,Large,Synthetic Practice Data
Udaan,Mumbai,Maharashtra,E-commerce,281,0.242,2023-07-22,Late Stage,India,1200,Software Engineer,Engineering,Intern,Cost cutting,Enterprise,Synthetic Practice Data
CRED,Mumbai,Maharashtra,FinTech,133,0.244,2022-07-17,Late Stage,India,1000,Marketing Executive,Marketing,Part-time,Funding issues,Small,Synthetic Practice Data
Myntra,Mumbai,Maharashtra,E-commerce,161,0.186,2023-07-05,Late Stage,India,500,Marketing Executive,Marketing,Full-time,Strategic restructuring,Startup,Synthetic Practice Data
Paytm,New Delhi,Delhi,FinTech,697,0.129,2024-06-05,Post-IPO,India,5000,Project Manager,Project Management,Contract,Cost cutting,Startup,Synthetic Practice Data
Tech Mahindra,Bengaluru,Karnataka,IT Services,689,0.136,2025-10-06,Post-IPO,India,0,Data Analyst,Analytics,Intern,Strategic restructuring,Large,Synthetic Practice Data
BYJU'S,Bengaluru,Karnataka,EdTech,537,0.115,2025-02-20,Late Stage,India,5500,DevOps Engineer,Engineering,Intern,Automation,Large,Synthetic Practice Data
tcs,Chennai,Tamil Nadu,IT Services,531,0.118,2024-04-26,Post-IPO,India,0,Project Manager,Project Management,Full-time,Funding issues,Enterprise,Synthetic Practice Data
Razorpay,Gurugram,Haryana,FinTech,92,0.066,2021-10-27,Late Stage,India,800,Senior Software Engineer,Engineering,Part-time,Funding issues,Startup,Synthetic Practice Data
PharmEasy,Mumbai,Maharashtra,HealthTech,422,0.027,2021-11-18,Late Stage,India,1200,Marketing Executive,Marketing,Part-time,Automation,Enterprise,Synthetic Practice Data
OYO,Bengaluru,Karnataka,Travel,627,0.135,2023-02-20,Post-IPO,India,4300,Senior Software Engineer,Engineering,Contract,Market conditions,Small,Synthetic Practice Data
PhonePe,New Delhi,Delhi,FinTech,261,0.08,2023-04-09,Late Stage,India,2200,Product Manager,Product,Contract,Cost cutting,Small,Synthetic Practice Data
OYO,Bengaluru,Karnataka,Travel,840,0.018,2022-01-07,Post-IPO,India,4300,Recruiter,Human Resources,Part-time,Funding issues,Enterprise,Synthetic Practice Data
CRED,Bengaluru,Karnataka,FinTech,39,0.065,2023-12-09,Late Stage,India,1000,Customer Support Executive,Customer Support,Contract,Performance optimization,Enterprise,Synthetic Practice Data
BYJU'S,Gurugram,Haryana,EdTech,464,0.101,2021-06-23,Late Stage,India,5500,Customer Support Executive,Customer Support,Contract,Funding issues,Enterprise,Synthetic Practice Data
Zomato,Gurugram,Haryana,Food Delivery,1186,0.097,2023-03-08,Post-IPO,India,2500,UI/UX Designer,Design,Part-time,Economic slowdown,Small,Synthetic Practice Data
Curefit,Bengaluru,Karnataka,HealthTech,494,0.109,2024-07-02,Late Stage,India,700,UI/UX Designer,Design,Contract,Funding issues,Small,Synthetic Practice Data
PharmEasy,New Delhi,Delhi,HealthTech,12,0.188,2021-08-01,Late Stage,India,1200,Project Manager,Project Management,Intern,Funding issues,Large,Synthetic Practice Data
Infosys,Chennai,Tamil Nadu,IT Services,148,0.081,2023-08-17,Post-IPO,India,0,Finance Analyst,Finance,Contract,Cost cutting,Small,Synthetic Practice Data
Razorpay,Mumbai,Maharashtra,FinTech,51,0.052,2026-01-15,Late Stage,India,800,Software Engineer,Engineering,Contract,Performance optimization,Large,Synthetic Practice Data
PharmEasy,Bengaluru,Karnataka,HealthTech,40,0.049,2021-01-23,Late Stage,India,1200,Project Manager,Project Management,Intern,Funding issues,Small,Synthetic Practice Data
PhonePe,Bengaluru,Karnataka,FinTech,340,0.105,2025-04-02,Late Stage,India,2200,DevOps Engineer,Engineering,Part-time,Restructuring,Large,Synthetic Practice Data
Paytm,Mumbai,Maharashtra,FinTech,709,0.024,2025-04-06,Post-IPO,India,5000,Data Analyst,Analytics,Contract,Restructuring,Medium,Synthetic Practice Data
Swiggy,Mumbai,Maharashtra,Food Delivery,917,0.137,2021-03-12,Post-IPO,India,3600,Finance Analyst,Finance,Contract,Performance optimization,Large,Synthetic Practice Data
Policybazaar,Mumbai,Maharashtra,Financial Services,291,0.246,2022-12-30,Post-IPO,India,800,HR Executive,Human Resources,Part-time,Merger and acquisition,Enterprise,Synthetic Practice Data
Paytm,Mumbai,Maharashtra,FinTech,171,0.19,2024-12-24,Post-IPO,India,5000,QA Engineer,Quality Assurance,Full-time,Automation,Large,Synthetic Practice Data
Zomato,Bengaluru,Karnataka,Food Delivery,113,0.172,2024-03-31,Post-IPO,India,2500,Business Analyst,Business,Full-time,Restructuring,Small,Synthetic Practice Data
Flipkart,Gurugram,Haryana,E-commerce,530,0.057,2025-12-13,Late Stage,India,8700,Marketing Executive,Marketing,Intern,Business shutdown,Medium,Synthetic Practice Data
Udaan,Mumbai,Maharashtra,E-commerce,248,0.227,2024-10-20,Late Stage,India,1200,Customer Support Executive,Customer Support,Intern,Merger and acquisition,Startup,Synthetic Practice Data
Udaan,Bengaluru,Karnataka,E-commerce,210,0.054,2022-09-05,Late Stage,India,1200,Customer Support Executive,Customer Support,Intern,Automation,Startup,Synthetic Practice Data
Razorpay,Mumbai,Maharashtra,FinTech,555,0.058,2024-12-22,Late Stage,India,800,Data Scientist,Data Science,Intern,Business shutdown,Enterprise,Synthetic Practice Data
Myntra,Bengaluru,Karnataka,E-commerce,316,0.246,2022-10-15,Late Stage,India,500,Finance Analyst,Finance,Intern, Cost cutting,Enterprise,Synthetic Practice Data
Udaan,Gurugram,Haryana,E-commerce,524,0.059,2022-12-17,Late Stage,India,1200,Finance Analyst,Finance,Full-time,Automation,Startup,Synthetic Practice Data
TCS,Chennai,Tamil Nadu,IT Services,934,0.116,2024-09-12,Post-IPO,India,0,Marketing Executive,Marketing,Contract,Business shutdown,Enterprise,Synthetic Practice Data
Udaan,Mumbai,Maharashtra,,463,0.053,2021-02-10,Late Stage,India,1200,Sales Executive,Sales,Full-time,Merger and acquisition,Startup,Synthetic Practice Data
Wipro,Hyderabad,Telangana,IT Services,1192,0.102,2022-12-22,Post-IPO,India,0,DevOps Engineer,Engineering,Full-time,Business shutdown,Enterprise,Synthetic Practice Data
Ather Energy,Bengaluru,Karnataka,Automotive,21,0.085,2025-10-02,Late Stage,India,500,UI/UX Designer,Design,Contract,Automation,Enterprise,Synthetic Practice Data
Infosys,Pune,Maharashtra,IT Services,1129,0.025,2022-10-13,Post-IPO,India,0,Sales Executive,Sales,Intern,Strategic restructuring,Enterprise,Synthetic Practice Data
Udaan,Bengaluru,Karnataka,E-commerce,382,0.04,2025-02-13,Late Stage,India,1200,Senior Software Engineer,Engineering,Part-time,Automation,Large,Synthetic Practice Data
Myntra,Gurugram,Haryana,E-commerce,518,0.148,2023-05-25,Late Stage,India,500,HR Executive,Human Resources,Full-time,Merger and acquisition,Enterprise,Synthetic Practice Data
OYO,New Delhi,Delhi,Travel,426,0.08,2022-11-23,Post-IPO,India,4300,DevOps Engineer,Engineering,Intern,Cost cutting,Large,Synthetic Practice Data
OYO,New Delhi,Delhi,Travel,61,0.153,2022-02-24,Post-IPO,India,4300,Software Engineer,Engineering,Full-time,Merger and acquisition,Large,Synthetic Practice Data
PharmEasy,New Delhi,Delhi,HealthTech,528,0.063,2024-07-03,Late Stage,India,1200,Operations Executive,Operations,Part-time,Restructuring,Medium,Synthetic Practice Data
Meesho,Bengaluru,Karnataka,E-commerce,653,0.097,2021-11-02,Late Stage,India,1200,Business Analyst,Business,Part-time,Restructuring,Large,Synthetic Practice Data
HCLTech,Hyderabad,Telangana,IT Services,870,0.037,2022-01-07,Post-IPO,India,0,Sales Executive,Sales,Part-time,Merger and acquisition,Medium,Synthetic Practice Data
Flipkart,Mumbai,Maharashtra,E-commerce,530,0.083,2023-01-01,Late Stage,India,8700,Senior Software Engineer,Engineering,Intern,Merger and acquisition,Medium,Synthetic Practice Data
ShareChat,New Delhi,Delhi,Social Media,119,0.231,2022-09-02,Late Stage,India,1300,Customer Support Executive,Customer Support,Contract,Performance optimization,Small,Synthetic Practice Data
Zomato,Bengaluru,Karnataka,Food Delivery,1077,0.105,2022-06-28,Post-IPO,India,2500,Data Analyst,Analytics,Full-time,Performance optimization,Startup,Synthetic Practice Data
Flipkart,Bengaluru,Karnataka,,636,0.057,2021-04-15,Late Stage,India,8700,DevOps Engineer,Engineering,Contract,Cost cutting,Startup,Synthetic Practice Data
Dream11,Mumbai,Maharashtra,Gaming,336,0.242,2023-02-27,Late Stage,India,1000,Operations Executive,Operations,Part-time,Merger and acquisition,Enterprise,Synthetic Practice Data
Freshworks ,Hyderabad,Telangana,SaaS,668,0.068,2024-01-03,Post-IPO,India,484,Business Analyst,Business,Contract,Economic slowdown,Large,Synthetic Practice Data
HCLTech,Noida,Uttar Pradesh,IT Services,209,0.231,2024-02-25,Post-IPO,India,0,Sales Executive,Sales,Intern,Funding issues,Small,Synthetic Practice Data
Unacademy,Jaipur,Rajasthan,EdTech,511,0.05,2023-02-06,Late Stage,India,800,Data Scientist,Data Science,Contract,Funding issues,Large,Synthetic Practice Data
Moglix,Noida,Uttar Pradesh,E-commerce,438,0.114,2021-04-29,Late Stage,India,650,Marketing Executive,Marketing,Intern,Strategic restructuring,Small,Synthetic Practice Data
Myntra,Bengaluru,Karnataka,E-commerce,180,0.248,2022-06-27,Late Stage,India,500,Customer Support Executive,Customer Support,Full-time,Merger and acquisition,Enterprise,Synthetic Practice Data
Swiggy,Mumbai,Maharashtra,Food Delivery,989,0.12,2021-09-25,Post-IPO,India,3600,Customer Support Executive,Customer Support,Full-time,Strategic restructuring,Large,Synthetic Practice Data
Dream11,Bengaluru,Karnataka,Gaming,474,0.138,2026-04-06,Late Stage,India,1000,Software Engineer,Engineering,Intern,Strategic restructuring,Medium,Synthetic Practice Data
CRED,Mumbai,Maharashtra,FinTech,404,0.165,2023-03-22,Late Stage,India,1000,Data Analyst,Analytics,Full-time,Economic slowdown,Startup,Synthetic Practice Data
Policybazaar,Mumbai,Maharashtra,Financial Services,791,0.092,2021-06-28,Post-IPO,India,800,Data Analyst,Analytics,Full-time,Business shutdown,Small,Synthetic Practice Data
Moglix,Mumbai,Maharashtra,E-commerce,184,0.213,2023-01-12,Late Stage,India,650,UI/UX Designer,Design,Part-time,Business shutdown,Startup,Synthetic Practice Data
BYJU'S,Gurugram,Haryana,EdTech,22,0.066,2021-03-27,Late Stage,India,5500,Business Analyst,Business,Contract,Strategic restructuring,Large,Synthetic Practice Data
Lenskart,New Delhi,Delhi,Retail,378,0.241,2026-01-07,Late Stage,India,1500,Marketing Executive,Marketing,Part-time,Market conditions,Startup,Synthetic Practice Data
Policybazaar,Gurugram,Haryana,Financial Services,965,0.029,2024-01-05,Post-IPO,India,800,Sales Executive,Sales,Intern,Business shutdown,Startup,Synthetic Practice Data
Infosys,Chennai,Tamil Nadu,IT Services,308,0.219,2024-04-19,Post-IPO,India,0,Recruiter,Human Resources,Full-time,Merger and acquisition,Startup,Synthetic Practice Data
PharmEasy,New Delhi,Delhi,HealthTech,450,0.249,2022-08-18,Late Stage,India,1200,UI/UX Designer,Design,Contract,Strategic restructuring,Small,Synthetic Practice Data
BYJU'S,Gurugram,Haryana,EdTech,55,0.064,2021-03-15,Late Stage,India,5500,HR Executive,Human Resources,Intern,Market conditions,Enterprise,Synthetic Practice Data
Ather Energy,Pune,Maharashtra,Automotive,10,0.058,2025-07-26,Late Stage,India,500,Business Analyst,Business,Intern,Strategic restructuring,Medium,Synthetic Practice Data
Infosys,Chennai,Tamil Nadu,IT Services,214,0.215,2021-12-09,Post-IPO,India,0,Software Engineer,Engineering,Part-time,Performance optimization,Medium,Synthetic Practice Data
CRED,Gurugram,Haryana,FinTech,151,0.139,2024-08-24,Late Stage,India,1000,Finance Analyst,Finance,Full-time,Automation,Enterprise,Synthetic Practice Data
Wipro,Pune,Maharashtra,IT Services,558,0.016,2023-09-17,Post-IPO,India,0,Operations Executive,Operations,Intern,Automation,Enterprise,Synthetic Practice Data
Paytm,Bengaluru,Karnataka,FinTech,1048,0.123,2022-09-08,Post-IPO,India,5000,UI/UX Designer,Design,Full-time,Cost cutting,Enterprise,Synthetic Practice Data
CRED,Gurugram,Haryana,FinTech,490,0.2,2023-12-22,Late Stage,India,1000,Data Analyst,Analytics,Full-time,Funding issues,Enterprise,Synthetic Practice Data
Lenskart,Gurugram,Haryana,Retail,453,0.196,2021-05-29,Late Stage,India,1500,Operations Executive,Operations,Intern,merger and acquisition,Enterprise,Synthetic Practice Data
Ather Energy,Pune,Maharashtra,Automotive,263,0.066,2021-03-25,Late Stage,India,500,Senior Software Engineer,Engineering,Full-time,Strategic restructuring,Small,Synthetic Practice Data
ShareChat,Bengaluru,Karnataka,Social Media,191,0.245,2023-11-29,Late Stage,India,1300,Project Manager,Project Management,Contract,Automation,Medium,Synthetic Practice Data
OYO,Gurugram,Haryana,Travel,1060,0.022,2024-10-31,Post-IPO,India,4300,Recruiter,Human Resources,Part-time,Economic slowdown,Large,Synthetic Practice Data
Curefit,Mumbai,Maharashtra,HealthTech,206,0.064,2026-01-12,Late Stage,India,700,QA Engineer,Quality Assurance,Contract,Economic slowdown,Large,Synthetic Practice Data
PharmEasy,Mumbai,Maharashtra,HealthTech,123,0.031,2024-05-31,Late Stage,India,1200,Project Manager,Project Management,Full-time,Restructuring,Medium,Synthetic Practice Data
ShareChat,Bengaluru,Karnataka,Social Media,609,0.019,2023-09-13,Late Stage,India,1300,DevOps Engineer,Engineering,Part-time,Economic slowdown,Large,Synthetic Practice Data
PhonePe,New Delhi,Delhi,FinTech,295,0.152,2025-10-24,Late Stage,India,2200,Sales Executive,Sales,Full-time,Merger and acquisition,Enterprise,Synthetic Practice Data
OYO,Gurugram,Haryana,Travel,608,0.023,2024-11-01,Post-IPO,India,4300,Project Manager,Project Management,Contract,Restructuring,Enterprise,Synthetic Practice Data
PhonePe,Bengaluru,Karnataka,FinTech,250,0.169,2021-12-14,Late Stage,India,2200,Product Manager,Product,Contract,Restructuring,Medium,Synthetic Practice Data
CRED,Bengaluru,Karnataka,FinTech,447,0.164,2026-06-29,Late Stage,India,1000,Project Manager,Project Management,Full-time,Strategic restructuring,Startup,Synthetic Practice Data
Accenture India,Bengaluru,Karnataka,IT Services,53,0.186,2025-12-21,Private,India,0,Customer Support Executive,Customer Support,Part-time,Funding issues,Enterprise,Synthetic Practice Data
Udaan,Mumbai,Maharashtra,E-commerce,264,0.047,2025-09-01,Late Stage,India,1200,HR Executive,Human Resources,Full-time,Strategic restructuring,Enterprise,Synthetic Practice Data
Dream11,Mumbai,Maharashtra,Gaming,618,0.059,2026-04-25,Late Stage,India,1000,Data Scientist,Data Science,Full-time,Strategic restructuring,Startup,Synthetic Practice Data
TCS,Mumbai,Maharashtra,IT Services,734,0.084,2024-12-26,Post-IPO,India,0,Customer Support Executive,Customer Support,Contract,Automation,Large,Synthetic Practice Data
Ather Energy,Chennai,Tamil Nadu,Automotive,342,0.122,2023-12-12,Late Stage,India,,Finance Analyst,Finance,Contract,Economic slowdown,Small,Synthetic Practice Data
Razorpay,Mumbai,Maharashtra,FinTech,52,0.017,2023-02-10,Late Stage,India,800,Sales Executive,Sales,Contract,Cost cutting,Enterprise,Synthetic Practice Data
Ather Energy,Chennai,Tamil Nadu,Automotive,695,0.11,2025-08-27,Late Stage,India,500,Finance Analyst,Finance,Full-time,Merger and acquisition,Startup,Synthetic Practice Data
Flipkart,Kolkata,West Bengal,E-commerce,34,0.097,2024-09-20,Late Stage,India,8700,DevOps Engineer,Engineering,Contract,Cost cutting,Startup,Synthetic Practice Data
Tech Mahindra,Kolkata,West Bengal,IT Services,269,0.033,2022-07-23,Post-IPO,India,0,Recruiter,Human Resources,Full-time,Performance optimization,Startup,Synthetic Practice Data
Wipro,Pune,Maharashtra,IT Services,310,0.206,2022-07-03,Post-IPO,India,0,Sales Executive,Sales,Full-time,Cost cutting,Medium,Synthetic Practice Data
ShareChat,New Delhi,Delhi,Social Media,660,0.136,2022-02-16,Late Stage,India,1300,Data Scientist,Data Science,Full-time,Business shutdown,Small,Synthetic Practice Data
Tech Mahindra,Pune,Maharashtra,IT Services,299,0.046,2026-03-22,Post-IPO,India,0,Senior Software Engineer,Engineering,Part-time,Automation,Large,Synthetic Practice Data
Zomato,Gurugram,Haryana,Food Delivery,1168,0.112,2022-12-27,Post-IPO,India,2500,Product Manager,Product,Intern,Merger and acquisition,Small,Synthetic Practice Data
Meesho,Bengaluru,Karnataka,E-commerce,447,0.04,2024-12-04,Late Stage,India,1200,Product Manager,Product,Intern,cost cutting,Large,Synthetic Practice Data
Dream11,Mumbai,Maharashtra,Gaming,659,0.135,2024-10-03,Late Stage,India,1000,Operations Executive,Operations,Part-time,Merger and acquisition,Medium,Synthetic Practice Data
BYJU'S,Gurugram,Haryana,EdTech,235,0.084,2021-01-13,Late Stage,India,5500,Data Scientist,Data Science,Contract,Performance optimization,Medium,Synthetic Practice Data
Tech Mahindra,Pune,Maharashtra,IT Services,974,0.054,2022-05-10,Post-IPO,India,0,Data Scientist,Data Science,Intern,Merger and acquisition,Medium,Synthetic Practice Data
Moglix,Mumbai,Maharashtra,E-commerce,402,0.104,2021-06-17,Late Stage,India,650,Senior Software Engineer,Engineering,Full-time,Funding issues,Medium,Synthetic Practice Data
Zomato,Bengaluru,Karnataka,Food Delivery,1156,0.041,2023-06-16,Post-IPO,India,2500,QA Engineer,Quality Assurance,Contract,Performance optimization,Large,Synthetic Practice Data
Myntra,Mumbai,Maharashtra,E-commerce,542,0.137,2021-04-07,Late Stage,India,500,Business Analyst,Business,Part-time,Automation,Medium,Synthetic Practice Data
Wipro,Kolkata,West Bengal,IT Services,363,0.128,2025-09-28,Post-IPO,India,0,Marketing Executive,Marketing,Intern,Merger and acquisition,Enterprise,Synthetic Practice Data
Flipkart,Bengaluru,Karnataka,E-commerce,513,0.067,2025-08-31,Late Stage,India,8700,Software Engineer,Engineering,Part-time,Market conditions,Medium,Synthetic Practice Data
Accenture India,Chennai,Tamil Nadu,IT Services,138,0.159,2021-03-24,Private,India,0,Project Manager,Project Management,Part-time,Performance optimization,Large,Synthetic Practice Data
ShareChat,New Delhi,Delhi,Social Media,400,0.195,2021-11-18,Late Stage,India,1300,Senior Software Engineer,Engineering,Contract,Restructuring,Small,Synthetic Practice Data
Ola,Chennai,Tamil Nadu,Transportation,310,0.232,2025-03-17,Late Stage,India,3200,Data Scientist,Data Science,Full-time,Business shutdown,Enterprise,Synthetic Practice Data
Tech Mahindra,Bengaluru,Karnataka,IT Services,500,0.031,2022-09-10,Post-IPO,India,0,Sales Executive,Sales,Contract,Automation,Small,Synthetic Practice Data
Ather Energy,Chennai,Tamil Nadu,Automotive,162,0.056,2022-04-14,Late Stage,India,500,QA Engineer,Quality Assurance,Part-time,Cost cutting,Enterprise,Synthetic Practice Data
Udaan,Mumbai,Maharashtra,E-commerce,230,0.212,2024-09-04,Late Stage,India,1200,HR Executive,Human Resources,Full-time,Economic slowdown,Startup,Synthetic Practice Data
PharmEasy,Mumbai,Maharashtra ,HealthTech,619,0.087,2024-12-20,Late Stage,India,1200,Data Analyst,Analytics,Intern,Strategic restructuring,Medium,Synthetic Practice Data
PhonePe,New Delhi,Delhi,FinTech,89,0.024,2026-07-19,Late Stage,India,2200,Product Manager,Product,Contract,Cost cutting,Small,Synthetic Practice Data
BYJU'S,Bengaluru,Karnataka,EdTech,236,0.113,2023-09-24,Late Stage,India,5500,DevOps Engineer,Engineering,Part-time,Business shutdown,Enterprise,Synthetic Practice Data
Dream11,Mumbai,Maharashtra,,12,0.197,2023-12-23,Late Stage,India,1000,Data Scientist,Data Science,Intern,Automation,Medium,Synthetic Practice Data
TCS,Chennai,Tamil Nadu,IT Services,481,0.23,2025-02-15,Post-IPO,India,0,Business Analyst,Business,Intern,Strategic restructuring,Enterprise,Synthetic Practice Data
Policybazaar,Mumbai,Maharashtra,Financial Services,816,0.145,2021-01-22,Post-IPO,India,800,Senior Software Engineer,Engineering,Contract,Restructuring,Small,Synthetic Practice Data
PharmEasy,Bengaluru,Karnataka,HealthTech,259,0.233,2021-06-16,Late Stage,India,1200,Data Scientist,Data Science,Intern,Economic slowdown,Startup,Synthetic Practice Data
BYJU'S,Bengaluru,Karnataka,EdTech,477,0.051,2026-03-19,Late Stage,India,5500,Product Manager,Product,Full-time,Merger and acquisition,Enterprise,Synthetic Practice Data
Razorpay,Bengaluru,Karnataka,FinTech,589,0.132,,Late Stage,India,800,Data Scientist,Data Science,Part-time,Economic slowdown,Small,Synthetic Practice Data
HCLTech,Noida,Uttar Pradesh,IT Services,474,0.137,2023-06-25,Post-IPO,India,0,QA Engineer,Quality Assurance,Part-time,Automation,Medium,Synthetic Practice Data
Unacademy,New Delhi,Delhi,EdTech,521,0.085,2026-01-15,Late Stage,India,800,DevOps Engineer,Engineering,Part-time,Cost cutting,Startup,Synthetic Practice Data
Accenture India,Mumbai,Maharashtra,IT Services,30,0.107,2021-10-31,Private,India,0,Data Analyst,analytics,Contract,Performance optimization,Enterprise,Synthetic Practice Data
Dream11,Bengaluru,Karnataka,Gaming,463,0.191,2024-01-27,Late Stage,India,1000,Customer Support Executive,Customer Support,Part-time,Economic slowdown,Small,Synthetic Practice Data
PhonePe,Bengaluru,Karnataka,FinTech,633,0.099,2023-09-30,Late Stage,India,2200,Project Manager,Project Management,Full-time,Economic slowdown,Large,Synthetic Practice Data
HCLTech,Bengaluru,Karnataka,IT Services,396,0.209,2023-12-03,Post-IPO,India,0,Marketing Executive,Marketing,Intern,Strategic restructuring,Large,Synthetic Practice Data
Moglix,Noida,Uttar Pradesh,E-commerce,629,0.105,2022-09-18,Late Stage,India,650,Data Scientist,Data Science,Intern,Business shutdown,Enterprise,Synthetic Practice Data
Myntra,Bengaluru,Karnataka,E-commerce,249,0.16,2025-06-28,Late Stage,India,500,Recruiter,Human Resources,Intern,Strategic restructuring,Startup,Synthetic Practice Data
Curefit,Bengaluru,Karnataka,HealthTech,640,0.106,2023-06-09,Late Stage,India,700,Data Analyst,Analytics,Intern,Restructuring,Startup,Synthetic Practice Data
Ola,Mumbai,Maharashtra,Transportation,647,0.015,2022-05-08,Late Stage,India,3200,Operations Executive,Operations,Full-time,Business shutdown,Medium,Synthetic Practice Data
PharmEasy,Bengaluru,Karnataka,HealthTech,382,0.119,2024-09-14,Late Stage,India,1200,Software Engineer,Engineering,Contract,Strategic restructuring,Medium,Synthetic Practice Data
Zomato,Mumbai,Maharashtra,Food Delivery,91,0.011,2021-03-11,Post-IPO,India,2500,Recruiter,Human Resources,Full-time,Automation,Large,Synthetic Practice Data
Paytm,Bengaluru,Karnataka,FinTech,331,0.134,2021-06-01,Post-IPO,India,5000,Marketing Executive,Marketing,Intern,Economic slowdown,Enterprise,Synthetic Practice Data
Ola,Chennai,Tamil Nadu,Transportation,590,0.033,2022-10-07,Late Stage,India,3200,Senior Software Engineer,Engineering,Intern,Business shutdown,Startup,Synthetic Practice Data
Dream11,Bengaluru,Karnataka,Gaming,600,0.079,2024-07-05,Late Stage,India,1000,Operations Executive,Operations,Contract,Merger and acquisition,Medium,Synthetic Practice Data
Zomato,Gurugram,Haryana,Food Delivery,950,0.148,2026-07-17,Post-IPO,India,2500,Recruiter,Human Resources,Part-time,Economic slowdown,Enterprise,Synthetic Practice Data
Meesho,Bengaluru,Karnataka,E-commerce,307,0.237,2025-09-09,Late Stage,India,1200,QA Engineer,Quality Assurance,Full-time,Performance optimization,Small,Synthetic Practice Data
Moglix,Bengaluru,Karnataka,E-commerce,183,0.248,2023-07-09,Late Stage,India,650,QA Engineer, Quality Assurance,Intern,Restructuring,Medium,Synthetic Practice Data
PharmEasy,New Delhi,Delhi,HealthTech,682,0.051,2026-02-12,Late Stage,India,1200,Customer Support Executive,Customer Support,Intern,Restructuring,Enterprise,Synthetic Practice Data
Zomato,Mumbai,Maharashtra,Food Delivery,828,0.087,2025-07-13,Post-IPO,India,2500,UI/UX Designer,Design,Intern,Merger and acquisition,Large,Synthetic Practice Data
Accenture India,Chennai,Tamil Nadu,IT Services,186,0.246,2025-10-04,Private,India,0,QA Engineer,Quality Assurance,Contract,Performance optimization,Enterprise,Synthetic Practice Data
Unacademy,New Delhi,Delhi,EdTech,425,0.023,2023-02-18,Late Stage,India,800,UI/UX Designer,Design,Full-time,Cost cutting,Large,Synthetic Practice Data
Ola,Bengaluru,Karnataka,Transportation,95,0.078,2022-01-12,Late Stage,India,3200,Finance Analyst,Finance,Part-time,Funding issues,Small,Synthetic Practice Data
Meesho,Bengaluru,Karnataka,E-commerce,575,0.059,2023-08-27,Late Stage,India,1200,Product Manager,Product,Part-time,Economic slowdown,Startup,Synthetic Practice Data
Wipro,Kolkata,West Bengal,IT Services,362,0.182,2022-01-21,Post-IPO,India,0,Operations Executive,Operations,Intern,Market conditions,Enterprise,Synthetic Practice Data
Zomato,Mumbai,Maharashtra,Food Delivery,520,0.022,2025-11-15,Post-IPO,India,2500,Product Manager,Product,Full-time,Restructuring,Large,Synthetic Practice Data
OYO,Mumbai,Maharashtra,Travel,725,0.118,2025-06-19,Post-IPO,India,4300,Project Manager,Project Management,Part-time,Economic slowdown,Startup,Synthetic Practice Data
BYJU'S,Gurugram,Haryana,EdTech,229,0.066,2024-01-16,Late Stage,India,5500,Project Manager,Project Management,Intern,Merger and acquisition,Medium,Synthetic Practice Data
Infosys,Bengaluru,Karnataka,IT Services,350,0.175,2022-12-28,Post-IPO,India,0,Customer Support Executive,Customer Support,Contract,Automation,Enterprise,Synthetic Practice Data
HCLTech,Hyderabad,Telangana,IT Services,1169,0.1,2022-08-08,Post-IPO,India,0,Finance Analyst,Finance,Intern,Strategic restructuring,Small,Synthetic Practice Data
PharmEasy,New Delhi,Delhi,HealthTech,74,0.13,2023-06-19,Late Stage,India,1200,Software Engineer,Engineering,Full-time,Funding issues,Large,Synthetic Practice Data
PharmEasy,New Delhi,Delhi,HealthTech,143,0.173,2021-08-09,Late Stage,India,1200,Business Analyst,Business,Contract,Restructuring,Medium,Synthetic Practice Data
Paytm,Noida,Uttar Pradesh,FinTech,1121,0.124,2023-10-22,Post-IPO,India,5000,UI/UX Designer,Design,Part-time,Automation,Large,Synthetic Practice Data
BYJU'S,Mumbai,Maharashtra,EdTech,10,0.05,2024-11-13,Late Stage,India,5500,Software Engineer,Engineering,Full-time,Market conditions,Large,Synthetic Practice Data
Lenskart,Gurugram,Haryana,,306,0.201,2022-08-30,Late Stage,India,1500,Product Manager,Product,Intern,Economic slowdown,Medium,Synthetic Practice Data
Policybazaar,New Delhi,Delhi,Financial Services,409,0.189,2021-09-18,Post-IPO,India,800,Project Manager,Project Management,Full-time,Economic slowdown,Enterprise,Synthetic Practice Data
TCS,Hyderabad,Telangana,IT Services,941,0.135,2022-01-18,Post-IPO,India,0,QA Engineer,Quality Assurance,Part-time,Funding issues,Small,Synthetic Practice Data
Paytm,Bengaluru,Karnataka,FinTech,102,0.243,2023-08-18,Post-IPO,India,5000,Marketing Executive,Marketing,Part-time,Merger and acquisition,Startup,Synthetic Practice Data
Tech Mahindra,Pune,Maharashtra,IT Services,1120,0.036,2021-03-22,Post-IPO,India,0,Recruiter,Human Resources,Full-time,Market conditions,Enterprise,Synthetic Practice Data
Dream11,Bengaluru,Karnataka,Gaming,338,0.08,2025-01-27,Late Stage,India,1000,Finance Analyst,Finance,Intern,Merger and acquisition,Medium,Synthetic Practice Data
Razorpay,Gurugram,Haryana,FinTech,498,0.021,2024-12-11,Late Stage,India,800,Software Engineer,Engineering,intern,Business shutdown,Large,Synthetic Practice Data
BYJU'S,Mumbai,Maharashtra,EdTech,606,0.143,2025-08-12,Late Stage,India,5500,Data Scientist,Data Science,Contract,Economic slowdown,Startup,Synthetic Practice Data
Ola,New Delhi,Delhi,Transportation,622,0.016,2025-11-05,Late Stage,India,3200,Operations Executive,Operations,Full-time,Funding issues,Enterprise,Synthetic Practice Data
OYO,Gurugram,Haryana,Travel,1145,0.055,2022-08-03,Post-IPO,India,4300,Business Analyst,Business,Part-time,Business shutdown,Enterprise,Synthetic Practice Data
Accenture India,Chennai,Tamil Nadu,IT Services,70,0.173,2022-08-19,Private,India,0,DevOps Engineer,Engineering,Contract,Restructuring,Large,Synthetic Practice Data
Tech Mahindra,Hyderabad,Telangana,IT Services,1189,0.106,2023-12-16,Post-IPO,India,0,HR Executive,Human Resources,Full-time,Performance optimization,Small,Synthetic Practice Data
Myntra,Mumbai,Maharashtra,E-commerce,550,0.139,2023-07-31,Late Stage,India,500,Recruiter,Human Resources,Full-time,Performance optimization,Enterprise,Synthetic Practice Data
OYO,Gurugram,Haryana,Travel,1198,0.011,2022-11-06,Post-IPO,India,4300,UI/UX Designer,Design,Full-time,Performance optimization,Medium,Synthetic Practice Data
OYO,Gurugram,Haryana,Travel,776,0.049,2024-02-25,Post-IPO,India,4300,Data Analyst,Analytics,Full-time,Automation,Medium,Synthetic Practice Data
Curefit,Bengaluru,Karnataka,,662,0.125,2021-11-03,Late Stage,India,700,QA Engineer,Quality Assurance,Contract,Strategic restructuring,Enterprise,Synthetic Practice Data
Razorpay,Bengaluru,Karnataka,FinTech,191,0.085,2022-02-14,Late Stage,India,800,QA Engineer,Quality Assurance,Full-time,Restructuring,Medium,Synthetic Practice Data
Flipkart,Kolkata,West Bengal,E-commerce,474,0.163,2025-12-07,Late Stage,India,8700,Operations Executive,Operations,Contract,Restructuring,Medium,Synthetic Practice Data
Lenskart,Mumbai,Maharashtra,Retail,640,0.104,2026-04-24,Late Stage,India,1500,Recruiter,Human Resources,Part-time,Performance optimization,Small,Synthetic Practice Data
Udaan,Mumbai,Maharashtra,E-commerce,12,0.03,2026-08-15,Late Stage,India,1200,Sales Executive,Sales,Part-time,Performance optimization,Small,Synthetic Practice Data
BYJU'S,Bengaluru,Karnataka,EdTech,97,0.012,2022-06-30,Late Stage,India,5500,Sales Executive,Sales,Intern,Funding issues,Large,Synthetic Practice Data
Freshworks,Hyderabad,Telangana,SaaS,1152,0.032,2024-08-13,Post-IPO,India,484,Marketing Executive,Marketing,Part-time,Performance optimization,Startup,Synthetic Practice Data
Flipkart,Mumbai,Maharashtra,E-commerce,602,0.027,2024-02-11,Late Stage,India,8700,Software Engineer,Engineering,Contract,Funding issues,Small,Synthetic Practice Data
Zomato,Mumbai,Maharashtra,Food Delivery,1116,0.05,2022-12-20,Post-IPO,India,2500,Data Scientist,Data Science,Contract,Economic slowdown,Small,Synthetic Practice Data
Myntra,Gurugram,Haryana,E-commerce,250,0.165,2024-03-23,Late Stage,India,500,Senior Software Engineer,Engineering,Full-time,Performance optimization,Startup,Synthetic Practice Data
Swiggy,Mumbai,Maharashtra,Food Delivery,99,0.173,2023-07-01,Post-IPO,India,3600,QA Engineer,Quality Assurance,Intern,Performance optimization,Large,Synthetic Practice Data
Freshworks,Chennai,Tamil Nadu,SaaS,856,0.026,2021-07-05,Post-IPO,India,484,Operations Executive,Operations,Part-time,Cost cutting,Medium,Synthetic Practice Data
Freshworks,Chennai,Tamil Nadu,SaaS,1079,0.058,2023-01-16,Post-IPO,India,484,Operations Executive,Operations,Intern,Economic slowdown,Large,Synthetic Practice Data
Moglix,Bengaluru,Karnataka,E-commerce,404,0.036,2025-09-05,Late Stage,India,650,Customer Support Executive,Customer Support,Intern,Business shutdown,Enterprise,Synthetic Practice Data
Paytm,Noida,Uttar Pradesh,FinTech,480,0.206,2022-08-27,Post-IPO,India,5000,Product Manager,Product,Part-time,Cost cutting,Startup,Synthetic Practice Data
Policybazaar,New Delhi,Delhi,Financial Services,1041,0.069,2025-09-13,Post-IPO,India,800,Sales Executive,Sales,Contract,Funding issues,Medium,Synthetic Practice Data
Accenture India,Bengaluru,Karnataka,IT Services,60,0.12,2024-07-01,Private,India,0,Data Scientist,Data Science,Part-time,Strategic restructuring,Large,Synthetic Practice Data
Ola,Bengaluru,Karnataka,Transportation,413,0.051,2021-07-18,Late Stage,India,3200,UI/UX Designer,Design,Full-time,Automation,Small,Synthetic Practice Data
ShareChat,Bengaluru,Karnataka,Social Media,301,0.249,2023-08-27,Late Stage,India,1300,Customer Support Executive,Customer Support,Part-time,Automation,Small,Synthetic Practice Data
BYJU'S,Gurugram,Haryana,EdTech,458,0.085,2026-07-10,Late Stage,India,5500,Recruiter,Human Resources,Full-time,Restructuring,Large,Synthetic Practice Data
Freshworks,Hyderabad,Telangana,SaaS,1124,0.051,2023-08-06,Post-IPO,India,484,HR Executive,Human Resources,Full-time,Market conditions,Enterprise,Synthetic Practice Data
PhonePe,Mumbai,Maharashtra,FinTech,569,0.036,2021-03-31,Late Stage,India,2200,Data Scientist,Data Science,Intern,Automation,Enterprise,Synthetic Practice Data
TCS,Bengaluru,Karnataka,IT Services,899,0.01,2024-12-16,Post-IPO,India,0,Data Analyst,Analytics,Part-time,Performance optimization,Enterprise,Synthetic Practice Data
Paytm,New Delhi ,Delhi,FinTech,583,0.097,2024-08-24,Post-IPO,India,5000,DevOps Engineer,Engineering,Contract,Market conditions,Enterprise,Synthetic Practice Data
Wipro,Kolkata,West Bengal,IT Services,356,0.12,2025-05-30,Post-IPO,India,0,Recruiter,Human Resources,Intern,Cost cutting,Small,Synthetic Practice Data
Policybazaar,Mumbai,Maharashtra,Financial Services,482,0.147,2024-04-05,Post-IPO,India,800,HR Executive,Human Resources,Intern,Market conditions,Small,Synthetic Practice Data
Tech Mahindra,Bengaluru,Karnataka,IT Services,72,0.035,2025-01-07,Post-IPO,India,0,Data Scientist,Data Science,Full-time,Performance optimization,Enterprise,Synthetic Practice Data
Ather Energy,Pune,Maharashtra,Automotive,231,0.19,2024-02-07,Late Stage,India,,Data Scientist,Data Science,Contract,Strategic restructuring,Enterprise,Synthetic Practice Data
Moglix,Bengaluru,Karnataka,E-commerce,634,0.017,2025-01-07,Late Stage,India,650,Recruiter,Human Resources,Full-time,Strategic restructuring,Startup,Synthetic Practice Data
Infosys,Bengaluru,Karnataka,IT Services,900,0.069,2023-04-09,Post-IPO,India,0,Sales Executive,Sales,Contract,Business shutdown,Enterprise,Synthetic Practice Data
Moglix,bengaluru,Karnataka,E-commerce,478,0.09,2022-06-25,Late Stage,India,650,UI/UX Designer,Design,Intern,Business shutdown,Small,Synthetic Practice Data
Ather Energy,Pune,Maharashtra,Automotive,237,0.193,2022-06-10,Late Stage,India,500,Project Manager,Project Management,Intern,Cost cutting,Enterprise,Synthetic Practice Data
Tech Mahindra,Kolkata,West Bengal,IT Services,507,0.139,2025-12-23,Post-IPO,India,0,Business Analyst,Business,Full-time,Funding issues,Small,Synthetic Practice Data
Freshworks,Bengaluru,Karnataka,SaaS,311,0.024,2023-07-20,Post-IPO,India,484,Marketing Executive,Marketing,Contract,Automation,Medium,Synthetic Practice Data
Flipkart,Gurugram,Haryana,E-commerce,316,0.085,2024-11-20,Late Stage,India,8700,Project Manager,Project Management,Full-time,Market conditions,Large,Synthetic Practice Data
Myntra,Bengaluru,Karnataka,E-commerce,391,0.185,2021-06-19,Late Stage,India,,QA Engineer,Quality Assurance,Contract,Economic slowdown,Enterprise,Synthetic Practice Data
BYJU'S,Gurugram,Haryana,EdTech,382,0.106,2024-03-04,Late Stage,India,5500,UI/UX Designer,Design,Contract,Market conditions,Large,Synthetic Practice Data
Tech Mahindra,Hyderabad,Telangana,it services,258,0.176,2026-06-26,Post-IPO,India,0,Recruiter,Human Resources,Intern,Restructuring,Enterprise,Synthetic Practice Data
Wipro,Hyderabad,Telangana,IT Services,1188,0.062,2025-08-31,Post-IPO,India,0,Business Analyst,Business,Part-time,Restructuring,Large,Synthetic Practice Data
Curefit,Bengaluru,Karnataka,HealthTech,19,0.172,2022-11-30,Late Stage,India,700,QA Engineer,Quality Assurance,Full-time,Funding issues,Medium,Synthetic Practice Data
TCS,Bengaluru,Karnataka,IT Services,1185,0.037,2022-09-14,Post-IPO,India,0,Business Analyst,Business,Intern,Market conditions,Enterprise,Synthetic Practice Data
Wipro,Hyderabad,Telangana,IT Services,364,0.192,2024-01-23,Post-IPO,India,0,,Human Resources,Contract,Strategic restructuring,Enterprise,Synthetic Practice Data
PharmEasy,New Delhi,Delhi,HealthTech,581,0.103,2021-05-26,Late Stage,India,1200,Recruiter,Human Resources,Contract,Cost cutting,Small,Synthetic Practice Data
Ather Energy,Chennai,Tamil Nadu,,109,0.246,2021-03-29,Late Stage,India,500,Data Scientist,Data Science,Full-time,Business shutdown,Small,Synthetic Practice Data
Paytm,Noida,Uttar Pradesh,FinTech,1131,0.075,2021-08-11,Post-IPO,India,5000,Marketing Executive,Marketing,Full-time,Performance optimization,Enterprise,Synthetic Practice Data
Myntra,Bengaluru,Karnataka,E-commerce,412,0.133,2025-03-25,Late Stage,India,500,Software Engineer,Engineering,Full-time,Economic slowdown,Medium,Synthetic Practice Data
Swiggy,New Delhi,Delhi,Food Delivery,901,0.133,2022-05-03,Post-IPO,India,3600,Software Engineer,Engineering,Full-time,Market conditions,Large,Synthetic Practice Data
PhonePe,Bengaluru,Karnataka,FinTech,657,0.06,2024-01-10,Late Stage,India,2200,Operations Executive,Operations,Contract,Performance optimization,Medium,Synthetic Practice Data
Policybazaar,New Delhi,Delhi,Financial Services,1144,0.123,2022-08-27,Post-IPO,India,800,Recruiter,Human Resources,Full-time,Market conditions,Enterprise,Synthetic Practice Data
PharmEasy,Mumbai,Maharashtra,HealthTech,426,0.068,2025-08-08,Late Stage,India,1200,Finance Analyst,Finance,Full-time,Strategic restructuring,Enterprise,Synthetic Practice Data
Myntra,Gurugram,Haryana,,304,0.068,2021-10-13,Late Stage,India,500,Data Scientist,Data Science,Part-time,Merger and acquisition,Small,Synthetic Practice Data
Meesho,Gurugram,Haryana,E-commerce,205,0.232,2022-07-14,Late Stage,India,1200,Data Analyst,Analytics,Intern,Restructuring,Medium,Synthetic Practice Data
Lenskart,Bengaluru,Karnataka,Retail,56,0.067,2024-04-06,Late Stage,India,1500,Data Scientist,Data Science,Full-time,Automation,Enterprise,Synthetic Practice Data
Meesho,Gurugram,Haryana,E-commerce,39,0.104,2024-08-24,Late Stage,India,1200,Marketing Executive,Marketing,Part-time,Economic slowdown,Large,Synthetic Practice Data
PharmEasy,New Delhi,Delhi,HealthTech,101,0.077,2026-08-10,Late Stage,India,1200,Data Analyst,Analytics,Part-time,Restructuring,Enterprise,Synthetic Practice Data
PhonePe,Mumbai,Maharashtra,FinTech,215,0.178,2024-02-03,Late Stage,India,2200,Product Manager,Product,Intern,Automation,Large,Synthetic Practice Data
ShareChat,Mumbai,Maharashtra,Social Media,427,0.224,2022-04-28,Late Stage,India,1300,Software Engineer,Engineering,Part-time,Economic slowdown,Enterprise,Synthetic Practice Data
Tech Mahindra,Kolkata,West Bengal,IT Services,710,0.1,2021-10-12,Post-IPO,India,0,Senior Software Engineer,Engineering,Full-time,Automation,Startup,Synthetic Practice Data
Ather Energy,Bengaluru,Karnataka,Automotive,470,0.173,2022-09-03,Late Stage,India,500,UI/UX Designer,Design,Intern,Funding issues,Startup,Synthetic Practice Data
Infosys,Hyderabad,Telangana,IT Services,856,0.018,2021-11-22,Post-IPO,India,0,Finance Analyst,Finance,Contract,Business shutdown,Enterprise,Synthetic Practice Data
Moglix,Bengaluru,Karnataka,E-commerce,112,0.077,2022-03-01,Late Stage,India,650,UI/UX Designer,Design,Part-time,Cost cutting,Enterprise,Synthetic Practice Data
Dream11 ,Gurugram,Haryana,Gaming,404,0.06,2021-08-23,Late Stage,India,1000,DevOps Engineer,Engineering,Contract,Merger and acquisition,Medium,Synthetic Practice Data
Swiggy,Mumbai,Maharashtra,Food Delivery,1113,0.113,2022-02-06,Post-IPO,India,3600,QA Engineer,Quality Assurance,Full-time,Strategic restructuring,Large,Synthetic Practice Data
Flipkart,Bengaluru,Karnataka,E-commerce,161,0.106,2022-10-28,Late Stage,India,8700,Recruiter,Human Resources,Part-time,Merger and acquisition,Medium,Synthetic Practice Data
TCS,Chennai,Tamil Nadu,IT Services,765,0.079,2025-12-20,Post-IPO,India,0,Recruiter,Human Resources,Intern,Funding issues,Enterprise,Synthetic Practice Data
Paytm,Noida,Uttar Pradesh,FinTech,334,0.245,2024-09-14,Post-IPO,India,5000,Senior Software Engineer,Engineering,Contract,Strategic restructuring,Enterprise,Synthetic Practice Data
Unacademy,New Delhi,Delhi,EdTech,113,0.211,2023-07-13,Late Stage,India,800,Sales Executive,Sales,Intern,Economic slowdown,Large,Synthetic Practice Data
Accenture India,Chennai,Tamil Nadu,IT Services,107,0.194,2024-03-22,Private,India,0,Finance Analyst,Finance,Intern,,Medium,Synthetic Practice Data
Ather Energy,Pune,Maharashtra,Automotive,601,0.03,2025-02-12,Late Stage,India,500,Data Analyst,Analytics,Full-time,Automation,Startup,Synthetic Practice Data
OYO,Bengaluru,Karnataka,Travel,974,0.085,2025-01-11,Post-IPO,India,4300,HR Executive,Human Resources,Intern,Business shutdown,Medium,Synthetic Practice Data
Myntra,Mumbai,Maharashtra,E-commerce,576,0.11,2021-09-07,Late Stage,India,500,Recruiter,Human Resources,Full-time,Business shutdown,Medium,Synthetic Practice Data
Udaan,Bengaluru,Karnataka,E-commerce,671,0.102,2026-08-10,Late Stage,India,1200,Data Analyst,Analytics,Full-time,Cost cutting,Large,Synthetic Practice Data
Meesho,Gurugram,Haryana,E-commerce,312,0.025,2025-06-10,Late Stage,India,1200,Sales Executive,Sales,Part-time,Business shutdown,Startup,Synthetic Practice Data
Lenskart,New Delhi,Delhi,Retail,676,0.121,2025-03-17,Late Stage,India,1500,QA Engineer,Quality Assurance,Part-time,Business shutdown,Enterprise,Synthetic Practice Data
Ather Energy,Chennai,Tamil Nadu,Automotive,425,0.208,2022-03-15,Late Stage,India,500,Data Analyst,Analytics,Full-time,Funding issues,Enterprise,Synthetic Practice Data
BYJU'S,Bengaluru,Karnataka,EdTech,535,0.068,2021-08-25,Late Stage,India,5500,Operations Executive,Operations,Contract,Merger and acquisition,Large,Synthetic Practice Data
Ather Energy,Chennai,Tamil Nadu,Automotive,90,0.051,2024-11-29,Late Stage,India,500,Data Analyst,Analytics,Intern,Merger and acquisition,Enterprise,Synthetic Practice Data
Myntra,Mumbai,Maharashtra,E-commerce,555,0.06,2022-06-29,Late Stage,India,500,Data Analyst,Analytics,Part-time,Market conditions,Startup,Synthetic Practice Data
CRED,Gurugram,Haryana,FinTech,31,0.105,2025-05-08,Late Stage,India,1000,Recruiter,Human Resources,Part-time,Automation,Enterprise,Synthetic Practice Data
Infosys,Chennai,Tamil Nadu,IT Services,589,0.035,2025-11-21,Post-IPO,India,0,Finance Analyst,Finance,Intern,Automation,Startup,Synthetic Practice Data
Razorpay,Gurugram,Haryana,FinTech,478,0.194,2023-09-27,Late Stage,India,800,Customer Support Executive,Customer Support,Contract,Performance optimization,Small,Synthetic Practice Data
Policybazaar,Mumbai,Maharashtra,Financial Services,1121,0.04,2023-12-23,Post-IPO,India,800,QA Engineer,Quality Assurance,Full-time,Economic slowdown,Medium,Synthetic Practice Data
Moglix,Noida,Uttar Pradesh,E-commerce,272,0.228,2021-12-21,Late Stage,India,650,Software Engineer,Engineering,Intern,Merger and acquisition,Enterprise,Synthetic Practice Data
Dream11,Bengaluru,Karnataka,Gaming,680,0.086,2021-10-03,Late Stage,India,1000,Sales Executive,Sales,Full-time,Strategic restructuring,Large,Synthetic Practice Data
OYO,Gurugram,Haryana,Travel,1027,0.049,2023-08-26,Post-IPO,India,4300,Project Manager,Project Management,Intern,Cost cutting,Large,Synthetic Practice Data
Razorpay,Mumbai,Maharashtra,FinTech,499,0.204,2022-11-15,Late Stage,India,800,Project Manager,Project Management,Intern,Restructuring,Small,Synthetic Practice Data
Myntra,Bengaluru,Karnataka,E-commerce,387,0.186,2023-09-08,Late Stage,India,500,Data Scientist,Data Science,Intern,Economic slowdown,Large,Synthetic Practice Data
Wipro,Kolkata,West Bengal,IT Services,655,0.139,2022-11-11,Post-IPO,India,0,Recruiter,Human Resources,Contract,Cost cutting,Startup,Synthetic Practice Data
Razorpay,Gurugram,Haryana,FinTech,409,0.226,2025-01-11,Late Stage,India,800,Business Analyst,Business,Part-time,Automation,Startup,Synthetic Practice Data
Curefit,Mumbai,Maharashtra,,286,0.024,2026-07-22,Late Stage,India,700,Product Manager,Product,Part-time,Automation,Large,Synthetic Practice Data
Wipro,Bengaluru,Karnataka,IT Services,384,0.214,2022-03-24,Post-IPO,India,0,Sales Executive,Sales,Full-time,Restructuring,Medium,Synthetic Practice Data
Freshworks,Chennai,Tamil Nadu,SaaS,521,0.041,2022-02-24,Post-IPO,India,484,Software Engineer,Engineering,Part-time,Merger and acquisition,Startup,Synthetic Practice Data
BYJU'S,Mumbai, Maharashtra,EdTech,679,0.012,2025-07-11,Late Stage,India,5500,QA Engineer,Quality Assurance,Intern,Market conditions,Startup,Synthetic Practice Data
Freshworks,Hyderabad,Telangana,SaaS,1019,0.018,2021-01-25,Post-IPO,India,484,Senior Software Engineer,Engineering,Intern,Strategic restructuring,Large,Synthetic Practice Data
Unacademy,Jaipur,Rajasthan,EdTech,441,0.132,2026-07-23,Late Stage,India,800,Project Manager,Project Management,Full-time,Economic slowdown,Medium,Synthetic Practice Data
Freshworks,Bengaluru,Karnataka,SaaS,1076,0.049,2022-09-07,Post-IPO,India,484,DevOps Engineer,Engineering,Part-time,Market conditions,Large,Synthetic Practice Data
PharmEasy,New Delhi,Delhi,HealthTech,56,0.195,2024-04-11,Late Stage,India,1200,Data Analyst,Analytics,Part-time,Economic slowdown,Large,Synthetic Practice Data
Moglix,Mumbai,Maharashtra,E-commerce,160,0.16,2025-04-23,Late Stage,India,650,Data Analyst,Analytics,Contract,Business shutdown,Small,Synthetic Practice Data
Freshworks,Chennai,Tamil Nadu,SaaS,475,0.219,2023-03-08,Post-IPO,India,484,Project Manager,Project Management,Intern,Merger and acquisition,Enterprise,Synthetic Practice Data
Udaan,Gurugram,Haryana,E-commerce,688,0.104,2026-06-17,Late Stage,India,1200,Product Manager,Product,Contract,Restructuring,Enterprise,Synthetic Practice Data
ShareChat,Bengaluru,Karnataka,Social Media,132,0.096,2022-01-21,Late Stage,India,1300,Software Engineer,Engineering,Intern,Market conditions,Enterprise,Synthetic Practice Data
Freshworks,Bengaluru,Karnataka,SaaS,247,0.231,2021-08-08,Post-IPO,India,484,DevOps Engineer,Engineering,Contract,Performance optimization,Enterprise,Synthetic Practice Data
Paytm,New Delhi,Delhi,FinTech,795,0.096,2024-12-29,Post-IPO,India,5000,Sales Executive,Sales,Intern,Funding issues,Startup,Synthetic Practice Data
TCS,Bengaluru,Karnataka,IT Services,1176,0.07,2021-04-06,Post-IPO,India,0,Data Scientist,Data Science,Part-time,Business shutdown,Enterprise,Synthetic Practice Data
BYJU'S,Gurugram,Haryana,EdTech,464,0.191,2025-08-30,Late Stage,India,5500,DevOps Engineer,Engineering,Contract,Automation,Medium,Synthetic Practice Data
TCS,Hyderabad,Telangana,IT Services,574,0.057,,Post-IPO,India,0,Finance Analyst,Finance,Contract,Automation,Large,Synthetic Practice Data
Razorpay,Gurugram,Haryana,FinTech,430,0.229,2022-02-12,Late Stage,India,800,HR Executive,Human Resources,Full-time,Economic slowdown,Small,Synthetic Practice Data
OYO,Bengaluru,Karnataka,Travel,1129,0.05,2021-03-08,Post-IPO,India,4300,Product Manager,Product,Intern,Economic slowdown,Small,Synthetic Practice Data
CRED,Mumbai,Maharashtra,FinTech,244,0.236,2026-05-29,Late Stage,India,1000,Senior Software Engineer,Engineering,Intern,Market conditions,Medium,Synthetic Practice Data
Tech Mahindra,Bengaluru,Karnataka,IT Services,672,0.13,2021-09-21,Post-IPO,India,0,Customer Support Executive,Customer Support,Intern,Performance optimization,Large,Synthetic Practice Data
Ola,New Delhi,Delhi,Transportation,163,0.054,2022-02-15,Late Stage,India,3200,QA Engineer,,Intern,Restructuring,Enterprise,Synthetic Practice Data
Curefit,Bengaluru,Karnataka,HealthTech,196,0.159,2023-06-24,Late Stage,India,700,Marketing Executive,Marketing,Full-time,Strategic restructuring,Startup,Synthetic Practice Data
CRED,Mumbai,Maharashtra,FinTech,315,0.218,2022-07-21,Late Stage,India,1000,Operations Executive,Operations,Part-time,Automation,Medium,Synthetic Practice Data
Unacademy,Bengaluru,Karnataka,EdTech,385,0.113,2025-02-18,Late Stage,India,800,UI/UX Designer,Design,Full-time,,Large,Synthetic Practice Data
Moglix,Mumbai,Maharashtra,E-commerce,561,0.078,2024-09-23,Late Stage,India,650,Data Analyst,Analytics,Intern,Merger and acquisition,Enterprise,Synthetic Practice Data
CRED,Bengaluru,Karnataka,FinTech,355,0.147,2022-10-04,Late Stage,India,1000,Business Analyst,Business,Contract,Market conditions,Enterprise,Synthetic Practice Data
Myntra,Gurugram,Haryana,E-commerce,201,0.126,2021-09-17,Late Stage,India,500,Product Manager,Product,Part-time,Merger and acquisition,Large,Synthetic Practice Data
Swiggy,Hyderabad,Telangana,Food Delivery,97,0.118,2025-02-18,Post-IPO,India,3600,Sales Executive,Sales,Full-time,Restructuring,Enterprise,Synthetic Practice Data
Unacademy,Bengaluru,Karnataka,EdTech,594,0.142,2024-08-25,Late Stage,India,800,Marketing Executive,Marketing,Contract,Economic slowdown,Enterprise,Synthetic Practice Data
Freshworks,Chennai,Tamil Nadu,SaaS,133,0.218,2021-12-10,Post-IPO,India,484,Finance Analyst,Finance,Full-time,Funding issues,Enterprise,Synthetic Practice Data
TCS,Bengaluru,Karnataka,IT Services,404,0.132,2024-10-26,Post-IPO,India,0,Operations Executive,Operations,Intern,Performance optimization,Enterprise,Synthetic Practice Data
Paytm,Bengaluru,Karnataka,FinTech,281,0.246,2021-04-21,Post-IPO,India,5000,Data Scientist,Data Science,Intern,Market conditions,Enterprise,Synthetic Practice Data
Tech Mahindra,Bengaluru,Karnataka,IT Services,92,0.104,2023-07-12,Post-IPO,India,0,Senior Software Engineer,Engineering,Full-time,Funding issues,Large,Synthetic Practice Data
PharmEasy,New Delhi,Delhi,HealthTech,276,0.047,2021-06-30,Late Stage,India,1200,Customer Support Executive,Customer Support,Contract,Economic slowdown,Large,Synthetic Practice Data
Ather Energy,Pune,Maharashtra,Automotive,483,0.142,2026-02-03,Late Stage,India,500,Customer Support Executive,Customer Support,Intern,Market conditions,Startup,Synthetic Practice Data
PharmEasy,New Delhi,Delhi,HealthTech,95,0.155,2024-01-23,Late Stage,India,1200,QA Engineer,Quality Assurance,Part-time,Automation,Enterprise,Synthetic Practice Data
Swiggy,New Delhi,Delhi,Food Delivery,1085,0.108,2022-05-19,Post-IPO,India,,Business Analyst,Business,Full-time,,Large,Synthetic Practice Data
Unacademy,Bengaluru,Karnataka,EdTech,699,0.025,2025-09-03,Late Stage,India,800,Sales Executive,Sales,Part-time,Strategic restructuring,Medium,Synthetic Practice Data
Policybazaar,Mumbai,Maharashtra,Financial Services,79,0.044,2024-06-19,Post-IPO,India,800,,Engineering,Part-time,Funding issues,Medium,Synthetic Practice Data
Curefit,Mumbai,Maharashtra,HealthTech,551,0.059,2024-03-01,Late Stage,India,700,Finance Analyst,Finance,Full-time,Merger and acquisition,Medium,Synthetic Practice Data
Razorpay,Gurugram,Haryana,FinTech,567,0.119,2024-11-10,Late Stage,India,800,Sales Executive,Sales,Intern,Strategic restructuring,Enterprise,Synthetic Practice Data
ShareChat,Mumbai,Maharashtra,Social Media,519,0.075,2025-06-17,Late Stage,India,1300,Marketing Executive,Marketing,Contract,Funding issues,Large,Synthetic Practice Data
Infosys,Pune,Maharashtra,IT Services,801,0.134,2021-07-02,Post-IPO,India,0,Sales Executive,Sales,Contract,Funding issues,Startup,Synthetic Practice Data
TCS,Mumbai,Maharashtra,IT Services,230,0.138,2025-08-29,Post-IPO,India,0,QA Engineer,Quality Assurance,Part-time,Economic slowdown,Startup,Synthetic Practice Data
Meesho,Mumbai,Maharashtra,E-commerce,653,0.099,2025-12-26,Late Stage,India,1200,Project Manager,Project Management,Intern,Business shutdown,Small,Synthetic Practice Data
Zomato,Gurugram,Haryana,Food Delivery,305,0.236,2026-03-04,Post-IPO,India,2500,Software Engineer,Engineering,Part-time,Funding issues,Medium,Synthetic Practice Data
OYO,Bengaluru,Karnataka,Travel,277,0.113,2021-01-25,Post-IPO,India,4300,Senior Software Engineer,Engineering,Intern,Automation,Enterprise,Synthetic Practice Data
Infosys,Chennai,Tamil Nadu,IT Services,128,0.132,2021-01-21,Post-IPO,India,0,HR Executive,Human Resources,Full-time,Market conditions,Medium,Synthetic Practice Data
PhonePe,New Delhi,Delhi,FinTech,477,0.126,2025-06-18,Late Stage,India,2200,Product Manager,Product,Intern,Strategic restructuring,Startup,Synthetic Practice Data
Meesho,Bengaluru,Karnataka,E-commerce,489,0.121,2022-05-19,Late Stage,India,1200,Project Manager,Project Management,Intern,Market conditions,Large,Synthetic Practice Data
Swiggy,Bengaluru,Karnataka,Food Delivery,455,0.171,2025-06-09,Post-IPO,India,3600,Business Analyst,Business,Part-time,Automation,Small,Synthetic Practice Data
PharmEasy,New Delhi,Delhi,HealthTech,116,0.116,2026-06-01,Late Stage,India,1200,Senior Software Engineer,Engineering,Contract,Strategic restructuring,Large,Synthetic Practice Data
Curefit,Hyderabad,Telangana,HealthTech,683,0.051,2023-11-20,Late Stage,India,700,Project Manager,Project Management,Contract,Market conditions,Small,Synthetic Practice Data
Razorpay,Mumbai,Maharashtra,FinTech,281,0.061,2021-10-12,Late Stage,India,800,Senior Software Engineer,Engineering,Part-time,Automation,Small,Synthetic Practice Data
ShareChat,Bengaluru,Karnataka,Social Media,364,0.056,2023-02-12,Late Stage,India,1300,Product Manager,Product,Intern,Restructuring,Startup,Synthetic Practice Data
Curefit,Hyderabad,Telangana,HealthTech,509,0.066,2026-06-22,Late Stage,India,700,HR Executive,Human Resources,Full-time,Performance optimization,Startup,Synthetic Practice Data
Policybazaar,New Delhi,Delhi,Financial Services,925,0.094,2021-06-18,Post-IPO,India,800,Operations Executive,Operations,Contract,Merger and acquisition,Small,Synthetic Practice Data
Wipro,Bengaluru,Karnataka,IT Services,672,0.047,2022-03-05,Post-IPO,India,0,HR Executive,Human Resources,Full-time,Restructuring,Medium,Synthetic Practice Data
OYO,Bengaluru,Karnataka,Travel,771,0.099,2024-04-10,Post-IPO,India,4300,Customer Support Executive,Customer Support,Full-time,Automation,Small,Synthetic Practice Data
BYJU'S,Mumbai,Maharashtra,EdTech,582,0.059,2024-03-10,Late Stage,India,5500,Finance Analyst,Finance,Part-time,Market conditions,Medium,Synthetic Practice Data
PharmEasy,Bengaluru,Karnataka,HealthTech,628,0.042,2024-11-27,Late Stage,India,1200,Recruiter,Human Resources,Full-time,Merger and acquisition,Small,Synthetic Practice Data
Zomato,New Delhi,Delhi,Food Delivery,235,0.095,2023-02-28,Post-IPO,India,2500,Marketing Executive,Marketing,Contract,Funding issues,Large,Synthetic Practice Data
Infosys,Pune,Maharashtra,IT Services,915,0.035,2021-04-09,Post-IPO,India,0,Software Engineer,Engineering,Part-time,Merger and acquisition,Medium,Synthetic Practice Data
Myntra,Gurugram,Haryana,E-commerce,338,0.101,2024-01-01,Late Stage,India,500,Business Analyst,Business,Contract,Merger and acquisition,Large,Synthetic Practice Data
Ola,Mumbai,Maharashtra,Transportation,551,0.101,2025-06-26,Late Stage,India,3200,Marketing Executive,Marketing,Contract,Business shutdown,Small,Synthetic Practice Data
PhonePe,New Delhi,Delhi,FinTech,178,0.133,2025-08-04,Late Stage,India,2200,QA Engineer,Quality Assurance,Full-time,Restructuring,Medium,Synthetic Practice Data
CRED,Bengaluru,Karnataka,FinTech,338,0.2,2021-04-24,Late Stage,India,1000,Customer Support Executive,Customer Support,Full-time,Performance optimization,Medium,Synthetic Practice Data
Flipkart,Gurugram,Haryana,E-commerce,627,0.033,2025-04-05,Late Stage,India,8700,QA Engineer,Quality Assurance,Full-time,Restructuring,Small,Synthetic Practice Data
PhonePe,Bengaluru,Karnataka,FinTech,19,0.071,2021-02-14,Late Stage,India,2200,Recruiter,Human Resources,Full-time ,Funding issues,Small,Synthetic Practice Data
Ather Energy,Chennai,Tamil Nadu,Automotive,332,0.193,2024-12-28,Late Stage,India,500,Marketing Executive,Marketing,Contract,Economic slowdown,Startup,Synthetic Practice Data
TCS,Mumbai,Maharashtra,IT Services,1062,0.046,2025-09-21,Post-IPO,India,0,Business Analyst,,Contract,Automation,Enterprise,Synthetic Practice Data
Ola,Bengaluru,Karnataka,Transportation,524,0.011,2023-09-06,Late Stage,India,3200,Marketing Executive,Marketing,Part-time,,Small,Synthetic Practice Data
Infosys, Pune,Maharashtra,IT Services,674,0.059,2023-11-14,Post-IPO,India,0,Senior Software Engineer,Engineering,Intern,Automation,Large,Synthetic Practice Data
Accenture India, Hyderabad,Telangana,IT Services,85,0.16,2022-11-28,Private,India,0,Product Manager,Product,Part-time,Strategic restructuring,Enterprise,Synthetic Practice Data
Flipkart,Gurugram,Haryana,E-commerce,583,0.134,2025-07-23,Late Stage,India,8700,QA Engineer,Quality Assurance,Part-time,Strategic restructuring,Small,Synthetic Practice Data
BYJU'S,Gurugram,Haryana,EdTech,517,0.084,2021-12-10,Late Stage,India,5500,Product Manager,Product,Contract,Business shutdown,Large,Synthetic Practice Data
Flipkart,Bengaluru,Karnataka,E-commerce,519,0.035,2021-06-26,Late Stage,India,8700,Data Analyst,Analytics,Intern,Cost cutting,Medium,Synthetic Practice Data
ShareChat,Bengaluru,Karnataka,Social Media,119,0.048,2021-11-18,Late Stage,India,1300,Sales Executive,Sales,Contract,Automation,Enterprise,Synthetic Practice Data
TCS,Chennai,Tamil Nadu,IT Services,568,0.133,2023-12-20,Post-IPO,India,0,Product Manager,Product,Part-time,Business shutdown,Large,Synthetic Practice Data
Wipro,,West Bengal,IT Services,939,0.12,2023-07-31,Post-IPO,India,0,Finance Analyst,Finance,Contract,Strategic restructuring,Small,Synthetic Practice Data
ShareChat,Mumbai,Maharashtra,Social Media,253,0.172,2022-11-17,Late Stage,India,1300,Customer Support Executive,Customer Support,Intern,Performance optimization,Enterprise,Synthetic Practice Data
Policybazaar,Mumbai,Maharashtra,Financial Services,1043,0.145,2023-06-29,Post-IPO,India,800,Finance Analyst,Finance,Contract,Market conditions,Large,Synthetic Practice Data
Dream11,Bengaluru,Karnataka,Gaming,624,0.104,2026-08-30,Late Stage,India,1000,Project Manager,Project Management,Contract,Economic slowdown,Large,Synthetic Practice Data
Unacademy,New Delhi,Delhi,EdTech,501,0.09,2023-10-14,Late Stage,India,800,Senior Software Engineer,Engineering,Intern,Performance optimization,Small,Synthetic Practice Data
Wipro,Kolkata,West Bengal,IT Services,120,0.139,2025-01-23,Post-IPO,India,0,Sales Executive,Sales,Full-time,Merger and acquisition,Small,Synthetic Practice Data
PhonePe,Bengaluru,Karnataka,FinTech,379,0.232,2021-12-14,Late Stage,India,2200,Recruiter,Human Resources,Full-time,Cost cutting,Enterprise,Synthetic Practice Data
Razorpay,Mumbai,Maharashtra,FinTech,428,0.224,2022-05-25,Late Stage,India,800,HR Executive,Human Resources,Full-time,Market conditions,Enterprise,Synthetic Practice Data
Infosys,Bengaluru,Karnataka,IT Services,301,0.116,2023-10-18,Post-IPO,India,0,Project Manager,Project Management,Intern,Merger and acquisition,Startup,Synthetic Practice Data
Meesho,Bengaluru,Karnataka,E-commerce,637,0.135,2025-12-23,Late Stage,India,1200,DevOps Engineer,Engineering,Part-time,Cost cutting,Small,Synthetic Practice Data
Curefit,Bengaluru,Karnataka,HealthTech,15,0.101,2024-11-12,Late Stage,India,700,Data Analyst,Analytics,Part-time,Restructuring,Large,Synthetic Practice Data
PhonePe,New Delhi,Delhi,FinTech,197,0.036,2024-04-30,Late Stage,India,2200,Marketing Executive,Marketing,Contract,Performance optimization,Medium,Synthetic Practice Data
TCS,Hyderabad,Telangana,IT Services,440,0.142,2023-09-03,Post-IPO,India,0,HR Executive,Human Resources,Full-time,Market conditions,Large,Synthetic Practice Data
Infosys,Bengaluru,Karnataka,IT Services,601,0.034,2023-12-10,Post-IPO,India,0,Business Analyst,Business,Contract,Economic slowdown,Medium,Synthetic Practice Data
Tech Mahindra,Hyderabad,Telangana,IT Services,874,0.074,2021-11-09,Post-IPO,India,0,Business Analyst,Business,Full-time,Restructuring,Small,Synthetic Practice Data
Paytm,New Delhi,Delhi,FinTech,864,0.132,2025-03-19,Post-IPO,India,5000,QA Engineer,Quality Assurance,Contract,Performance optimization,Startup,Synthetic Practice Data
Dream11,Mumbai,Maharashtra,Gaming,510,0.127,2021-04-16,Late Stage,India,1000,Business Analyst,Business,Full-time,Funding issues,Small,Synthetic Practice Data
Ather Energy,Bengaluru,Karnataka,Automotive,610,0.146,2021-11-26,Late Stage,India,500,Marketing Executive,Marketing,Intern,merger and acquisition,Small,Synthetic Practice Data
Zomato,Mumbai,Maharashtra,Food Delivery,782,0.103,2025-11-12,Post-IPO,India,2500,Product Manager,Product,Part-time,Restructuring,Startup,Synthetic Practice Data
Swiggy,Mumbai,Maharashtra,Food Delivery,319,0.213,2024-04-23,Post-IPO,India,3600,HR Executive,Human Resources,Part-time,Performance optimization,Enterprise,Synthetic Practice Data
 Dream11,Gurugram,Haryana,Gaming,433,0.233,2021-08-18,Late Stage,India,1000,Recruiter,Human Resources,Intern,Merger and acquisition,Medium,Synthetic Practice Data
Curefit,Hyderabad,Telangana,HealthTech,217,0.245,2024-04-20,Late Stage,India,700,Software Engineer,Engineering,Contract,Business shutdown,Large,Synthetic Practice Data
Lenskart,Gurugram,Haryana,Retail,162,0.203,2023-07-23,Late Stage,India,1500,Product Manager,Product,Intern,Funding issues,Medium,Synthetic Practice Data
ShareChat,Mumbai,Maharashtra,Social Media,243,0.143,,Late Stage,India,1300,Senior Software Engineer,Engineering,Contract,Cost cutting,Small,Synthetic Practice Data
Tech Mahindra,Pune,Maharashtra,IT Services,385,0.08,2022-02-24,Post-IPO,India,0,Business Analyst,Business,Part-time,Economic slowdown,Enterprise,Synthetic Practice Data
HCLTech,Hyderabad,Telangana,IT Services,1119,0.072,2021-01-03,Post-IPO,India,0,Operations Executive,Operations,Intern,Business shutdown,Large,Synthetic Practice Data
Policybazaar,New Delhi,Delhi,Financial Services,427,0.14,2024-09-28,Post-IPO,India,800,Data Scientist,Data Science,Full-time,Strategic restructuring,Small,Synthetic Practice Data
Ather Energy,Bengaluru,Karnataka,Automotive,649,0.121,2022-08-02,Late Stage,India,500,Customer Support Executive,Customer Support,Full-time,Automation,Small,Synthetic Practice Data
 Ola,Bengaluru,Karnataka,Transportation,553,0.033,2022-10-13,Late Stage,India,3200,Sales Executive,Sales,Contract,Restructuring,Small,Synthetic Practice Data
Tech Mahindra,Hyderabad,Telangana,IT Services,121,0.074,2021-06-07,Post-IPO,India,0,Data Scientist,Data Science,Contract,Economic slowdown,Enterprise,Synthetic Practice Data
Ola,Mumbai,Maharashtra,Transportation,112,0.09,2024-10-06,Late Stage,India,3200,Data Analyst,Analytics,Full-time,Automation,Large,Synthetic Practice Data
Dream11,Bengaluru,Karnataka,Gaming,139,0.025,2021-12-23,Late Stage,India,1000,Software Engineer,Engineering,Contract,Economic slowdown,Large,Synthetic Practice Data
BYJU'S,Gurugram,Haryana,EdTech,494,0.212,2023-11-01,Late Stage,India,5500,Customer Support Executive,Customer Support,Intern,,Enterprise,Synthetic Practice Data
OYO,Mumbai,Maharashtra,Travel,1033,0.116,2024-03-18,Post-IPO,India,4300,Product Manager,Product,Intern,,Small,Synthetic Practice Data
Swiggy,Mumbai,Maharashtra,Food Delivery,330,0.067,2022-08-07,Post-IPO,India,3600,Marketing Executive,Marketing,Full-time,Business shutdown,Medium,Synthetic Practice Data
Wipro,Bengaluru,Karnataka,IT Services,779,0.052,2021-12-21,Post-IPO,India,0,Software Engineer,Engineering,Intern,Restructuring,Small,Synthetic Practice Data
Dream11,Gurugram,Haryana,Gaming,412,0.043,2024-01-04,Late Stage,India,1000,Marketing Executive, Marketing,Intern,Automation,Small,Synthetic Practice Data
Ather Energy,Chennai,Tamil Nadu,Automotive,125,0.03,2022-03-14,Late Stage,India,500,Business Analyst,Business,Contract,Performance optimization,Small,Synthetic Practice Data
PharmEasy,New Delhi,Delhi,HealthTech,254,0.059,2021-10-12,Late Stage,India,1200,Finance Analyst,Finance,Part-time,Economic slowdown,Small,Synthetic Practice Data
Flipkart,Mumbai,Maharashtra,E-commerce,47,0.073,2026-06-24,Late Stage,India,8700,HR Executive,Human Resources,Contract,Merger and acquisition,Enterprise,Synthetic Practice Data
Myntra,Bengaluru,Karnataka,E-commerce,20,0.018,2024-02-14,Late Stage,India,500,Senior Software Engineer,Engineering,Contract,Strategic restructuring,Large,Synthetic Practice Data
Paytm,Bengaluru,Karnataka,FinTech,302,0.154,2022-05-07,Post-IPO,India,5000,Project Manager,Project Management,Contract,Economic slowdown,Medium,Synthetic Practice Data
PhonePe,Mumbai,Maharashtra,FinTech,611,0.137,2024-10-21,Late Stage,India,2200,Product Manager,Product,Contract,Strategic restructuring,Large,Synthetic Practice Data
Swiggy,New Delhi,Delhi,Food Delivery,267,0.186,2024-07-16,Post-IPO,India,3600,Project Manager,,Contract,Restructuring,Enterprise,Synthetic Practice Data
Freshworks,Hyderabad,Telangana,SaaS,288,0.098,2025-01-15,Post-IPO,India,484,Recruiter,Human Resources,Intern,Strategic restructuring,Large,Synthetic Practice Data
Razorpay,Mumbai,Maharashtra,FinTech,112,0.179,2023-04-24,Late Stage,India,800,QA Engineer,Quality Assurance,Intern,Funding issues,Large,Synthetic Practice Data
Tech Mahindra,Bengaluru,Karnataka,IT Services,172,0.244,2025-01-30,Post-IPO,India,0,Recruiter,Human Resources,Intern,Restructuring,Large,Synthetic Practice Data
Myntra,Gurugram,Haryana,E-commerce,167,0.213,2022-06-15,Late Stage,India,500,Customer Support Executive,Customer Support,Intern,Funding issues,Enterprise,Synthetic Practice Data
Meesho,Bengaluru,Karnataka,E-commerce,382,0.11,2024-09-15,Late Stage,India,1200,Data Analyst,,Part-time,Funding issues,Large,Synthetic Practice Data
OYO,New Delhi,Delhi,Travel,1129,0.08,2024-05-28,Post-IPO,India,4300,Project Manager,Project Management,Part-time,Economic slowdown,Medium,Synthetic Practice Data
Dream11,Mumbai,Maharashtra,Gaming,346,0.193,2024-05-10,Late Stage,India,1000,Operations Executive,Operations,Full-time,Business shutdown,Medium,Synthetic Practice Data
Swiggy,Mumbai,Maharashtra,Food Delivery,509,0.048,2021-11-14,Post-IPO,India,3600,Project Manager,Project Management,Intern,Business shutdown,Small,Synthetic Practice Data
Paytm,Noida,Uttar Pradesh,FinTech,127,0.049,2025-09-21,Post-IPO,India,5000,data scientist,Data Science,Part-time,Merger and acquisition,Startup,Synthetic Practice Data
Curefit,Mumbai,Maharashtra, HealthTech,152,0.13,2025-12-25,Late Stage,India,700,DevOps Engineer,Engineering,Contract,Economic slowdown,Medium,Synthetic Practice Data
Infosys,Bengaluru,Karnataka,IT Services,362,0.02,2026-05-30,Post-IPO,India,0,Operations Executive,Operations,Part-time,Business shutdown,Enterprise,Synthetic Practice Data
Swiggy,Hyderabad,Telangana,Food Delivery,434,0.075,2023-08-27,Post-IPO,India,3600,QA Engineer,Quality Assurance,Full-time,Automation,Enterprise,Synthetic Practice Data
Swiggy,New Delhi,Delhi,Food Delivery,503,0.067,2022-04-11,Post-IPO,India,3600,Data Scientist,Data Science,Part-time,Economic slowdown,Small,Synthetic Practice Data
OYO,Mumbai,Maharashtra,Travel,790,0.126,2023-09-22,Post-IPO,India,4300,Business Analyst,Business,Intern,Restructuring,Large,Synthetic Practice Data
CRED,Bengaluru,Karnataka,FinTech,78,0.199,2021-01-23,Late Stage,India,1000,Data Analyst,Analytics,Intern,Business shutdown,Small,Synthetic Practice Data
Infosys,Chennai,Tamil Nadu,IT Services,869,0.125,2025-09-14,Post-IPO,India,0,HR Executive,Human Resources,Part-time,Economic slowdown,Small,Synthetic Practice Data
Myntra,Bengaluru,Karnataka,E-commerce,365,0.131,2021-01-21,Late Stage,India,500,QA Engineer,Quality Assurance,Part-time,Economic slowdown,Enterprise,Synthetic Practice Data
Ola,Chennai,Tamil Nadu,Transportation,475,0.223,2021-06-13,Late Stage,India,3200,Marketing Executive,Marketing,Intern,Funding issues,Startup,Synthetic Practice Data
Udaan,Mumbai,Maharashtra,E-commerce,402,0.213,2024-01-15,Late Stage,India,1200,QA Engineer,Quality Assurance,Full-time,Cost cutting,Small,Synthetic Practice Data
Unacademy,New Delhi,Delhi,EdTech,180,0.106,2024-01-06,Late Stage,India,800,UI/UX Designer,Design,Part-time,Restructuring,Startup,Synthetic Practice Data
ShareChat,New Delhi,Delhi,Social Media,21,0.06,2023-10-20,Late Stage,India,1300,Recruiter,Human Resources,Intern,Restructuring,Medium,Synthetic Practice Data
Wipro,Pune,Maharashtra,IT Services,356,0.186,2023-10-01,Post-IPO,India,0,Operations Executive,Operations,Part-time,Market conditions,Small,Synthetic Practice Data
Ather Energy,Chennai,Tamil Nadu,Automotive,686,0.047,2025-04-16,Late Stage,India,500,Data Analyst,Analytics,Intern,Strategic restructuring,Large,Synthetic Practice Data
Swiggy,Hyderabad,Telangana,Food Delivery,328,0.028,2025-07-24,Post-IPO,India,3600,HR Executive,Human Resources,Part-time,Cost cutting,Medium,Synthetic Practice Data
Ather Energy,Pune,Maharashtra,Automotive,167,0.169,2024-10-02,Late Stage,India,500,Finance Analyst,Finance,Full-time,Economic slowdown,Startup,Synthetic Practice Data
Lenskart,Gurugram,Haryana,Retail,518,0.134,2023-09-03,Late Stage,India,1500,UI/UX Designer,Design,Part-time,Strategic restructuring,Startup,Synthetic Practice Data
Swiggy,New Delhi,Delhi,Food Delivery,95,0.031,2024-10-25,Post-IPO,India,3600,Senior Software Engineer,Engineering,Full-time,Automation,Small,Synthetic Practice Data
Curefit,Hyderabad,Telangana,HealthTech,51,0.091,2023-12-19,Late Stage,India,700,QA Engineer,Quality Assurance,Intern,Economic slowdown,Small,Synthetic Practice Data
TCS,Mumbai,Maharashtra,IT Services,774,0.075,2022-08-28,Post-IPO,India,0,Customer Support Executive,Customer Support,Full-time,Automation,Large,Synthetic Practice Data
HCLTech,Noida,Uttar Pradesh,IT Services,272,0.054,2026-02-13,Post-IPO,India,0,Recruiter,Human Resources,Contract,Merger and acquisition,Enterprise,Synthetic Practice Data
Ola,New Delhi,Delhi,Transportation,575,0.121,2024-07-09,Late Stage,India,3200,Software Engineer,Engineering,Full-time,Economic slowdown,Enterprise,Synthetic Practice Data
Policybazaar,New Delhi,Delhi,Financial Services,579,0.072,2025-08-01,Post-IPO,India,800,Operations Executive,Operations,Full-time,Business shutdown,Small,Synthetic Practice Data
Swiggy,Bengaluru,Karnataka,Food Delivery,746,0.07,2026-07-18,Post-IPO,India,3600,Customer Support Executive,Customer Support,Full-time,Merger and acquisition,Small,Synthetic Practice Data
PharmEasy,Bengaluru,Karnataka,HealthTech,325,0.089,2024-08-19,Late Stage,India,1200,Project Manager,Project Management,Full-time,Cost cutting,Startup,Synthetic Practice Data
Tech Mahindra,Hyderabad,Telangana,IT Services,916,0.016,2025-02-01,Post-IPO,India,0,Data Scientist,Data Science,Contract,Performance optimization,Large,Synthetic Practice Data
HCLTech,Noida,Uttar Pradesh,IT Services,142,0.087,2025-06-20,Post-IPO,India,0,Operations Executive,Operations,Intern,Cost cutting,Medium,Synthetic Practice Data
HCLTech,Hyderabad,Telangana,IT Services,205,0.094,2022-06-07,Post-IPO,India,0,Project Manager,Project Management,Contract,Economic slowdown,Large,Synthetic Practice Data
Accenture India,Chennai,Tamil Nadu,IT Services,62,0.024,2022-09-03,Private,India,0,Customer Support Executive,Customer Support,Full-time,Merger and acquisition,Startup,Synthetic Practice Data
Udaan,Bengaluru,Karnataka,E-commerce,615,0.037,2024-12-06,Late Stage,India,1200,Customer Support Executive,Customer Support,Intern,Restructuring,Small,Synthetic Practice Data
Paytm,Noida,Uttar Pradesh,FinTech,1029,0.064,2021-06-27,Post-IPO,India,5000,Marketing Executive,Marketing,Intern,Market conditions,Medium,Synthetic Practice Data
Razorpay,Gurugram,Haryana,FinTech,13,0.083,2026-05-29,Late Stage,India,800,DevOps Engineer,Engineering,Contract,Restructuring,Enterprise,Synthetic Practice Data
CRED,Bengaluru,Karnataka,FinTech,282,0.21,2021-10-20,Late Stage,India,1000,Product Manager,Product,Contract,Cost cutting,Small,Synthetic Practice Data
Ather Energy,Chennai,Tamil Nadu,Automotive,77,0.073,2025-05-03,Late Stage,India,500,Senior Software Engineer,Engineering,Part-time,Business shutdown,Medium,Synthetic Practice Data
Dream11,Bengaluru,Karnataka,Gaming,457,0.073,2022-06-02,Late Stage,India,1000,UI/UX Designer,Design,Contract,Merger and acquisition,Startup,Synthetic Practice Data
OYO,Gurugram,Haryana,Travel,258,0.023,2026-05-09,Post-IPO,India,4300,Software Engineer,Engineering,Intern,Automation,Large,Synthetic Practice Data
Ather Energy,Pune,Maharashtra,Automotive,272,0.168,2026-02-14,Late Stage,India,500,DevOps Engineer,Engineering,Full-time,Business shutdown,Medium,Synthetic Practice Data
Paytm,New Delhi,Delhi,FinTech,1008,0.049,2022-07-21,Post-IPO,India,5000,DevOps Engineer,Engineering,Full-time,Performance optimization,Medium,Synthetic Practice Data
PhonePe,Bengaluru,Karnataka,FinTech,10,0.164,2021-03-16,Late Stage,India,2200,,Engineering,Intern,Business shutdown,Small,Synthetic Practice Data
Zomato,New Delhi,Delhi,Food Delivery,299,0.155,2023-11-19,Post-IPO,India,2500,Business Analyst,Business,Intern,Market conditions,Large,Synthetic Practice Data
Zomato,Bengaluru,Karnataka,Food Delivery,645,0.099,2021-12-23,Post-IPO,India,2500,Customer Support Executive,Customer Support,Contract,Business shutdown,Large,Synthetic Practice Data
Policybazaar,New Delhi,Delhi,Financial Services,389,0.116,2021-02-07,Post-IPO,India,800,Project Manager,Project Management,Contract,Funding issues,Medium,Synthetic Practice Data
ShareChat,Bengaluru,Karnataka,Social Media,130,0.241,2022-08-10,Late Stage,India,1300,Senior Software Engineer,Engineering,Contract,Market conditions,Startup,Synthetic Practice Data
Razorpay,Bengaluru,Karnataka,FinTech,285,0.172,2021-02-20,Late Stage,India,800,Project Manager,Project Management,Part-time,Restructuring,Medium,Synthetic Practice Data
PhonePe,Bengaluru,Karnataka,FinTech,516,0.094,2026-04-12,Late Stage,India,2200,Senior Software Engineer,Engineering,Part-time,Business shutdown,Enterprise,Synthetic Practice Data
ShareChat,New Delhi,Delhi,Social Media,541,0.049,2024-07-11,Late Stage,India,1300,Business Analyst,Business,Intern,Restructuring,Medium,Synthetic Practice Data
Flipkart,Gurugram,Haryana,,259,0.03,2022-10-22,Late Stage,India,8700,Customer Support Executive,Customer Support,Full-time,Economic slowdown,Enterprise,Synthetic Practice Data
 Unacademy,Jaipur,Rajasthan,EdTech,337,0.131,2024-07-10,Late Stage,India,800,Data Analyst,Analytics,Part-time,Strategic restructuring,Enterprise,Synthetic Practice Data
Swiggy,Bengaluru,Karnataka,Food Delivery,1058,0.098,2025-07-18,Post-IPO,India,3600,DevOps Engineer,Engineering,Full-time,Strategic restructuring,Small,Synthetic Practice Data
Udaan,Mumbai,Maharashtra, E-commerce,119,0.054,2021-05-05,Late Stage,India,1200,Sales Executive,Sales,Intern,Restructuring,Medium,Synthetic Practice Data
Zomato,Gurugram,Haryana,Food Delivery,225,0.226,2021-06-16,Post-IPO,India,2500,HR Executive,,Part-time,Business shutdown,Large,Synthetic Practice Data
Unacademy,Bengaluru,Karnataka,EdTech,153,0.192,2025-09-09,Late Stage,India,800,UI/UX Designer,Design,Intern,Market conditions,Startup,Synthetic Practice Data
Lenskart,Bengaluru,Karnataka,Retail,29,0.012,2024-08-13,Late Stage,India,1500,Software Engineer,Engineering,Intern,Market conditions,Small,Synthetic Practice Data
Policybazaar,New Delhi,Delhi,Financial Services,1082,0.142,2023-06-06,Post-IPO,India,800,Data Analyst,Analytics,Contract,Market conditions,Large,Synthetic Practice Data
Freshworks,Chennai,Tamil Nadu,SaaS,74,0.171,2024-05-20,Post-IPO,India,484,Product Manager,Product,Part-time,Performance optimization,Enterprise,Synthetic Practice Data
TCS,Chennai,Tamil Nadu,IT Services,387,0.082,2023-08-21,Post-IPO,India,0,Senior Software Engineer,Engineering,Part-time,Merger and acquisition,Startup,Synthetic Practice Data
PhonePe,Mumbai,Maharashtra,FinTech,558,0.106,2022-10-21,Late Stage,India,2200,Finance Analyst,Finance,Intern,Market conditions,Medium,Synthetic Practice Data
CRED,Gurugram,Haryana,FinTech,204,0.088,2021-08-28,Late Stage,India,1000,Finance Analyst,Finance,Contract,Strategic restructuring,Enterprise,Synthetic Practice Data
Curefit,Hyderabad,Telangana,HealthTech,483,0.174,2023-12-29,Late Stage,India,700,HR Executive,Human Resources,Part-time,Economic slowdown,Medium,Synthetic Practice Data
Meesho,Bengaluru,Karnataka,E-commerce,290,0.131,2022-01-12,Late Stage,India,1200,Data Analyst,Analytics,Part-time,Funding issues,Enterprise,Synthetic Practice Data
Curefit,Mumbai,Maharashtra,HealthTech,264,0.066,2023-05-27,Late Stage,India,700,UI/UX Designer,Design,Intern,Cost cutting,Medium,Synthetic Practice Data
Meesho,Gurugram,Haryana,E-commerce,136,0.127,2022-07-11,Late Stage,India,1200,QA Engineer,Quality Assurance,Part-time,Automation,Medium,Synthetic Practice Data
Tech Mahindra,Pune,Maharashtra,IT Services,1187,0.13,2024-01-29,Post-IPO,India,0,Data Analyst,Analytics,Part-time,Performance optimization,Startup,Synthetic Practice Data
Infosys,Pune,Maharashtra,IT Services,591,0.03,2024-07-16,Post-IPO,India,0,HR Executive,Human Resources,Contract,Market conditions,Small,Synthetic Practice Data
Moglix,Bengaluru,Karnataka,E-commerce,671,0.104,2025-01-22,Late Stage,India,650,UI/UX Designer,Design,Full-time,Cost cutting,Medium,Synthetic Practice Data
Tech Mahindra,Hyderabad,Telangana,IT Services,852,0.049,2022-05-28,Post-IPO,India,0,Sales Executive,Sales,Contract,Cost cutting,Enterprise,Synthetic Practice Data
Paytm,New Delhi,Delhi,FinTech,1020,0.089,2021-03-21,Post-IPO,India,5000,Product Manager,Product,Contract,Funding issues,Enterprise,Synthetic Practice Data
Myntra,Gurugram,Haryana,E-commerce,645,0.141,2022-02-11,Late Stage,India,500,Customer Support Executive,Customer Support,Part-time,Restructuring,Startup,Synthetic Practice Data
Tech Mahindra,Pune,Maharashtra,IT Services,832,0.055,2026-05-24,Post-IPO,India,0,Product Manager,Product,Contract,Automation,Medium,Synthetic Practice Data
Paytm,Bengaluru,Karnataka,FinTech,991,0.07,2021-03-27,Post-IPO,India,5000,Data Analyst,Analytics,Full-time,Economic slowdown,Medium,Synthetic Practice Data
hcltech,Bengaluru,Karnataka,IT Services,144,0.048,2021-08-06,Post-IPO,India,0,Finance Analyst,Finance,Part-time,Performance optimization,Enterprise,Synthetic Practice Data
Ola,Mumbai,Maharashtra,Transportation,142,0.243,2022-04-29,Late Stage,India,3200,Finance Analyst,Finance,Intern,Performance optimization,Large,Synthetic Practice Data
TCS,Hyderabad,Telangana,IT Services,450,0.192,2024-11-09,Post-IPO,India,0,DevOps Engineer,Engineering,Part-time,Performance optimization,Large,Synthetic Practice Data
Lenskart,Gurugram,Haryana,Retail,44,0.082,2021-09-24,Late Stage,India,1500,DevOps Engineer,Engineering,Full-time,Economic slowdown,Startup,Synthetic Practice Data
PharmEasy,New Delhi,Delhi,HealthTech,687,0.143,2021-06-23,Late Stage,India,1200,Sales Executive,Sales,Contract,Strategic restructuring,Large,Synthetic Practice Data
Accenture India,Mumbai,Maharashtra,IT Services,183,0.137,2026-06-25,Private,India,0,Customer Support Executive,Customer Support,Part-time,Funding issues,Startup,Synthetic Practice Data
Meesho,Mumbai,Maharashtra,E-commerce,223,0.171,2021-11-24,Late Stage,India,1200,DevOps Engineer,Engineering,Full-time,Automation,Startup,Synthetic Practice Data
Accenture India,Bengaluru,Karnataka,IT Services,176,0.075,2022-04-11,Private,India,0,Business Analyst,Business,Contract,Automation,Enterprise,Synthetic Practice Data
HCLTech,Hyderabad,Telangana,IT Services,225,0.177,2022-07-18,Post-IPO,India,0,Recruiter,Human Resources,Intern,Cost cutting,Enterprise,Synthetic Practice Data
Zomato,New Delhi,Delhi,Food Delivery,704,0.096,2026-01-31,Post-IPO,India,2500,Customer Support Executive,Customer Support,Part-time,Cost cutting,Startup,Synthetic Practice Data
Freshworks,Chennai,Tamil Nadu,SaaS,690,0.09,2026-02-14,Post-IPO,India,484,DevOps Engineer,Engineering,Contract,Strategic restructuring,Startup,Synthetic Practice Data
PharmEasy,Bengaluru,Karnataka,HealthTech,118,0.172,2021-10-30,Late Stage,India,1200,Sales Executive,Sales,Full-time,Automation,Enterprise,Synthetic Practice Data
CRED,Bengaluru,Karnataka,FinTech,77,0.1,2023-06-10,Late Stage,India,1000,Business Analyst,Business,Part-time,Automation,Enterprise,Synthetic Practice Data
OYO,New Delhi,Delhi,Travel,125,0.083,2022-08-12,Post-IPO,India,4300,Marketing Executive,Marketing,Part-time,Cost cutting,Enterprise,Synthetic Practice Data
Curefit,Mumbai,Maharashtra,HealthTech,571,0.065,2022-06-21,Late Stage,India,700,HR Executive,Human Resources,Contract,Funding issues,Enterprise,Synthetic Practice Data
Zomato,Mumbai,Maharashtra,Food Delivery,332,0.21,2023-05-13,Post-IPO,India,2500,Senior Software Engineer,Engineering,Part-time,Performance optimization,Startup,Synthetic Practice Data
Wipro,Bengaluru,Karnataka,IT Services,118,0.092,2024-06-18,Post-IPO,India,0,Finance Analyst,Finance,Full-time,Cost cutting,Medium,Synthetic Practice Data
Flipkart,Bengaluru,Karnataka,E-commerce,317,0.151,2025-10-27,Late Stage,India,8700,Business Analyst,Business,Intern,Restructuring,Large,Synthetic Practice Data
Flipkart,Bengaluru,Karnataka,E-commerce,508,0.069,2025-09-26,Late Stage,India,8700,Project Manager,Project Management,Contract,Economic slowdown,Enterprise,Synthetic Practice Data
Unacademy,Jaipur,Rajasthan,EdTech,456,0.025,2024-03-25,Late Stage,India,800,Sales Executive,Sales,Intern,Performance optimization,Large,Synthetic Practice Data
Policybazaar,New Delhi,Delhi,Financial Services,1059,0.04,2026-05-30,Post-IPO,India,800,Sales Executive,Sales,Full-time,Performance optimization,Startup,Synthetic Practice Data
PharmEasy,Bengaluru,Karnataka,HealthTech,81,0.182,2026-07-26,Late Stage,India,1200,Business Analyst,Business,Intern,Performance optimization,Large,Synthetic Practice Data
Ola,New Delhi,Delhi,Transportation,697,0.062,2021-06-18,Late Stage,India,3200,HR Executive,Human Resources,Intern,Strategic restructuring,Small,Synthetic Practice Data
Dream11,Gurugram,Haryana,,153,0.028,2021-04-14,Late Stage,India,1000,Operations Executive,Operations,Contract,Strategic restructuring,Small,Synthetic Practice Data
HCLTech,Chennai,Tamil Nadu,IT Services,386,0.037,2023-01-20,Post-IPO,India,0,Customer Support Executive,Customer Support,Contract,Cost cutting,Medium,Synthetic Practice Data
Wipro,Hyderabad,Telangana,IT Services,792,0.104,2021-06-11,Post-IPO,India,0,Senior Software Engineer,Engineering,Part-time,Restructuring,Small,Synthetic Practice Data
Flipkart,Mumbai,Maharashtra,E-commerce,296,0.222,2024-02-06,Late Stage,India,8700,Project Manager,Project Management,Part-time,Merger and acquisition,Startup,Synthetic Practice Data
TCS,Bengaluru,Karnataka,IT Services,187,0.129,2022-04-19,Post-IPO,India,0,Data Scientist,Data Science,Part-time,Business shutdown,Large,Synthetic Practice Data
TCS,Hyderabad,Telangana,IT Services,776,0.046,2025-07-15,Post-IPO,India,0,Data Analyst,Analytics,Contract,Market conditions,Small,Synthetic Practice Data
PhonePe,Bengaluru,Karnataka,FinTech,155,0.198,2024-11-23,Late Stage,India,2200,Operations Executive,Operations,Intern,Funding issues,Small,Synthetic Practice Data
Unacademy,New Delhi,Delhi,EdTech,667,0.086,2023-01-28,Late Stage,India,800,Project Manager,Project Management,Full-time,Funding issues,Large,Synthetic Practice Data
Moglix,Mumbai,Maharashtra,E-commerce,485,0.24,2022-04-11,Late Stage,India,650,,Quality Assurance,Contract,Funding issues,Large,Synthetic Practice Data
HCLTech,Bengaluru,Karnataka,IT Services,752,0.064,2022-02-02,Post-IPO,India,0,Business Analyst,Business,Full-time,Merger and acquisition,Medium,Synthetic Practice Data
Udaan,Mumbai,Maharashtra,E-commerce,655,0.115,2021-04-16,Late Stage,India,1200,Sales Executive,Sales,Full-time,Economic slowdown,Medium,Synthetic Practice Data
Curefit,Bengaluru,Karnataka,HealthTech,540,0.029,2024-05-21,Late Stage,India,700,HR Executive,Human Resources,Full-time,Cost cutting,Medium,Synthetic Practice Data
Udaan,Bengaluru,Karnataka,E-commerce,427,0.151,2021-10-22,Late Stage,India,1200,Software Engineer,Engineering,Part-time,Funding issues,Small,Synthetic Practice Data
Infosys,Bengaluru,Karnataka,IT Services,939,0.028,2021-10-28,Post-IPO,India,0,Data Analyst,Analytics,Full-time,Business shutdown,Medium,Synthetic Practice Data
Curefit,Hyderabad,Telangana,HealthTech,196,0.214,2021-07-05,Late Stage,India,700,Operations Executive,Operations,Contract,Restructuring,Large,Synthetic Practice Data
Ather Energy,Bengaluru, Karnataka,Automotive,548,0.094,2022-09-14,Late Stage,India,500,Business Analyst,Business,Part-time,Strategic restructuring,Enterprise,Synthetic Practice Data
Swiggy,New Delhi,Delhi,Food Delivery,436,0.178,2023-12-18,Post-IPO,India,3600,Business Analyst,Business,Part-time,Merger and acquisition,Large,Synthetic Practice Data
Swiggy,New Delhi,Delhi,Food Delivery,556,0.027,2022-02-03,Post-IPO,India,3600,Finance Analyst,Finance,Contract,Market conditions,Medium,Synthetic Practice Data
Myntra,Gurugram,Haryana,E-commerce,71,0.011,2021-03-03,Late Stage,India,500,Project Manager,Project Management,Intern,Restructuring,Large,Synthetic Practice Data
Flipkart,Mumbai,Maharashtra,E-commerce,595,0.032,2025-03-13,Late Stage,India,8700,Customer Support Executive,Customer Support,Intern,Business shutdown,Enterprise,Synthetic Practice Data
Policybazaar,New Delhi,Delhi,Financial Services,434,0.081,2026-06-12,Post-IPO,India,800,Data Scientist,Data Science,Intern,Funding issues,Medium,Synthetic Practice Data
HCLTech,Noida,Uttar Pradesh,IT Services,991,0.149,2023-04-08,Post-IPO,India,0,Recruiter,Human Resources,Part-time,Merger and acquisition,Small,Synthetic Practice Data
Ather Energy,Bengaluru,Karnataka,Automotive,167,0.115,2025-11-16,Late Stage,India,500,Business Analyst,Business,Full-time,Performance optimization,Small,Synthetic Practice Data
OYO,New Delhi,Delhi,Travel,155,0.098,2025-11-01,Post-IPO,India,4300,Finance Analyst,Finance,Intern,Market conditions,Enterprise,Synthetic Practice Data
Ola,New Delhi,Delhi,Transportation,188,0.16,2021-06-04,Late Stage,India,3200,Customer Support Executive,Customer Support,Contract,Strategic restructuring,Small,Synthetic Practice Data
Dream11,Mumbai,Maharashtra,Gaming,43,0.097,2025-01-16,Late Stage,India,1000,Senior Software Engineer,Engineering,Contract,Performance optimization,Medium,Synthetic Practice Data
Lenskart,Gurugram,Haryana,Retail,535,0.128,2021-12-26,Late Stage,India,1500,QA Engineer,Quality Assurance,Contract,Strategic restructuring,Large,Synthetic Practice Data
Zomato,Mumbai,Maharashtra,Food Delivery,798,0.064,2024-01-13,Post-IPO,India,2500,Business Analyst,Business,Intern,Market conditions,Medium,Synthetic Practice Data
Flipkart,Gurugram,Haryana,E-commerce,39,0.059,2024-02-12,Late Stage,India,8700,Project Manager,Project Management,Contract,Merger and acquisition,Small,Synthetic Practice Data
BYJU'S,Gurugram,Haryana,EdTech,263,0.232,2024-06-02,Late Stage,India,5500,Software Engineer,Engineering,Full-time,Funding issues,Large,Synthetic Practice Data
Unacademy,Jaipur,Rajasthan,EdTech,482,0.167,2026-02-26,Late Stage,India,800,Data Analyst,Analytics,Contract,Business shutdown,Startup,Synthetic Practice Data
Tech Mahindra,Hyderabad,Telangana,IT Services,536,0.095,2024-06-05,Post-IPO,India,0,Software Engineer,Engineering,Contract,Business shutdown,Large,Synthetic Practice Data
Zomato,Mumbai,Maharashtra,,1024,0.096,2024-11-14,Post-IPO,India,2500,Operations Executive,Operations,Contract,Automation,Large,Synthetic Practice Data
Meesho,Mumbai,Maharashtra,E-commerce,597,0.018,2024-09-05,Late Stage,India,1200,Customer Support Executive,Customer Support,Full-time,Merger and acquisition,Startup,Synthetic Practice Data
Meesho,Gurugram,Haryana,E-commerce,82,0.141,2023-12-20,Late Stage,India,1200,HR Executive,Human Resources,Intern,Strategic restructuring,Small,Synthetic Practice Data
Swiggy,Bengaluru,Karnataka,Food Delivery,503,0.086,2021-10-06,Post-IPO,India,3600,Software Engineer,Engineering,Part-time,Strategic restructuring,Medium,Synthetic Practice Data
Unacademy,Jaipur,Rajasthan,EdTech,645,0.062,2021-09-26,Late Stage,India,800,HR Executive,Human Resources,Intern,Performance optimization,Large,Synthetic Practice Data
Paytm,Bengaluru,Karnataka,FinTech,523,0.04,2023-02-22,Post-IPO,India,5000,Data Analyst,Analytics,Contract,Strategic restructuring,Small,Synthetic Practice Data
Tech Mahindra,Kolkata,West Bengal,IT Services,244,0.055,2022-10-18,Post-IPO,India,0,DevOps Engineer,Engineering,Full-time,Market conditions,Enterprise,Synthetic Practice Data
Infosys,Bengaluru,Karnataka,IT Services,175,0.098,2025-06-13,Post-IPO,India,0,Customer Support Executive,Customer Support,Contract,Funding issues,Startup,Synthetic Practice Data
Myntra,Bengaluru,Karnataka,E-commerce,680,0.033,2022-07-18,Late Stage,India,500,HR Executive,Human Resources,Intern,Automation,Large,Synthetic Practice Data
Myntra,Mumbai,Maharashtra,E-commerce,279,0.14,2021-01-16,Late Stage,India,500,QA Engineer,Quality Assurance,Intern,Automation,Small,Synthetic Practice Data
Razorpay,Gurugram,Haryana,FinTech,507,0.102,2025-07-04,Late Stage,India,800,Operations Executive,Operations,Full-time,Market conditions,Startup,Synthetic Practice Data
Dream11,Mumbai,Maharashtra,Gaming,509,0.034,2021-04-29,Late Stage,India,1000,Product Manager,Product,Part-time,Performance optimization,Medium,Synthetic Practice Data
Dream11,Gurugram,Haryana,Gaming,294,0.168,2023-05-13,Late Stage,India,1000,Senior Software Engineer,Engineering,Contract,Cost cutting,Startup,Synthetic Practice Data
Swiggy,Mumbai,Maharashtra,Food Delivery,605,0.017,2023-12-21,Post-IPO,India,3600,Marketing Executive,Marketing,Full-time,Merger and acquisition,Enterprise,Synthetic Practice Data
Udaan,Bengaluru,Karnataka,E-commerce,660,0.047,2022-10-20,Late Stage,India,1200,Recruiter,Human Resources,Intern,Performance optimization,Enterprise,Synthetic Practice Data
Razorpay,Bengaluru,Karnataka,FinTech,622,0.086,2025-04-11,Late Stage,India,800,Senior Software Engineer,Engineering,Full-time,Business shutdown,Small,Synthetic Practice Data
Freshworks,Bengaluru,Karnataka,SaaS,384,0.095,2021-05-22,Post-IPO,India,,Recruiter,Human Resources,Intern,Business shutdown,Medium,Synthetic Practice Data
Swiggy,Mumbai,Maharashtra,Food Delivery,714,0.133,2022-06-25,Post-IPO,India,3600,UI/UX Designer,Design,Intern,Restructuring,Medium,Synthetic Practice Data
Myntra,Bengaluru,Karnataka,E-commerce,16,0.057,2026-04-25,Late Stage,India,500,Operations Executive,Operations,Intern,Funding issues,Medium,Synthetic Practice Data
Lenskart,Bengaluru,Karnataka,Retail,182,0.021,2023-10-06,Late Stage,India,1500,Recruiter,Human Resources,Intern,Performance optimization,Large,Synthetic Practice Data
Curefit,Bengaluru,Karnataka,HealthTech,261,0.201,2024-08-26,Late Stage,India,700,Data Analyst,Analytics,Contract,Economic slowdown,Medium,Synthetic Practice Data
Ather Energy,Bengaluru,Karnataka,Automotive,553,0.089,2022-11-04,Late Stage,India,500,Data Analyst,Analytics,Full-time,Automation,Medium,Synthetic Practice Data
Ola,New Delhi,Delhi,Transportation,191,0.129,2021-06-09,Late Stage,India,3200,Data Analyst,Analytics,Full-time,Merger and acquisition,Enterprise,Synthetic Practice Data
Curefit,Hyderabad,Telangana,HealthTech,247,0.088,2024-10-29,Late Stage,India,700,Project Manager,Project Management,Full-time,Cost cutting,Enterprise,Synthetic Practice Data
Unacademy,Bengaluru,Karnataka,EdTech,107,0.158,2025-05-11,Late Stage,India,800,Data Scientist,Data Science,Part-time,Economic slowdown,Medium,Synthetic Practice Data
Ola,Bengaluru,Karnataka,Transportation,334,0.158,2024-11-06,Late Stage,India,3200,Data Scientist,Data Science,Contract,Market conditions,Large,Synthetic Practice Data
Wipro,Bengaluru,Karnataka,IT Services,1113,0.027,2026-03-10,Post-IPO,India,0,Project Manager,Project Management,Contract,Merger and acquisition,Medium,Synthetic Practice Data
Accenture India,Bengaluru,Karnataka,IT Services,26,0.023,2025-03-26,Private,India,0,Product Manager,Product,Contract,Economic slowdown,Startup,Synthetic Practice Data
Infosys,Chennai,Tamil Nadu,IT Services,1154,0.042,2026-01-15,Post-IPO,India,0,Software Engineer,Engineering,Intern,Market conditions,Medium,Synthetic Practice Data
Ather Energy,Bengaluru,Karnataka,Automotive,429,0.025,2024-11-19,Late Stage,India,500,data analyst,Analytics,Full-time,Cost cutting,Medium,Synthetic Practice Data
PhonePe,New Delhi,Delhi,FinTech,640,0.034,2021-09-13,Late Stage,India,2200,Data Scientist,Data Science,Intern,Cost cutting,Large,Synthetic Practice Data
Policybazaar,New Delhi,Delhi,Financial Services,177,0.038,2023-04-24,Post-IPO,India,800,Finance Analyst,Finance,Full-time,Automation,Medium,Synthetic Practice Data
Ather Energy,Bengaluru,Karnataka,Automotive,164,0.115,2026-04-04,Late Stage,India,500,Marketing Executive,Marketing,Contract,Performance optimization,Small,Synthetic Practice Data
BYJU'S,Gurugram,Haryana,EdTech,379,0.103,2023-11-22,Late Stage,India,5500,Recruiter,Human Resources,Part-time,Funding issues,Startup,Synthetic Practice Data
Moglix,Mumbai,Maharashtra,E-commerce,212,0.065,2026-07-17,Late Stage,India,650,Recruiter,Human Resources,Part-time,Automation,Startup,Synthetic Practice Data
Infosys,Hyderabad,Telangana,IT Services,288,0.05,2025-12-03,Post-IPO,India,0,Data Analyst,Analytics,Contract,Automation,Medium,Synthetic Practice Data
HCLTech, Bengaluru,Karnataka,IT Services,1079,0.056,2023-02-28,Post-IPO,India,0,Software Engineer,Engineering,Intern,Restructuring,Startup,Synthetic Practice Data
Policybazaar,New Delhi,Delhi,Financial Services,152,0.124,2021-03-31,Post-IPO,India,800,Software Engineer,Engineering,Contract,Market conditions,Enterprise,Synthetic Practice Data
Flipkart,Kolkata,West Bengal,E-commerce,409,0.179,2025-12-24,Late Stage,India,8700,Senior Software Engineer,Engineering,Full-time,Cost cutting,Enterprise,Synthetic Practice Data
Moglix,Bengaluru,Karnataka,E-commerce,197,0.121,2024-12-20,Late Stage,India,650,Customer Support Executive,Customer Support,Intern,Automation,Enterprise,Synthetic Practice Data
Ola,Bengaluru,Karnataka,Transportation,272,0.036,2025-08-16,Late Stage,India,3200,Marketing Executive,Marketing,Part-time,Restructuring,Startup,Synthetic Practice Data
Lenskart,Bengaluru,Karnataka,Retail,292,0.066,2022-08-08,Late Stage,India,1500,Business Analyst,Business,Intern,Automation,Startup,Synthetic Practice Data
PhonePe,Bengaluru,Karnataka,FinTech,238,0.166,2024-09-02,Late Stage,India,2200,Finance Analyst,Finance,Contract,Funding issues,Enterprise,Synthetic Practice Data
OYO,New Delhi,Delhi,Travel,167,0.111,2021-06-23,Post-IPO,India,4300,UI/UX Designer,Design,Part-time,Market conditions,Startup,Synthetic Practice Data
Swiggy,Bengaluru,Karnataka,Food Delivery,1164,0.051,2026-07-01,Post-IPO,India,3600,Finance Analyst,Finance,Intern,Performance optimization,Enterprise,Synthetic Practice Data
PharmEasy,Mumbai,Maharashtra,HealthTech,310,0.035,2021-05-07,Late Stage,India,1200,Recruiter,Human Resources,Contract,Performance optimization,Enterprise,Synthetic Practice Data
TCS,Mumbai,Maharashtra,IT Services,862,0.024,2022-03-02,Post-IPO,India,0,DevOps Engineer,Engineering,Full-time,Automation,Medium,Synthetic Practice Data
Unacademy,Bengaluru,Karnataka,EdTech,508,0.144,2021-11-09,Late Stage,India,800,Customer Support Executive,Customer Support ,Full-time,Performance optimization,Large,Synthetic Practice Data
Ola,Mumbai,Maharashtra,Transportation,391,0.184,2025-08-27,Late Stage,India,3200,DevOps Engineer,Engineering,Part-time,Funding issues,Small,Synthetic Practice Data
Freshworks,Hyderabad,Telangana,SaaS,168,0.102,2026-08-22,Post-IPO,India,484,DevOps Engineer,Engineering,Full-time,Restructuring,Medium,Synthetic Practice Data
TCS,Mumbai,Maharashtra,IT Services,995,0.075,2024-01-21,Post-IPO,India,0,Sales Executive,Sales,Part-time,Merger and acquisition,Large,Synthetic Practice Data
Paytm,Bengaluru,Karnataka,FinTech,134,0.145,2024-01-01,Post-IPO,India,5000,Data Analyst,Analytics,Contract,Merger and acquisition,Startup,Synthetic Practice Data
Swiggy,Hyderabad,Telangana,Food Delivery,643,0.026,2021-02-25,Post-IPO,India,3600,Sales Executive,Sales,Part-time,Merger and acquisition,Small,Synthetic Practice Data
Freshworks,Chennai,Tamil Nadu,SaaS,463,0.123,2026-04-15,Post-IPO,India,484,HR Executive,Human Resources,Full-time,Automation,Small,Synthetic Practice Data
BYJU'S,Mumbai,Maharashtra,EdTech,482,0.058,2024-04-20,Late Stage,India,5500,HR Executive,Human Resources,Part-time,Strategic restructuring,Startup,Synthetic Practice Data
PhonePe,Mumbai,Maharashtra,FinTech,73,0.184,2023-08-22,Late Stage,India,2200,DevOps Engineer,Engineering,Part-time,Merger and acquisition,Medium,Synthetic Practice Data
Zomato,Mumbai,Maharashtra,Food Delivery,487,0.155,2021-06-24,Post-IPO,India,2500,Recruiter,Human Resources,Contract,Funding issues,Large,Synthetic Practice Data
OYO,New Delhi,Delhi,Travel,896,0.027,2023-05-26,Post-IPO,India,4300,Business Analyst,Business,Intern,Restructuring,Medium,Synthetic Practice Data
ShareChat,New Delhi,Delhi,Social Media,260,0.178,2024-09-29,Late Stage,India,1300,UI/UX Designer,Design,Full-time,Automation,Large,Synthetic Practice Data
PhonePe,Mumbai,Maharashtra,FinTech,502,0.107,2025-08-23,Late Stage,India,2200,Finance Analyst,Finance,Intern,Strategic restructuring,Medium,Synthetic Practice Data
ShareChat,New Delhi,Delhi,Social Media,686,0.134,2026-03-10,Late Stage,India,1300,Customer Support Executive,Customer Support,Part-time,Restructuring,Large,Synthetic Practice Data
Freshworks,Bengaluru,Karnataka,SaaS,638,0.038,2025-04-25,Post-IPO,India,484,Project Manager,Project Management,Intern,Automation,Startup,Synthetic Practice Data
Myntra,Bengaluru,Karnataka,E-commerce,544,0.078,2023-06-06,Late Stage,India,500,DevOps Engineer,Engineering,Intern,Strategic restructuring,Large,Synthetic Practice Data
CRED,Gurugram,Haryana,FinTech,348,0.028,2025-07-24,Late Stage,India,1000,Senior Software Engineer,Engineering,Part-time,Performance optimization,Medium,Synthetic Practice Data
Ather Energy,Chennai,Tamil Nadu,Automotive,145,0.128,2024-11-13,Late Stage,India,500,Product Manager,Product,Part-time,Market conditions,Startup,Synthetic Practice Data
Flipkart,Gurugram,Haryana,E-commerce,147,0.158,2023-06-04,Late Stage,India,8700,HR Executive,Human Resources,Contract,Strategic restructuring,Medium,Synthetic Practice Data
CRED,Mumbai,Maharashtra,FinTech,434,0.129,2021-05-06,Late Stage,India,1000,Customer Support Executive,Customer Support,Contract,Funding issues,Medium,Synthetic Practice Data
Accenture India,Mumbai,Maharashtra,IT Services,214,0.078,2021-08-18,Private,India,0,Project Manager,Project Management,Intern,Automation,Enterprise,Synthetic Practice Data
Policybazaar,New Delhi,Delhi,Financial Services,100,0.091,2025-12-11,Post-IPO,India,800,Data Analyst,Analytics,Full-time,Cost cutting,Enterprise,Synthetic Practice Data
Lenskart,Bengaluru,Karnataka,Retail,601,0.106,2024-12-19,Late Stage,India,1500,Software Engineer,Engineering,Contract,Restructuring,Small,Synthetic Practice Data
Freshworks,Chennai,Tamil Nadu,SaaS,910,0.139,2023-12-10,Post-IPO,India,484,DevOps Engineer,Engineering,Intern,Merger and acquisition,Medium,Synthetic Practice Data
BYJU'S,Bengaluru,Karnataka,EdTech,413,0.234,2021-12-11,Late Stage,India,5500,Marketing Executive,Marketing,Contract,Strategic restructuring,Enterprise,Synthetic Practice Data
Swiggy,New Delhi,Delhi,Food Delivery,1193,0.098,2022-11-15,Post-IPO,India,3600,Software Engineer,Engineering,Full-time,Restructuring,Large,Synthetic Practice Data
Ather Energy,Pune,Maharashtra,Automotive,433,0.094,2021-04-13,Late Stage,India,500,Data Analyst,Analytics,Intern,Economic slowdown,Large,Synthetic Practice Data
Dream11,Bengaluru,Karnataka,Gaming,482,0.032,2025-11-10,Late Stage,India,1000,QA Engineer,Quality Assurance,Full-time,Market conditions,Large,Synthetic Practice Data
PhonePe,New Delhi,Delhi,FinTech,110,0.205,2026-04-08,Late Stage,India,2200,Finance Analyst,Finance,Intern,Funding issues,Small,Synthetic Practice Data
CRED,Gurugram,Haryana,FinTech,404,0.227,2023-02-18,Late Stage,India,1000,UI/UX Designer,Design,Full-time,Business shutdown,Startup,Synthetic Practice Data
Flipkart,Kolkata,West Bengal,E-commerce,593,0.145,2024-06-01,Late Stage,India,8700,QA Engineer,Quality Assurance,Part-time,Restructuring,Small,Synthetic Practice Data
Myntra,Gurugram,Haryana,E-commerce,643,0.124,2025-01-17,Late Stage,India,500,Finance Analyst,Finance,Part-time,Market conditions,Medium,Synthetic Practice Data
OYO,Mumbai,Maharashtra,Travel,400,0.211,2024-03-31,Post-IPO,India,4300,Data Analyst,Analytics,Contract,Merger and acquisition,Large,Synthetic Practice Data
Accenture India,Mumbai,Maharashtra,IT Services,57,0.121,2024-06-30,Private,India,0,Project Manager,Project Management,Intern,Economic slowdown,Small,Synthetic Practice Data
Unacademy,Jaipur,Rajasthan,EdTech,179,0.121,2025-04-23,Late Stage,India,800,UI/UX Designer,Design,Full-time,Merger and acquisition,Large,Synthetic Practice Data
Myntra,Mumbai,Maharashtra,E-commerce,480,0.143,2025-03-31,Late Stage,India,500,Project Manager,Project Management,Full-time,Restructuring,Enterprise,Synthetic Practice Data
Accenture India,Mumbai,Maharashtra,IT Services,84,0.124,2022-12-26,Private,India,0,Sales Executive,Sales,Full-time,Automation,Small,Synthetic Practice Data
Freshworks,Chennai,Tamil Nadu,SaaS,91,0.026,2022-05-26,Post-IPO,India,484,DevOps Engineer,Engineering,Part-time,Merger and acquisition,Medium,Synthetic Practice Data
Ola,Bengaluru,Karnataka,Transportation,626,0.112,2024-08-31,Late Stage,India,3200,Sales Executive,Sales,Intern,Automation,Startup,Synthetic Practice Data
TCS,Hyderabad,Telangana,IT Services,147,0.105,2021-08-06,Post-IPO,India,0,Data Analyst,Analytics,Part-time,Cost cutting,Enterprise,Synthetic Practice Data
Accenture India,Chennai,Tamil Nadu,IT Services,182,0.196,2022-08-28,Private,India,0,Sales Executive,Sales,Intern,Automation,Enterprise,Synthetic Practice Data
Udaan,Bengaluru,Karnataka,E-commerce,337,0.054,2026-01-04,Late Stage,India,1200,Data Analyst,Analytics,Contract,Automation,Startup,Synthetic Practice Data
Freshworks,Hyderabad,Telangana,SaaS,538,0.077,2024-05-08,Post-IPO,India,484,Senior Software Engineer,Engineering,Full-time,Performance optimization,Medium,Synthetic Practice Data
ShareChat,Bengaluru,Karnataka,Social Media,225,0.119,2024-08-12,Late Stage,India,1300,HR Executive,Human Resources,Part-time,Automation,Large,Synthetic Practice Data
Myntra,Mumbai,Maharashtra,E-commerce,299,0.228,2023-12-15,Late Stage,India,500,Sales Executive,Sales,Intern,Strategic restructuring,Medium,Synthetic Practice Data
Dream11,Mumbai,Maharashtra,Gaming,566,0.105,2024-07-28,Late Stage,India,1000,UI/UX Designer,Design,Contract,Market conditions,Startup,Synthetic Practice Data
Freshworks,Chennai,Tamil Nadu,SaaS,820,0.037,2021-09-28,Post-IPO,India,484,sales executive,Sales,Contract,Cost cutting,Startup,Synthetic Practice Data
Swiggy,Hyderabad,Telangana,Food Delivery,269,0.143,2023-08-27,Post-IPO,India,3600,HR Executive,Human Resources,part-time,Automation,Large,Synthetic Practice Data
CRED,Bengaluru,Karnataka,FinTech,62,0.082,2024-06-09,Late Stage,India,1000,Business Analyst,Business,Full-time,Performance optimization,Small,Synthetic Practice Data
Policybazaar,gurugram,Haryana,Financial Services,1149,0.038,2021-05-13,Post-IPO,India,800,HR Executive,Human Resources,Contract,Performance optimization,Medium,Synthetic Practice Data
ShareChat,Mumbai,Maharashtra,Social Media,331,0.107,2021-06-15,Late Stage,India,,UI/UX Designer,Design,Full-time,Merger and acquisition,Large,Synthetic Practice Data
Tech Mahindra,Hyderabad,Telangana,IT Services,1110,0.063,2025-03-13,Post-IPO,India,0,Business Analyst,Business,Contract,Funding issues,Enterprise,Synthetic Practice Data
OYO,Gurugram,Haryana,Travel,1116,0.106,2026-04-29,Post-IPO,India,4300,Marketing Executive,Marketing,Intern,Strategic restructuring,Small,Synthetic Practice Data
Moglix,Bengaluru,Karnataka,E-commerce,539,0.073,2023-10-13,Late Stage,India,650,Sales Executive,Sales,Intern,Performance optimization,Startup,Synthetic Practice Data
Razorpay,Mumbai,Maharashtra,FinTech,305,0.249,,Late Stage,India,800,Customer Support Executive,Customer Support,Contract,Economic slowdown,Startup,Synthetic Practice Data
TCS,Chennai,Tamil Nadu,IT Services,561,0.026,2022-03-15,Post-IPO,India,0,QA Engineer,Quality Assurance,Contract,Merger and acquisition,Small,Synthetic Practice Data
Accenture India,Hyderabad,Telangana,IT Services,225,0.107,2024-10-05,Private,India,0,Data Scientist,Data Science,Full-time,Business shutdown,Enterprise,Synthetic Practice Data
Curefit,Bengaluru,Karnataka,HealthTech,112,0.069,2025-06-29,Late Stage,India,700,Operations Executive,Operations,Contract,Funding issues,Enterprise,Synthetic Practice Data
Moglix,Mumbai,Maharashtra,E-commerce,179,0.183,2024-06-19,Late Stage,India,650,Project Manager,Project Management,Full-time,Merger and acquisition,Startup,Synthetic Practice Data
Ather Energy,Chennai,Tamil Nadu,Automotive,472,0.098,2026-08-12,Late Stage,India,500,,Data Science,Full-time,Merger and acquisition,Large,Synthetic Practice Data
PhonePe,New Delhi,Delhi,FinTech,167,0.178,2022-10-14,Late Stage,India,2200,HR Executive,Human Resources,Intern,Automation,Large,Synthetic Practice Data
Accenture India,Chennai,Tamil Nadu,IT Services,116,0.226,2024-01-08,Private,India,0,,Human Resources,Part-time,Economic slowdown,Small,Synthetic Practice Data
BYJU'S,Mumbai,Maharashtra,EdTech,64,0.08,2023-02-21,Late Stage,India,5500,Data Scientist,Data Science,Full-time,Market conditions,Medium,Synthetic Practice Data
Paytm,Bengaluru,Karnataka,FinTech,523,0.095,2026-07-07,Post-IPO,India,5000,QA Engineer,Quality Assurance,Full-time,Merger and acquisition,Startup,Synthetic Practice Data
PhonePe,New Delhi,Delhi,FinTech,146,0.13,2026-02-07,Late Stage,India,2200,Product Manager,Product,Contract,Strategic restructuring,Medium,Synthetic Practice Data
TCS,Hyderabad,Telangana,IT Services,762,0.029,2025-12-16,Post-IPO,India,0,Sales Executive,Sales,Part-time,Strategic restructuring,Enterprise,Synthetic Practice Data
Freshworks,Hyderabad,Telangana,SaaS,219,0.217,2024-02-11,Post-IPO,India,484,Senior Software Engineer,Engineering,Part-time,Performance optimization,Enterprise,Synthetic Practice Data
BYJU'S,Bengaluru,Karnataka,EdTech,597,0.067,2025-09-07,Late Stage,India,5500,Recruiter,Human Resources,Intern,Business shutdown,Startup,Synthetic Practice Data
Infosys,Hyderabad,Telangana,IT Services,310,0.093,2025-03-17,Post-IPO,India,0,Finance Analyst,Finance,Part-time,Merger and acquisition,Startup,Synthetic Practice Data
HCLTech,Chennai,Tamil Nadu,IT Services,566,0.095,2023-08-04,Post-IPO,India,0,Data Scientist,Data Science,Full-time,Strategic restructuring,Small,Synthetic Practice Data
Wipro,Hyderabad,Telangana,IT Services,250,0.115,2023-09-21,Post-IPO,India,0,UI/UX Designer,Design,Part-time,Business shutdown,Large,Synthetic Practice Data
Freshworks,Bengaluru,Karnataka,SaaS,997,0.108,2023-01-22,Post-IPO,India,484,Customer Support Executive,Customer Support,Part-time,Strategic restructuring,Enterprise,Synthetic Practice Data
Wipro,Hyderabad,Telangana,IT Services,464,0.099,2024-06-30,Post-IPO,India,0,Software Engineer,Engineering,Intern,Automation,Medium,Synthetic Practice Data
Tech Mahindra,Bengaluru,Karnataka,IT Services,274,0.242,2025-05-30,Post-IPO,India,0,DevOps Engineer,Engineering,Part-time,Cost cutting,Startup,Synthetic Practice Data
Infosys,Bengaluru,Karnataka,IT Services,413,0.202,2025-05-20,Post-IPO,India,0,Senior Software Engineer,Engineering,Full-time,Automation,Startup,Synthetic Practice Data
Paytm,Mumbai,Maharashtra,FinTech,35,0.052,2024-03-15,Post-IPO,India,5000,Project Manager,Project Management,Contract,Cost cutting,Small,Synthetic Practice Data
CRED,Gurugram,Haryana,FinTech,680,0.024,2026-06-28,Late Stage,India,1000,Data Analyst,Analytics,Intern,Strategic restructuring,Large,Synthetic Practice Data
CRED,Bengaluru,Karnataka,FinTech,392,0.038,2026-07-25,Late Stage,India,1000,Data Scientist,Data Science,Contract,Business shutdown,Small,Synthetic Practice Data
Myntra,Gurugram,Haryana,E-commerce,388,0.104,2026-06-29,Late Stage,India,500,QA Engineer,Quality Assurance,Intern,Merger and acquisition,Medium,Synthetic Practice Data
Paytm,Mumbai,Maharashtra,FinTech,387,0.122,2023-12-24,Post-IPO,India,5000,Marketing Executive,Marketing,Full-time,Restructuring,Medium,Synthetic Practice Data
HCLTech,Bengaluru,Karnataka,IT Services,920,0.135,2025-05-03,Post-IPO,India,0,Customer Support Executive,Customer Support,Intern,Funding issues,Small,Synthetic Practice Data
Meesho,Bengaluru,Karnataka,E-commerce,652,0.094,2021-02-08,Late Stage,India,1200,Project Manager,Project Management,Contract,Restructuring,Enterprise,Synthetic Practice Data
HCLTech,Chennai,Tamil Nadu,IT Services,74,0.045,2021-10-12,Post-IPO,India,0,Senior Software Engineer,Engineering,Intern,Market conditions,Medium,Synthetic Practice Data
Zomato,Mumbai,Maharashtra,Food Delivery,818,0.076,2022-08-18,Post-IPO,India,2500,Product Manager,Product,Intern,Merger and acquisition,Large,Synthetic Practice Data
Curefit, Hyderabad,Telangana,HealthTech,83,0.061,2025-10-28,Late Stage,India,700,Product Manager,Product,Contract,Funding issues,Enterprise,Synthetic Practice Data
BYJU'S,Gurugram,Haryana,EdTech,29,0.059,2022-09-05,Late Stage,India,5500,Software Engineer,Engineering,Full-time,Merger and acquisition,Enterprise,Synthetic Practice Data
Moglix,Bengaluru,Karnataka,E-commerce,672,0.096,2025-06-25,Late Stage,India,650,Sales Executive,Sales,Contract,Funding issues,Large,Synthetic Practice Data
ShareChat,Mumbai,Maharashtra,Social Media,476,0.054,2024-03-06,Late Stage,India,1300,Product Manager,Product,Intern,Economic slowdown,Startup,Synthetic Practice Data
Dream11,Mumbai,Maharashtra,Gaming,530,0.094,2024-09-16,Late Stage,India,1000,HR Executive,Human Resources,Intern,Cost cutting,Medium,Synthetic Practice Data
Ola,Chennai,Tamil Nadu,Transportation,605,0.085,2022-03-14,Late Stage,India,3200,Business Analyst,Business,Intern,Market conditions,Medium,Synthetic Practice Data
Accenture India,Bengaluru,Karnataka,IT Services,227,0.243,2025-07-13,Private,India,0,QA Engineer,Quality Assurance,Part-time,Performance optimization,Startup,Synthetic Practice Data
ShareChat,Mumbai,Maharashtra,social media,10,0.18,2022-07-08,Late Stage,India,1300,DevOps Engineer,Engineering,Contract,Economic slowdown,Large,Synthetic Practice Data
Wipro,Kolkata,West Bengal,IT Services,649,0.143,2022-02-23,Post-IPO,India,0,Customer Support Executive,Customer Support,Contract,Economic slowdown,Large,Synthetic Practice Data
Dream11,Bengaluru,Karnataka,Gaming,256,0.222,2021-11-19,Late Stage,India,1000,Product Manager,Product,Full-time,Restructuring,Large,Synthetic Practice Data
Flipkart,Bengaluru,Karnataka,E-commerce,162,0.146,2026-01-12,Late Stage,India,8700,Finance Analyst,Finance,Full-time,Economic slowdown,Startup,Synthetic Practice Data
Myntra,Mumbai,Maharashtra,E-commerce,194,0.151,2023-07-26,Late Stage,India,500,Project Manager,Project Management,Intern,Restructuring,Medium,Synthetic Practice Data
HCLTech,Bengaluru,Karnataka,IT Services,576,0.068,2026-07-29,Post-IPO,India,0,Recruiter,Human Resources,Full-time,Performance optimization,Medium,Synthetic Practice Data
PharmEasy,New Delhi,Delhi,HealthTech,214,0.103,2023-09-10,Late Stage,India,1200,Project Manager,Project Management,Part-time,Market conditions,Medium,Synthetic Practice Data
Zomato,Bengaluru,Karnataka,Food Delivery,1167,0.149,2022-09-24,Post-IPO,India,2500,Data Analyst,analytics,Part-time,Economic slowdown,Small,Synthetic Practice Data
Ather Energy,Chennai,Tamil Nadu,Automotive,223,0.172,2023-11-15,Late Stage,India,500,Software Engineer,Engineering,Contract,Business shutdown,Medium,Synthetic Practice Data
BYJU'S,Bengaluru,Karnataka,EdTech,55,0.021,2024-06-30,Late Stage,India,5500,Product Manager,Product,Contract,Strategic restructuring,Large,Synthetic Practice Data
Myntra,Bengaluru,Karnataka,E-commerce,193,0.023,2026-07-07,Late Stage,India,500,Finance Analyst,Finance,Part-time,Restructuring,Large,Synthetic Practice Data
Unacademy,Bengaluru,Karnataka,EdTech,161,0.209,2023-09-20,Late Stage,India,800,UI/UX Designer,Design,Intern,Cost cutting,Enterprise,Synthetic Practice Data
Meesho,Bengaluru,Karnataka,E-commerce,350,0.038,2021-07-15,Late Stage,India,1200,Operations Executive,Operations,Contract,Business shutdown,Medium,Synthetic Practice Data
Ola,Bengaluru,Karnataka ,Transportation,348,0.172,2025-12-07,Late Stage,India,3200,Data Analyst,Analytics,Intern,Business shutdown,Small,Synthetic Practice Data
Curefit,Mumbai,Maharashtra,HealthTech,136,0.124,2023-03-17,Late Stage,India,700,Data Analyst,Analytics,Intern,Cost cutting,Large,Synthetic Practice Data
Ola,New Delhi,Delhi,Transportation,213,0.127,2025-12-04,Late Stage,India,3200,Product Manager,Product,Full-time,Restructuring,Large,Synthetic Practice Data
Myntra,Bengaluru,Karnataka,E-commerce,340,0.109,2025-06-10,Late Stage,India,500,UI/UX Designer,Design,Part-time,Cost cutting,Enterprise,Synthetic Practice Data
Ola,Chennai,Tamil Nadu,Transportation,355,0.159,2024-10-10,Late Stage,India,3200,Finance Analyst,Finance,Intern,Funding issues,Medium,Synthetic Practice Data
Dream11,Bengaluru,Karnataka,Gaming,35,0.082,2021-08-06,Late Stage,India,1000,Software Engineer,Engineering,Full-time,Cost cutting,Small,Synthetic Practice Data
Udaan,Gurugram,Haryana,E-commerce,635,0.098,2021-09-27,Late Stage,India,1200,Senior Software Engineer,Engineering,Part-time,Restructuring,Startup,Synthetic Practice Data
Tech Mahindra,Bengaluru,Karnataka,IT Services,1162,0.076,2025-05-16,Post-IPO,India,0,Operations Executive,Operations,Full-time,Business shutdown,Enterprise,Synthetic Practice Data
Accenture India,Bengaluru,Karnataka,IT Services,163,0.188,2026-01-02,Private,India,0,Customer Support Executive,Customer Support,Part-time,Business shutdown,Small,Synthetic Practice Data
BYJU'S,Bengaluru,Karnataka,EdTech,127,0.218,2021-06-27,Late Stage,India,5500,Senior Software Engineer,Engineering,Contract,Automation,Medium,Synthetic Practice Data
Freshworks,Bengaluru,Karnataka,SaaS,913,0.082,2025-06-27,Post-IPO,India,484,Operations Executive,Operations,Intern,Performance optimization,Medium,Synthetic Practice Data
Lenskart,Mumbai,Maharashtra,,491,0.191,2024-05-11,Late Stage,India,1500,Data Analyst,Analytics,Contract,Automation,Large,Synthetic Practice Data
Flipkart,Mumbai,Maharashtra,E-commerce,262,0.091,2023-02-22,Late Stage,India,8700,Operations Executive,Operations,Full-time,Economic slowdown,Medium,Synthetic Practice Data
Moglix,Noida,Uttar Pradesh,E-commerce,517,0.142,2024-12-30,Late Stage,India,650,Software Engineer,Engineering,Full-time,Economic slowdown,Small,Synthetic Practice Data
Unacademy,New Delhi,Delhi,EdTech,477,0.024,2025-04-06,Late Stage,India,800,UI/UX Designer,,Full-time,Market conditions,Large,Synthetic Practice Data
Lenskart,Gurugram,Haryana,Retail,177,0.042,2021-12-15,Late Stage,India,1500,Product Manager,Product,Part-time,Merger and acquisition,Enterprise,Synthetic Practice Data
OYO,Bengaluru,Karnataka,Travel,613,0.139,2023-10-27,Post-IPO,India,4300,Software Engineer,Engineering,Contract,Market conditions,Medium,Synthetic Practice Data
PhonePe,New Delhi,Delhi,FinTech,184,0.161,2024-12-20,Late Stage,India,2200,Marketing Executive,Marketing,Intern,Strategic restructuring,Startup,Synthetic Practice Data
Zomato,Mumbai,Maharashtra,Food Delivery,1100,0.126,2023-02-10,Post-IPO,India,2500,HR Executive,Human Resources,Full-time,Restructuring,Medium,Synthetic Practice Data
Paytm,Mumbai,Maharashtra,FinTech,159,0.128,2024-05-25,Post-IPO,India,5000,Data Analyst,Analytics,Intern,Business shutdown,Enterprise,Synthetic Practice Data
Policybazaar,Gurugram,Haryana,Financial Services,122,0.217,2024-01-29,Post-IPO,India,800,Software Engineer,Engineering,Full-time,Cost cutting,Medium,Synthetic Practice Data
Udaan,Mumbai,Maharashtra,E-commerce,403,0.127,2025-10-20,Late Stage,India,1200,Software Engineer,Engineering,Intern,Strategic restructuring,Enterprise,Synthetic Practice Data
CRED,Mumbai,Maharashtra,FinTech,241,0.131,2021-07-24,Late Stage,India,1000,Business Analyst,Business,Part-time,Restructuring,Enterprise,Synthetic Practice Data
Wipro,Hyderabad,Telangana,IT Services,410,0.046,2021-03-07,Post-IPO,India,0,Data Analyst,Analytics,Full-time,Performance optimization,Startup,Synthetic Practice Data
PhonePe,Mumbai,Maharashtra,FinTech,201,0.113,2023-07-28,Late Stage,India,2200,HR Executive,Human Resources,Full-time,Funding issues,Medium,Synthetic Practice Data
Policybazaar,Gurugram,Haryana,Financial Services,1119,0.114,2023-09-15,Post-IPO,India,800,DevOps Engineer,Engineering,Part-time,Cost cutting,Large,Synthetic Practice Data
PhonePe,Bengaluru,Karnataka,FinTech,173,0.067,2023-01-19,Late Stage,India,2200,Sales Executive,Sales,Intern,Cost cutting,Enterprise,Synthetic Practice Data
PhonePe,New Delhi,Delhi,FinTech,62,0.049,2022-06-21,Late Stage,India,2200,Finance Analyst,Finance,Intern,Business shutdown,Large,Synthetic Practice Data
Lenskart,New Delhi,Delhi,Retail,129,0.036,2025-08-09,Late Stage,India,1500,Data Analyst,Analytics,Part-time,Performance optimization,Startup,Synthetic Practice Data
Razorpay,Bengaluru,Karnataka,FinTech,131,0.061,2025-05-29,Late Stage,India,800,Data Analyst,Analytics,Part-time,Merger and acquisition,Small,Synthetic Practice Data
Ather Energy,Chennai,Tamil Nadu,Automotive,12,0.064,2024-05-07,Late Stage,India,500,Recruiter,Human Resources,Part-time,Strategic restructuring,Enterprise,Synthetic Practice Data
Paytm,Mumbai,Maharashtra,FinTech,386,0.087,2025-09-05,Post-IPO,India,5000,Software Engineer,Engineering,Part-time,Cost cutting,Large,Synthetic Practice Data
Paytm,Mumbai,Maharashtra,FinTech,910,0.017,2024-02-28,Post-IPO,India,5000,Business Analyst,Business,Intern,Cost cutting,Startup,Synthetic Practice Data
Swiggy,Hyderabad,Telangana,Food Delivery,1149,0.014,2021-02-13,Post-IPO,India,3600,DevOps Engineer,Engineering,Part-time,Strategic restructuring,Startup,Synthetic Practice Data
Flipkart,Bengaluru,Karnataka,E-commerce,683,0.079,2023-11-15,Late Stage,India,8700,Senior Software Engineer,Engineering,Intern,Cost cutting,Medium,Synthetic Practice Data
Myntra,Gurugram,Haryana,E-commerce,198,0.216,2026-07-06,Late Stage,India,500,Finance Analyst,Finance,Part-time,Automation,Small,Synthetic Practice Data
Lenskart,Bengaluru,Karnataka,Retail,416,0.069,2021-01-31,Late Stage,India,1500,UI/UX Designer,Design,Contract,Strategic restructuring,Medium,Synthetic Practice Data
Accenture India,Chennai,Tamil Nadu,IT Services,175,0.186,2024-12-21,Private,India,0,HR Executive,Human Resources,Contract,Restructuring,Large,Synthetic Practice Data
Infosys,Pune,Maharashtra,IT Services,122,0.11,2026-01-14,Post-IPO,India,0,Operations Executive,Operations,Part-time,Strategic restructuring,Medium,Synthetic Practice Data
OYO,Mumbai,Maharashtra,Travel,1084,0.074,2021-02-20,Post-IPO,India,4300,Recruiter,Human Resources,Part-time,Strategic restructuring,Enterprise,Synthetic Practice Data
PhonePe,Mumbai,Maharashtra,FinTech,481,0.053,2025-09-21,Late Stage,India,2200,Data Analyst,Analytics,Part-time,Performance optimization,Small,Synthetic Practice Data
Tech Mahindra,Bengaluru,Karnataka,IT Services,301,0.232,2024-11-08,Post-IPO,India,0,Business Analyst,Business,Intern,Merger and acquisition,Medium,Synthetic Practice Data
Zomato,New Delhi,Delhi,Food Delivery,42,0.067,2023-04-17,Post-IPO,India,2500,Marketing Executive,Marketing,Intern,Economic slowdown,Medium,Synthetic Practice Data
Wipro ,Kolkata,West Bengal,IT Services,1094,0.03,2024-10-12,Post-IPO,India,0,Software Engineer,Engineering,Intern,Cost cutting,Enterprise,Synthetic Practice Data
Curefit,Mumbai,Maharashtra,HealthTech,102,0.128,2026-01-03,Late Stage,India,700,UI/UX Designer,Design,Full-time,Economic slowdown,Large,Synthetic Practice Data
Ola,Bengaluru,Karnataka,Transportation,503,0.058,2025-04-26,Late Stage,India,3200,Customer Support Executive,Customer Support,Contract,Economic slowdown,Enterprise,Synthetic Practice Data
OYO,Bengaluru,Karnataka, Travel,388,0.079,2024-02-06,Post-IPO,India,4300,DevOps Engineer,Engineering,Intern,Business shutdown,Large,Synthetic Practice Data
ShareChat,Bengaluru,Karnataka,Social Media,491,0.039,2026-08-10,Late Stage,India,1300,Software Engineer,Engineering,Intern,Restructuring,Enterprise,Synthetic Practice Data
Unacademy,New Delhi,Delhi,EdTech,609,0.044,2024-04-22,Late Stage,India,800,Software Engineer,Engineering,Intern,Strategic restructuring,Large,Synthetic Practice Data
Wipro,,Maharashtra,IT Services,352,0.156,2025-06-17,Post-IPO,India,0,Operations Executive,Operations,Intern,Strategic restructuring,Startup,Synthetic Practice Data
Paytm,Noida,Uttar Pradesh,FinTech,670,0.128,2022-08-20,Post-IPO,India,5000,QA Engineer,Quality Assurance,Contract,Cost cutting,Medium,Synthetic Practice Data
Paytm,Mumbai,Maharashtra,FinTech,649,0.109,2021-10-26,Post-IPO,India,5000,HR Executive,Human Resources,Contract,Business shutdown,Enterprise,Synthetic Practice Data
Freshworks,Hyderabad,Telangana,SaaS,534,0.083,2025-07-28,Post-IPO,India,484,Sales Executive,Sales,Intern,Economic slowdown,Enterprise,Synthetic Practice Data
Zomato,New Delhi,Delhi,Food Delivery,1171,0.068,2025-09-03,Post-IPO,India,2500,Operations Executive,Operations,Full-time,Merger and acquisition,Enterprise,Synthetic Practice Data
CRED,Bengaluru,Karnataka,FinTech,221,0.109,2022-12-07,Late Stage,India,,Operations Executive,Operations,Full-time,Business shutdown,Enterprise,Synthetic Practice Data
CRED,Bengaluru,Karnataka,FinTech,539,0.127,2026-03-20,Late Stage,India,1000,Data Scientist,Data Science,Intern,Restructuring,Medium,Synthetic Practice Data
Udaan,Bengaluru,Karnataka,E-commerce,425,0.23,2021-07-14,Late Stage,India,1200,Marketing Executive,Marketing,Part-time,Funding issues,Medium,Synthetic Practice Data
Ather Energy,Chennai,Tamil Nadu,Automotive,362,0.024,2022-01-13,Late Stage,India,500,Data Analyst,analytics,Contract,Automation,Large,Synthetic Practice Data
Lenskart,Bengaluru,Karnataka,Retail,77,0.041,2021-06-03,Late Stage,India,1500,Business Analyst,Business,Full-time,Business shutdown,Large,Synthetic Practice Data
HCLTech,Chennai,Tamil Nadu,IT Services,538,0.012,2026-08-01,Post-IPO,India,0,Business Analyst,Business,Full-time,Automation,Enterprise,Synthetic Practice Data
Ola,Bengaluru,Karnataka,Transportation,209,0.067,2022-03-15,Late Stage,India,3200,Recruiter,Human Resources,Full-time,Performance optimization,Enterprise,Synthetic Practice Data
PhonePe,Mumbai,Maharashtra,FinTech,25,0.117,2025-10-11,Late Stage,India,2200,,Engineering,Contract,Restructuring,Small,Synthetic Practice Data
Udaan,Mumbai,Maharashtra,E-commerce,298,0.196,2025-11-28,Late Stage,India,1200,HR Executive,Human Resources,Full-time,Market conditions,Large,Synthetic Practice Data
Razorpay,Bengaluru,Karnataka,FinTech,645,0.123,2021-12-20,Late Stage,India,800,Project Manager,Project Management,Full-time,Restructuring,Small,Synthetic Practice Data
Zomato,New Delhi,Delhi,Food Delivery,698,0.07,2022-09-27,Post-IPO,India,2500,Senior Software Engineer,Engineering,Part-time,Restructuring,Small,Synthetic Practice Data
TCS,Bengaluru,Karnataka,IT Services,162,0.053,2021-05-06,Post-IPO,India,0,Data Analyst,Analytics,Intern,Restructuring,Enterprise,Synthetic Practice Data
Dream11,Bengaluru,Karnataka,Gaming,427,0.031,2025-03-25,Late Stage,India,1000,Senior Software Engineer,Engineering,Contract,Strategic restructuring,Enterprise,Synthetic Practice Data
Meesho,Mumbai,Maharashtra,E-commerce,700,0.032,2025-05-31,Late Stage,India,1200,Sales Executive,Sales,Part-time,Funding issues,Startup,Synthetic Practice Data
Paytm,Noida,Uttar Pradesh,FinTech,859,0.041,2022-11-14,Post-IPO,India,5000,HR Executive,Human Resources,Intern,Merger and acquisition,Small,Synthetic Practice Data
Ather Energy,Bengaluru,Karnataka,Automotive,694,0.055,2022-06-03,Late Stage,India,500,Operations Executive,Operations,Full-time,Market conditions,Startup,Synthetic Practice Data
BYJU'S,Mumbai,Maharashtra,EdTech,189,0.046,2021-06-03,Late Stage,India,5500,Business Analyst,Business,Part-time,Performance optimization,Startup,Synthetic Practice Data
Dream11,Gurugram,Haryana,Gaming,622,0.051,2026-05-09,Late Stage,India,1000,Customer Support Executive,Customer Support,Full-time,Cost cutting,Large,Synthetic Practice Data
Curefit,Hyderabad,Telangana,HealthTech,146,0.03,2024-10-18,Late Stage,India,700,QA Engineer,Quality Assurance,Part-time,Economic slowdown,Large,Synthetic Practice Data
ShareChat,Mumbai,Maharashtra,Social Media,287,0.231,2025-02-20,Late Stage,India,1300,Sales Executive,Sales,Full-time,Business shutdown,Startup,Synthetic Practice Data
Freshworks,Chennai,Tamil Nadu,SaaS,736,0.096,2025-12-17,Post-IPO,India,484,HR Executive,Human Resources,Contract,Strategic restructuring,Small,Synthetic Practice Data
BYJU'S,Mumbai,Maharashtra,EdTech,362,0.05,2023-11-20,Late Stage,India,5500,Business Analyst,Business,Intern,Business shutdown,Large,Synthetic Practice Data
Flipkart,Bengaluru,Karnataka,E-commerce,352,0.199,2022-04-04,Late Stage,India,8700,Software Engineer,Engineering,Full-time,Merger and acquisition,Small,Synthetic Practice Data
Ola,Chennai,Tamil Nadu,Transportation,675,0.049,2022-04-10,Late Stage,India,3200,Marketing Executive,Marketing,Part-time,Cost cutting,Small,Synthetic Practice Data
Meesho,Mumbai,Maharashtra,E-commerce,478,0.045,2024-06-01,Late Stage,India,1200,Finance Analyst,Finance,Contract,Cost cutting,Large,Synthetic Practice Data
HCLTech,Bengaluru,Karnataka,IT Services,471,0.123,2022-01-14,Post-IPO,India,0,Software Engineer,Engineering,Intern,Funding issues,Startup,Synthetic Practice Data
Unacademy,New Delhi,Delhi,EdTech,45,0.105,2022-08-27,Late Stage,India,800,DevOps Engineer,Engineering,Intern,Restructuring,Large,Synthetic Practice Data
Udaan,Bengaluru,Karnataka,E-commerce,154,0.193,2023-07-14,Late Stage,India,1200,Operations Executive,Operations,Full-time,Market conditions,Enterprise,Synthetic Practice Data
TCS,Chennai,Tamil Nadu,IT Services,1149,0.028,2021-12-20,Post-IPO,India,0,Sales Executive,Sales,Intern,Restructuring,Medium,Synthetic Practice Data
Myntra,Bengaluru,Karnataka,E-commerce,669,0.067,2021-05-19,Late Stage,India,,Operations Executive,Operations,Part-time,Business shutdown,Startup,Synthetic Practice Data
Freshworks,Chennai,Tamil Nadu,SaaS,1000,0.131,2023-09-30,Post-IPO,India,484,Marketing Executive,Marketing,Contract,Restructuring,Startup,Synthetic Practice Data
Moglix,Bengaluru,Karnataka,E-commerce,22,0.041,2022-06-12,Late Stage,India,650,QA Engineer,Quality Assurance,Intern,Strategic restructuring,Enterprise,Synthetic Practice Data
Razorpay,Gurugram,Haryana,FinTech,609,0.026,2026-07-05,Late Stage,India,800,Senior Software Engineer,Engineering,Part-time,Economic slowdown,Large,Synthetic Practice Data
Infosys,Chennai,Tamil Nadu,IT Services,490,0.154,2021-01-30,Post-IPO,India,0,Senior Software Engineer,Engineering,Contract,funding issues,Startup,Synthetic Practice Data
Swiggy,Hyderabad,Telangana,Food Delivery,82,0.177,2026-05-06,Post-IPO,India,3600,Business Analyst,Business,Full-time,Economic slowdown,Startup,Synthetic Practice Data
Dream11,Mumbai,Maharashtra,Gaming,188,0.13,2026-05-01,Late Stage,India,1000,DevOps Engineer,Engineering,Part-time,Performance optimization,Startup,Synthetic Practice Data
PhonePe,Bengaluru,Karnataka,FinTech,381,0.148,2022-07-02,Late Stage,India,2200,Business Analyst,Business,Full-time,Restructuring,Startup,Synthetic Practice Data
Freshworks,Hyderabad,Telangana,SaaS,350,0.035,2021-09-15,Post-IPO,India,484,Project Manager,Project Management,Part-time,Automation,Medium,Synthetic Practice Data
Flipkart,Mumbai,Maharashtra,E-commerce,573,0.092,2024-02-09,Late Stage,India,8700,Finance Analyst,Finance,Intern,Merger and acquisition,Enterprise,Synthetic Practice Data
Ola,Chennai,Tamil Nadu,Transportation,333,0.189,2026-07-06,Late Stage,India,3200,Customer Support Executive,Customer Support,Contract,Economic slowdown,Enterprise,Synthetic Practice Data
PharmEasy,New Delhi,Delhi,HealthTech,400,0.18,2022-07-22,Late Stage,India,1200,Marketing Executive,Marketing,Intern,Funding issues,Small,Synthetic Practice Data
HCLTech,Chennai,Tamil Nadu,IT Services,585,0.029,2025-02-16,Post-IPO,India,0,Software Engineer,Engineering,Intern,Strategic restructuring,Startup,Synthetic Practice Data
Udaan,Bengaluru,Karnataka,E-commerce,232,0.155,2026-05-03,Late Stage,India,1200,Finance Analyst,Finance,Contract,Automation,Large,Synthetic Practice Data
Lenskart,Mumbai,Maharashtra,Retail,105,0.07,2021-04-19,Late Stage,India,1500,Senior Software Engineer,Engineering,Full-time,Merger and acquisition,Small,Synthetic Practice Data
Infosys,Bengaluru,Karnataka,IT Services,811,0.027,2021-12-09,Post-IPO,India,0,UI/UX Designer,Design,Intern,Business shutdown,Small,Synthetic Practice Data
Curefit,Mumbai,Maharashtra,HealthTech,128,0.032,2026-03-16,Late Stage,India,700,Senior Software Engineer,Engineering,Part-time,Market conditions,Large,Synthetic Practice Data
Ather Energy,Chennai,Tamil Nadu,Automotive,109,0.201,2021-12-18,Late Stage,India,500,Recruiter,Human Resources,Full-time,Cost cutting,Startup,Synthetic Practice Data
Moglix,Noida,Uttar Pradesh,E-commerce,341,0.195,2023-08-28,Late Stage,India,650,Finance Analyst,Finance,Intern,Restructuring,Small,Synthetic Practice Data
BYJU'S,Bengaluru,Karnataka,EdTech,575,0.053,2022-03-22,Late Stage,India,5500,Product Manager,Product,Intern,Cost cutting,Startup,Synthetic Practice Data
Swiggy,Mumbai,Maharashtra,Food Delivery,430,0.197,2024-12-23,Post-IPO,India,3600,Recruiter,Human Resources,Intern,Strategic restructuring,Small,Synthetic Practice Data
Zomato,Bengaluru,Karnataka,Food Delivery,73,0.196,2024-09-04,Post-IPO,India,2500,Customer Support Executive,Customer Support,Full-time,Economic slowdown,Startup,Synthetic Practice Data
Unacademy,Jaipur,Rajasthan,EdTech,31,0.069,2022-12-29,Late Stage,India,800,Data Scientist,Data Science,Part-time,Market conditions,Enterprise,Synthetic Practice Data
Policybazaar,Gurugram,Haryana,Financial Services,369,0.042,2023-08-08,Post-IPO,India,800,Customer Support Executive,Customer Support,Part-time,Merger and acquisition,Small,Synthetic Practice Data
Myntra,Gurugram,Haryana,E-commerce,571,0.131,2025-07-31,Late Stage,India,500,Sales Executive,Sales,Intern,Funding issues,Medium,Synthetic Practice Data
Moglix,Bengaluru,Karnataka,E-commerce,63,0.142,2021-05-03,Late Stage,India,650,Product Manager,Product,Part-time,Funding issues,Large,Synthetic Practice Data
Paytm,Bengaluru,Karnataka,FinTech,1086,0.117,2024-07-03,Post-IPO,India,5000,Senior Software Engineer,Engineering,Full-time,Cost cutting,Enterprise,Synthetic Practice Data
Razorpay,Mumbai,Maharashtra,FinTech,688,0.034,2022-07-24,Late Stage,India,800,Customer Support Executive,Customer Support,Contract,Performance optimization,Enterprise,Synthetic Practice Data
Curefit,Mumbai,Maharashtra,HealthTech,269,0.104,2021-02-25,Late Stage,India,700,Project Manager,Project Management,Intern,Funding issues,Medium,Synthetic Practice Data
Wipro,Bengaluru,Karnataka,IT Services,86,0.062,2024-03-28,Post-IPO,India,0,Product Manager,Product,Part-time,Economic slowdown,Large,Synthetic Practice Data
Udaan,Mumbai,Maharashtra,,633,0.129,2023-11-30,Late Stage,India,1200,HR Executive,Human Resources,Intern,Merger and acquisition,Enterprise,Synthetic Practice Data
OYO,Gurugram,Haryana,Travel,75,0.052,2022-12-31,Post-IPO,India,4300,Sales Executive,Sales,Intern,Performance optimization,Medium,Synthetic Practice Data
Lenskart,Bengaluru,Karnataka,Retail,161,0.14,2021-04-17,Late Stage,India,1500,Senior Software Engineer,Engineering,Contract,Performance optimization,Medium,Synthetic Practice Data
Policybazaar,New Delhi,Delhi,Financial Services,242,0.053,2025-11-02,Post-IPO,India,800,Data Scientist,Data Science,Intern,Performance optimization,Enterprise,Synthetic Practice Data
Accenture India,Mumbai,Maharashtra,IT Services,153,0.087,2022-02-14,Private,India,0,Finance Analyst,Finance,Intern,Strategic restructuring,Large,Synthetic Practice Data
CRED,Gurugram,Haryana,FinTech,228,0.073,2021-12-02,Late Stage,India,1000,Marketing Executive,Marketing,Intern,Market conditions,Large,Synthetic Practice Data
CRED,Gurugram,haryana,FinTech,640,0.092,2024-04-19,Late Stage,India,1000,Product Manager,Product,Full-time,Economic slowdown,Medium,Synthetic Practice Data
Unacademy,New Delhi,Delhi,EdTech,66,0.015,2023-03-15,Late Stage,India,800,Product Manager,Product,Full-time,Merger and acquisition,Enterprise,Synthetic Practice Data
Ather Energy,Bengaluru,Karnataka,Automotive,396,0.198,2026-04-28,Late Stage,India,500,Product Manager,Product,Intern,Funding issues,Medium,Synthetic Practice Data
TCS,Bengaluru,Karnataka,IT Services,189,0.117,2022-05-05,Post-IPO,India,0,Data Scientist,Data Science,Contract,Cost cutting,Large,Synthetic Practice Data
Infosys,Chennai,Tamil Nadu,IT Services,1119,0.028,2023-07-26,Post-IPO,India,0,Business Analyst,Business,Part-time,Economic slowdown,Small,Synthetic Practice Data
HCLTech,Chennai,Tamil Nadu,IT Services,673,0.135,2026-04-12,Post-IPO,India,0,Finance Analyst,Finance,Full-time,Automation,Small,Synthetic Practice Data
HCLTech,Hyderabad,Telangana,IT Services,468,0.057,2025-05-30,Post-IPO,India,0,Operations Executive,Operations,Intern,Business shutdown,Small,Synthetic Practice Data
PharmEasy,Mumbai,Maharashtra,HealthTech,26,0.191,2024-01-31,Late Stage,India,1200,Marketing Executive,Marketing,Intern,Funding issues,Startup,Synthetic Practice Data
Paytm,Mumbai,Maharashtra,FinTech,673,0.073,2026-05-22,Post-IPO,India,5000,DevOps Engineer,Engineering,Part-time,Funding issues,Large,Synthetic Practice Data
Zomato,Mumbai,Maharashtra,Food Delivery,949,0.051,2022-03-25,Post-IPO,India,2500,Operations Executive,Operations ,Contract,Restructuring,Large,Synthetic Practice Data
Udaan,Bengaluru,Karnataka,E-commerce,445,0.134,2022-10-17,Late Stage,India,1200,Project Manager,Project Management,Contract,Merger and acquisition,Large,Synthetic Practice Data
Razorpay,Gurugram,Haryana,FinTech,371,0.076,2021-09-05,Late Stage,India,800,Product Manager,Product,Contract,Cost cutting,Medium,Synthetic Practice Data
Unacademy,Jaipur,Rajasthan,EdTech,97,0.178,2021-10-10,Late Stage,India,800,Sales Executive,Sales,Part-time,Economic slowdown,Small,Synthetic Practice Data
Dream11,Gurugram,Haryana,Gaming,140,0.135,2021-12-23,Late Stage,India,1000,UI/UX Designer,Design,Full-time,Business shutdown,Enterprise,Synthetic Practice Data
PharmEasy,Bengaluru,Karnataka,HealthTech,345,0.134,2025-04-26,Late Stage,India,1200,senior software engineer,Engineering,Full-time,Business shutdown,Large,Synthetic Practice Data
HCLTech,Bengaluru,Karnataka,IT Services,224,0.134,2022-09-28,Post-IPO,India,0,Data Scientist,Data Science,Contract,Strategic restructuring,Medium,Synthetic Practice Data
Udaan,Gurugram,Haryana,E-commerce,310,0.17,2025-07-01,Late Stage,India,1200,Sales Executive,Sales,Part-time,Market conditions,Small,Synthetic Practice Data
PharmEasy,Mumbai,Maharashtra,HealthTech,517,0.03,2021-10-23,Late Stage,India,1200,UI/UX Designer,Design,Full-time,Business shutdown,Small,Synthetic Practice Data
HCLTech,Bengaluru,Karnataka,IT Services,1136,0.032,2026-04-09,Post-IPO,India,0,Operations Executive,Operations,Full-time,Economic slowdown,Small,Synthetic Practice Data
Ather Energy,Chennai,Tamil Nadu,Automotive,119,0.111,2026-03-02,Late Stage,India,500,Data Analyst,Analytics,Contract,Funding issues,Small,Synthetic Practice Data
TCS,Mumbai,Maharashtra,IT Services,665,0.079,2024-01-31,Post-IPO,India,0,Finance Analyst,Finance,Part-time,Automation,Small,Synthetic Practice Data
Dream11,Gurugram,Haryana,Gaming,470,0.11,2023-03-03,Late Stage,India,1000,Project Manager,Project Management,Full-time,Business shutdown,Small,Synthetic Practice Data
Ather Energy,Pune,Maharashtra,Automotive,564,0.103,2024-04-20,Late Stage,India,500,Business Analyst,Business,Intern,Market conditions,Large,Synthetic Practice Data
PhonePe,Bengaluru,Karnataka,FinTech,287,0.234,2026-02-24,Late Stage,India,2200,Marketing Executive,Marketing,Intern,Merger and acquisition,Medium,Synthetic Practice Data
ShareChat,New Delhi,Delhi,Social Media,48,0.065,2021-08-24,Late Stage,India,1300,Senior Software Engineer,Engineering,Part-time,Business shutdown,Small,Synthetic Practice Data
Unacademy,New Delhi,Delhi,EdTech,338,0.174,2022-10-21,Late Stage,India,800,Customer Support Executive,Customer Support,Part-time,Funding issues,Large,Synthetic Practice Data
Swiggy,New Delhi,Delhi,Food Delivery,610,0.115,2023-07-28,Post-IPO,India,3600,Senior Software Engineer,Engineering,Intern,Funding issues,Medium,Synthetic Practice Data
Zomato,Gurugram,Haryana,Food Delivery,493,0.203,2025-03-11,Post-IPO,India,2500,Customer Support Executive,Customer Support,Part-time,Performance optimization,Large,Synthetic Practice Data
Udaan,Bengaluru,Karnataka,E-commerce,104,0.112,2022-12-31,Late Stage,India,1200,DevOps Engineer,Engineering,Intern,Performance optimization,Large,Synthetic Practice Data
Razorpay,Mumbai,Maharashtra,FinTech,189,0.131,2025-04-05,Late Stage,India,800,Data Scientist,Data Science,Intern,Cost cutting,Startup,Synthetic Practice Data
Lenskart,New Delhi,Delhi,Retail,54,0.049,2025-08-17,Late Stage,India,1500,Product Manager,Product,Intern,Merger and acquisition,Startup,Synthetic Practice Data
Curefit,Bengaluru,Karnataka,HealthTech,16,0.198,2026-07-08,Late Stage,India,700,Marketing Executive,Marketing,Part-time,Cost cutting,Startup,Synthetic Practice Data
Ola,Chennai,Tamil Nadu,Transportation,211,0.166,2024-01-30,Late Stage,India,3200,DevOps Engineer,Engineering,Part-time,Economic slowdown,Medium,Synthetic Practice Data
HCLTech,Bengaluru,Karnataka,IT Services,858,0.108,2023-12-23,Post-IPO,India,0,Business Analyst,Business,Contract,Business shutdown,Medium,Synthetic Practice Data
CRED,Mumbai,Maharashtra,FinTech,56,0.108,2025-10-07,Late Stage,India,1000,Senior Software Engineer,Engineering,Full-time,Market conditions,Startup,Synthetic Practice Data
PhonePe,Bengaluru,Karnataka,FinTech,279,0.121,2023-12-15,Late Stage,India,2200,Operations Executive,Operations,Full-time,Performance optimization,Medium,Synthetic Practice Data
Tech Mahindra,Kolkata,West Bengal,IT Services,839,0.051,2021-09-08,Post-IPO,India,0,Senior Software Engineer,Engineering,Intern,Cost cutting,Enterprise,Synthetic Practice Data
Policybazaar,Mumbai,Maharashtra,Financial Services,546,0.063,2024-06-06,Post-IPO,India,800,Data Analyst,Analytics,Contract,Automation,Medium,Synthetic Practice Data
Paytm,New Delhi,Delhi,FinTech,479,0.055,2022-05-05,Post-IPO,India,5000,HR Executive,Human Resources,Contract,Performance optimization,Medium,Synthetic Practice Data
Ola,Chennai,Tamil Nadu,Transportation,160,0.128,2024-11-05,Late Stage,India,3200,HR Executive,Human Resources,Contract,Business shutdown,Medium,Synthetic Practice Data
Paytm,Mumbai,Maharashtra,FinTech,646,0.024,2022-01-06,Post-IPO,India,5000,Product Manager,Product,Part-time,Market conditions,Medium,Synthetic Practice Data
Zomato,Mumbai,Maharashtra,Food Delivery,256,0.203,2022-06-04,Post-IPO,India,2500,Operations Executive,Operations,Full-time,Cost cutting,Small,Synthetic Practice Data
Meesho,Bengaluru,Karnataka,E-commerce,660,0.037,2025-05-03,Late Stage,India,1200,Project Manager,Project Management,Part-time,Strategic restructuring,Small,Synthetic Practice Data
Policybazaar,Gurugram,Haryana,Financial Services,974,0.038,2026-08-02,Post-IPO,India,800,DevOps Engineer,Engineering,Intern,Automation,Enterprise,Synthetic Practice Data
Zomato,Bengaluru,Karnataka,Food Delivery,1067,0.078,2022-07-17,Post-IPO,India,2500,HR Executive,Human Resources,Intern,Automation,Medium,Synthetic Practice Data
Ather Energy,Pune,Maharashtra,Automotive,173,0.061,2022-08-22,Late Stage,India,500,Data Analyst,Analytics,Intern,Automation,Medium,Synthetic Practice Data
PhonePe,Bengaluru,Karnataka,FinTech,379,0.116,2024-12-29,Late Stage,India,2200,Senior Software Engineer,Engineering,Part-time,Cost cutting,Medium,Synthetic Practice Data
Policybazaar,Gurugram,Haryana,Financial Services,1039,0.01,2022-04-15,Post-IPO,India,800,Customer Support Executive,Customer Support,Part-time,Market conditions,Enterprise,Synthetic Practice Data
Wipro,Kolkata,West Bengal,IT Services,1146,0.086,2024-05-13,Post-IPO,India,0,Sales Executive,Sales,Full-time,Economic slowdown,Small,Synthetic Practice Data
Swiggy,Bengaluru,Karnataka,Food Delivery,452,0.21,2024-02-15,Post-IPO,India,3600,Operations Executive,Operations,Contract,Automation,Small,Synthetic Practice Data
Ather Energy,Chennai,Tamil Nadu,Automotive,225,0.19,2024-03-30,Late Stage,India,500,Customer Support Executive,Customer Support,Contract,Strategic restructuring,Enterprise,Synthetic Practice Data
Paytm,Noida,Uttar Pradesh,FinTech,331,0.131,2022-12-31,Post-IPO,India,5000,Senior Software Engineer,Engineering,Full-time,Economic slowdown,Startup,Synthetic Practice Data
Tech Mahindra,Bengaluru,Karnataka,IT Services,1063,0.041,2025-03-01,Post-IPO,India,0,Senior Software Engineer,Engineering,Full-time,Cost cutting,Large,Synthetic Practice Data
ShareChat,Mumbai,Maharashtra,Social Media,512,0.015,2021-08-19,Late Stage,India,1300,HR Executive,,Contract,Performance optimization,Enterprise,Synthetic Practice Data
Moglix,Bengaluru,Karnataka,E-commerce,264,0.065,2026-02-17,Late Stage,India,650,Data Analyst,Analytics,Full-time,Business shutdown,Small,Synthetic Practice Data
Dream11,Bengaluru,Karnataka,Gaming,268,0.07,2024-05-22,Late Stage,India,1000,Sales Executive,Sales,Intern,Merger and acquisition,Enterprise,Synthetic Practice Data
Paytm,Mumbai,Maharashtra,FinTech,604,0.073,2025-12-30,Post-IPO,India,5000,Marketing Executive,Marketing,Full-time,Strategic restructuring,Enterprise,Synthetic Practice Data
Policybazaar,New Delhi,Delhi,Financial Services,357,0.16,2025-11-14,Post-IPO,India,800,Software Engineer,Engineering,Intern,Economic slowdown,Startup,Synthetic Practice Data
PhonePe,Bengaluru,Karnataka,FinTech,245,0.171,2023-04-07,Late Stage,India,2200,Recruiter,Human Resources,Part-time,Business shutdown,Small,Synthetic Practice Data
Ola,New Delhi,Delhi,Transportation,420,0.162,2023-06-16,Late Stage,India,3200,Data Analyst,Analytics,Contract,Market conditions,Small,Synthetic Practice Data
Myntra,Gurugram,Haryana,E-commerce,291,0.176,2026-08-23,Late Stage,India,500,Product Manager,Product,Part-time,Business shutdown,Large,Synthetic Practice Data
Udaan,Bengaluru,Karnataka,E-commerce,204,0.212,2022-06-02,Late Stage,India,1200,QA Engineer,Quality Assurance,Contract,Performance optimization,Enterprise,Synthetic Practice Data
ShareChat,Bengaluru,Karnataka,Social Media,604,0.11,2023-06-18,Late Stage,India,1300,Marketing Executive,Marketing,Full-time,Restructuring,Small,Synthetic Practice Data
Swiggy,Mumbai,Maharashtra,Food Delivery,1171,0.118,2023-12-08,Post-IPO,India,3600,Customer Support Executive,Customer Support,Full-time,Funding issues,Large,Synthetic Practice Data
Razorpay,Mumbai,Maharashtra,FinTech,344,0.098,2025-04-02,Late Stage,India,800,Business Analyst,Business,Intern,Business shutdown,Large,Synthetic Practice Data
Unacademy,Bengaluru,Karnataka,EdTech,380,0.161,2026-05-18,Late Stage,India,800,Customer Support Executive,Customer Support,Full-time,Performance optimization,Enterprise,Synthetic Practice Data
Myntra,Bengaluru,Karnataka,E-commerce,483,0.174,2024-11-30,Late Stage,India,500,Product Manager,Product,Intern,,Large,Synthetic Practice Data
Dream11,Gurugram,Haryana,Gaming,174,0.062,2023-11-02,Late Stage,India,1000,UI/UX Designer,Design,Contract,Performance optimization,Startup,Synthetic Practice Data
Meesho,Bengaluru,Karnataka,E-commerce,10,0.073,2023-04-06,Late Stage,India,1200,UI/UX Designer,Design,Intern,Economic slowdown,Medium,Synthetic Practice Data
Razorpay,Gurugram,Haryana,FinTech,186,0.205,2024-02-05,Late Stage,India,800,Data Analyst,Analytics,intern,Funding issues,Medium,Synthetic Practice Data
HCLTech,Noida,Uttar Pradesh,IT Services,317,0.238,,Post-IPO,India,0,Marketing Executive,Marketing,Intern,Economic slowdown,Startup,Synthetic Practice Data
CRED,Bengaluru,Karnataka,FinTech,90,0.044,2024-03-15,Late Stage,India,1000,Project Manager,Project Management,Contract,Funding issues,Startup,Synthetic Practice Data
Ola,Bengaluru,Karnataka,Transportation,551,0.04,2023-02-24,Late Stage,India,3200,QA Engineer,Quality Assurance,Full-time,Business shutdown,Small,Synthetic Practice Data
Accenture India,Mumbai,Maharashtra,IT Services,165,0.048,2022-06-12,Private,India,0,Software Engineer,Engineering,Intern,Strategic restructuring,Small,Synthetic Practice Data
Flipkart,Kolkata,West Bengal,E-commerce,456,0.214,2023-02-21,Late Stage,India,8700,Data Analyst,Analytics,Contract,Restructuring,Medium,Synthetic Practice Data
Tech Mahindra,Pune,Maharashtra,IT Services,899,0.054,2022-07-27,Post-IPO,India,0,Marketing Executive,Marketing,Part-time,Performance optimization,Medium,Synthetic Practice Data
Flipkart,Gurugram,Haryana,E-commerce,648,0.121,2021-02-08,Late Stage,India,8700,UI/UX Designer,Design,Contract,Economic slowdown,Startup,Synthetic Practice Data
Accenture India,Hyderabad,Telangana,IT Services,176,0.024,2026-01-13,Private,India,0,Finance Analyst,Finance,Full-time,Market conditions,Enterprise,Synthetic Practice Data
BYJU'S,Bengaluru,Karnataka,EdTech,286,0.211,2022-03-15,Late Stage,India,5500,DevOps Engineer,Engineering,Full-time,Funding issues ,Enterprise,Synthetic Practice Data
OYO,Mumbai,Maharashtra,Travel,181,0.126,2026-01-10,Post-IPO,India,4300,Marketing Executive,Marketing,Contract,Restructuring,Large,Synthetic Practice Data
Ola,Chennai,Tamil Nadu,Transportation,382,0.243,2023-04-07,Late Stage,India,3200,Data Scientist,Data Science,Part-time,Automation,Startup,Synthetic Practice Data
CRED,Gurugram,Haryana,FinTech,461,0.038,2025-01-06,Late Stage,India,1000,Data Scientist,Data Science,Intern,Economic slowdown,Enterprise,Synthetic Practice Data
Razorpay,Bengaluru,Karnataka,FinTech,327,0.119,2026-04-29,Late Stage,India,800,Data Analyst,Analytics,Contract,Economic slowdown,Enterprise,Synthetic Practice Data
OYO,Bengaluru,Karnataka,Travel,498,0.194,2023-08-07,Post-IPO,India,4300,Finance Analyst,,Intern,Merger and acquisition,Small,Synthetic Practice Data
Udaan,Gurugram,Haryana,E-commerce,134,0.247,2022-07-23,Late Stage,India,1200,UI/UX Designer,Design,Contract,Performance optimization,Large,Synthetic Practice Data
Infosys,Hyderabad,Telangana,IT Services,655,0.075,2021-06-04,Post-IPO,India,0,UI/UX Designer,Design,Full-time,Cost cutting,Medium,Synthetic Practice Data
Curefit,Mumbai,Maharashtra,HealthTech,451,0.105,2023-08-20,Late Stage,India,700,Sales Executive,Sales,Part-time,Funding issues,Enterprise,Synthetic Practice Data
BYJU'S,Bengaluru,Karnataka,EdTech,346,0.166,2024-11-28,Late Stage,India,5500,Sales Executive,Sales,Intern,Merger and acquisition,Small,Synthetic Practice Data
Razorpay,Mumbai,Maharashtra,FinTech,542,0.057,2023-01-07,Late Stage,India,800,Product Manager,Product,Contract,Funding issues,Enterprise,Synthetic Practice Data
Paytm,New Delhi,Delhi,FinTech,371,0.216,2022-10-06,Post-IPO,India,5000,Business Analyst,Business,Intern,Funding issues,Enterprise,Synthetic Practice Data
HCLTech,Chennai,Tamil Nadu,IT Services,1112,0.043,2021-06-10,Post-IPO,India,0,Product Manager,Product,Full-time,Economic slowdown,Medium,Synthetic Practice Data
Meesho,Bengaluru,Karnataka,E-commerce,237,0.16,2025-04-12,Late Stage,India,1200,Senior Software Engineer,Engineering,Contract,Merger and acquisition,Medium,Synthetic Practice Data
Moglix,Mumbai,Maharashtra,E-commerce,348,0.073,2025-07-26,Late Stage,India,650,HR Executive,Human Resources,Part-time,Economic slowdown,Enterprise,Synthetic Practice Data
Ola,Mumbai,Maharashtra,Transportation,675,0.044,2022-07-22,Late Stage,India,3200,Recruiter,Human Resources,Part-time,Merger and acquisition,Startup,Synthetic Practice Data
PharmEasy,Mumbai,Maharashtra,HealthTech,18,0.067,2025-03-24,Late Stage,India,1200,Customer Support Executive,Customer Support,Part-time,Economic slowdown,Large,Synthetic Practice Data
Dream11,Mumbai,Maharashtra,Gaming,301,0.056,2024-05-24,Late Stage,India,1000,Product Manager,Product,Part-time,Strategic restructuring,Enterprise,Synthetic Practice Data
Tech Mahindra,Bengaluru,Karnataka,IT Services,274,0.17,2024-03-24,Post-IPO,India,0,HR Executive,Human Resources,Intern,Market conditions,Small,Synthetic Practice Data
Ather Energy,Bengaluru,Karnataka,Automotive,312,0.179,2024-09-16,Late Stage,India,500,Project Manager,Project Management,Part-time,Automation,Medium,Synthetic Practice Data
Tech Mahindra,Bengaluru,Karnataka,IT Services,780,0.083,2023-10-27,Post-IPO,India,0,UI/UX designer,Design,Contract,Automation,Large,Synthetic Practice Data
BYJU'S,Gurugram,Haryana,EdTech,387,0.246,2022-12-18,Late Stage,India,5500,Sales Executive,Sales,Contract,Business shutdown,Small,Synthetic Practice Data
Dream11,Bengaluru,Karnataka ,Gaming,655,0.065,2025-01-02,Late Stage,India,1000,Finance Analyst,Finance,Intern,Merger and acquisition,Large,Synthetic Practice Data
Infosys,Hyderabad,Telangana,IT Services,1099,0.137,2022-04-06,Post-IPO,India,0,Product Manager,Product,Intern,Performance optimization,Large,Synthetic Practice Data
Paytm,Noida,Uttar Pradesh,FinTech,398,0.246,2026-05-10,Post-IPO,India,5000,Marketing Executive,Marketing,Full-time,Funding issues,Small,Synthetic Practice Data
Ather Energy,Bengaluru,Karnataka,Automotive,275,0.237,2022-10-02,Late Stage,India,500,Business Analyst,Business,Full-time,Cost cutting,Small,Synthetic Practice Data
 Razorpay,Bengaluru,Karnataka,FinTech,276,0.156,2025-04-16,Late Stage,India,800,Marketing Executive,Marketing,Part-time,Performance optimization,Small,Synthetic Practice Data
Ather Energy,Chennai,Tamil Nadu,Automotive,436,0.234,2022-05-09,Late Stage,India,500,Sales Executive,Sales,Intern,Performance optimization,Enterprise,Synthetic Practice Data
Myntra,Gurugram,Haryana,E-commerce,482,0.047,2024-05-14,Late Stage,India,500,HR Executive,Human Resources,Full-time,Strategic restructuring,Large,Synthetic Practice Data
Moglix,Bengaluru,Karnataka,E-commerce,204,0.211,2026-04-25,Late Stage,India,650,UI/UX Designer,Design,Intern,Merger and acquisition,Medium,Synthetic Practice Data
PhonePe,Bengaluru,Karnataka,FinTech,160,0.031,2025-05-08,Late Stage,India,2200,Sales Executive,Sales,Part-time,Restructuring,Startup,Synthetic Practice Data
CRED,Bengaluru,Karnataka,FinTech,501,0.128,2022-07-15,Late Stage,India,1000,Product Manager,Product,Part-time,Business shutdown,Large,Synthetic Practice Data
ShareChat,New Delhi,Delhi,Social Media,492,0.051,2024-01-30,Late Stage,India,1300,DevOps Engineer,Engineering,Part-time,Funding issues,Enterprise,Synthetic Practice Data
Myntra,Bengaluru,Karnataka,E-commerce,327,0.212,2025-11-14,Late Stage,India,500,Sales Executive,Sales,Part-time,Business shutdown,Small,Synthetic Practice Data
Tech Mahindra,Pune,Maharashtra,IT Services,422,0.119,2021-11-27,Post-IPO,India,0,Project Manager,Project Management,Contract,Business shutdown,Small,Synthetic Practice Data
CRED,Mumbai,Maharashtra,FinTech,235,0.181,2022-01-02,Late Stage,India,1000,Business Analyst,Business,Contract,Merger and acquisition,Small,Synthetic Practice Data
TCS,Mumbai,Maharashtra,IT Services,724,0.05,2021-02-04,Post-IPO,India,0,UI/UX Designer,Design,contract,Automation,Large,Synthetic Practice Data
Swiggy,Bengaluru,Karnataka,Food Delivery,751,0.131,2021-07-15,Post-IPO,India,3600,Business Analyst,Business,Part-time,Funding issues,Medium,Synthetic Practice Data
CRED,Mumbai,Maharashtra,FinTech,531,0.052,2025-07-16,Late Stage,India,1000,Project Manager,Project Management,Part-time,Cost cutting,Enterprise,Synthetic Practice Data
BYJU'S,Bengaluru,Karnataka,EdTech,548,0.107,2026-07-20,Late Stage,India,5500,Recruiter,Human Resources,Part-time,Automation,Medium,Synthetic Practice Data
Myntra,Gurugram,Haryana,E-commerce,162,0.168,2022-11-17,Late Stage,India,500,DevOps Engineer,Engineering,Full-time,Strategic restructuring,Medium,Synthetic Practice Data
Swiggy,Mumbai,Maharashtra,Food Delivery,1146,0.046,2025-04-13,Post-IPO,India,3600,Customer Support Executive,Customer Support,Full-time,Economic slowdown,Large,Synthetic Practice Data
Curefit,Hyderabad,Telangana,HealthTech,311,0.123,2021-11-02,Late Stage,India,700,Business Analyst,Business,Contract,Economic slowdown,Small,Synthetic Practice Data
Freshworks,Bengaluru,Karnataka,SaaS,808,0.135,2024-09-25,Post-IPO,India,484,Software Engineer,Engineering,Full-time,Merger and acquisition,Startup,Synthetic Practice Data
PhonePe,Bengaluru,Karnataka,,83,0.025,2024-11-02,Late Stage,India,2200,Customer Support Executive,Customer Support,Part-time,Funding issues,Large,Synthetic Practice Data
Dream11,Mumbai,Maharashtra,Gaming,536,0.043,2026-06-12,Late Stage,India,1000,Recruiter,Human Resources,Full-time,Performance optimization,Enterprise,Synthetic Practice Data
HCLTech,Noida,Uttar Pradesh,IT Services,719,0.06,2024-04-10,Post-IPO,India,0,Product Manager,Product,Full-time,Merger and acquisition,Enterprise,Synthetic Practice Data
Paytm,Noida,Uttar Pradesh,FinTech,760,0.121,2026-04-24,Post-IPO,India,5000,Marketing Executive,Marketing,Full-time,Performance optimization,Startup,Synthetic Practice Data
Lenskart,Bengaluru,Karnataka,Retail,27,0.11,2022-12-03,Late Stage,India,1500,Customer Support Executive,Customer Support,Part-time,Economic slowdown,Small,Synthetic Practice Data
OYO,Gurugram,Haryana,Travel,842,0.023,2025-08-11,Post-IPO,India,4300,HR Executive,Human Resources,Intern,Performance optimization,Enterprise,Synthetic Practice Data
Curefit,Mumbai,Maharashtra,HealthTech,630,0.014,2021-04-05,Late Stage,India,700,QA Engineer,Quality Assurance,Contract,Merger and acquisition,Enterprise,Synthetic Practice Data
Ola,Bengaluru,Karnataka,Transportation,623,0.023,2026-01-10,Late Stage,India,3200,Sales Executive,Sales,Part-time,Automation,Medium,Synthetic Practice Data
TCS,Hyderabad,Telangana,IT Services,1123,0.079,2024-09-29,Post-IPO,India,0,Senior Software Engineer,Engineering,Part-time,Restructuring,Startup,Synthetic Practice Data
Myntra,Gurugram,Haryana,E-commerce,699,0.121,2023-04-15,Late Stage,India,500,Business Analyst,Business,Intern,Performance optimization,Large,Synthetic Practice Data
Tech Mahindra,Kolkata,West Bengal,IT Services,783,0.012,2024-11-13,Post-IPO,India,0,Sales Executive,Sales,Intern,Funding issues,Medium,Synthetic Practice Data
PharmEasy,New Delhi,Delhi,HealthTech,176,0.155,2024-08-15,Late Stage,India,1200,Operations Executive,Operations,Part-time,Cost cutting,Startup,Synthetic Practice Data
Moglix,Noida,Uttar Pradesh,E-commerce,351,0.076,2022-05-31,Late Stage,India,650,Software Engineer,Engineering,Full-time,Strategic restructuring,Small,Synthetic Practice Data
Lenskart,Mumbai,Maharashtra,Retail,582,0.028,2021-11-21,Late Stage,India,1500,,Finance,Intern,Economic slowdown,Enterprise,Synthetic Practice Data
TCS,Bengaluru,Karnataka,IT Services,44,0.059,2025-07-21,Post-IPO,India,0,HR Executive,Human Resources,Contract,Automation,Enterprise,Synthetic Practice Data
Dream11,Gurugram,Haryana,Gaming,290,0.041,2025-01-16,Late Stage,India,1000,HR Executive,Human Resources,Contract,Business shutdown,Startup,Synthetic Practice Data
Moglix,Mumbai,Maharashtra,E-commerce,504,0.042,2023-12-17,Late Stage,India,650,Project Manager,Project Management,Part-time,Business shutdown,Startup,Synthetic Practice Data
Tech Mahindra,Kolkata,West Bengal,IT Services,1141,0.13,2023-06-10,Post-IPO,India,0,UI/UX Designer,Design,Part-time,Performance optimization,Small,Synthetic Practice Data
Tech Mahindra,Kolkata,West Bengal,IT Services,815,0.095,2021-03-05,Post-IPO,India,0,Marketing Executive,Marketing,Contract,Merger and acquisition,Small,Synthetic Practice Data
Flipkart,Mumbai,Maharashtra,E-commerce,648,0.137,2026-01-04,Late Stage,India,8700,DevOps Engineer,Engineering,Part-time,Automation,Medium,Synthetic Practice Data
Infosys,Bengaluru,Karnataka,IT Services,41,0.193,2025-10-03,Post-IPO,India,0,HR Executive,Human Resources,Intern,Merger and acquisition,Small,Synthetic Practice Data
Tech Mahindra,Bengaluru,Karnataka,IT Services,450,0.143,2021-01-06,Post-IPO,India,0,Senior Software Engineer,Engineering,Contract,Funding issues,Enterprise,Synthetic Practice Data
Freshworks,Hyderabad,Telangana,SaaS,537,0.079,2024-03-17,Post-IPO,India,484,Business Analyst,Business,Contract,Performance optimization,Small,Synthetic Practice Data
Dream11,Bengaluru,Karnataka,Gaming,134,0.111,2022-03-11,Late Stage,India,1000,Software Engineer,Engineering,Part-time,Funding issues,Small,Synthetic Practice Data
